{
  "parent": "minecraft:block/carved_pumpkin",
  "overrides": [
	{ "predicate": {"custom_model_data": 1}, "model": "custom:item/fiftylunarcredit"},
	{ "predicate": {"custom_model_data": 2}, "model": "custom:item/fivelunarcredit"},
	{ "predicate": {"custom_model_data": 3}, "model": "custom:item/gold_crown"},
	{ "predicate": {"custom_model_data": 4}, "model": "custom:item/grianhat"},
	{ "predicate": {"custom_model_data": 5}, "model": "custom:item/onehundredlunarcredit"},
	{ "predicate": {"custom_model_data": 6}, "model": "custom:item/pumpkindude"},
	{ "predicate": {"custom_model_data": 7}, "model": "custom:item/purplecrown"},
	{ "predicate": {"custom_model_data": 8}, "model": "custom:item/redcrown"},
	{ "predicate": {"custom_model_data": 9}, "model": "custom:item/scarsbighat"},
	{ "predicate": {"custom_model_data": 10}, "model": "custom:item/scarspiratehat"},
	{ "predicate": {"custom_model_data": 11}, "model": "custom:item/tangoshood"},
	{ "predicate": {"custom_model_data": 12}, "model": "custom:item/tcgpyramid"},
	{ "predicate": {"custom_model_data": 13}, "model": "custom:item/tenlunarcredit"},
	{ "predicate": {"custom_model_data": 14}, "model": "custom:item/twentyfivelunarcredit"},
	{ "predicate": {"custom_model_data": 15}, "model": "custom:item/plushiedocm"},
	{ "predicate": {"custom_model_data": 16}, "model": "custom:item/plushiegeminitay"},
	{ "predicate": {"custom_model_data": 17}, "model": "custom:item/plushiegrian"},
	{ "predicate": {"custom_model_data": 18}, "model": "custom:item/plushiegrumbot"},
	{ "predicate": {"custom_model_data": 19}, "model": "custom:item/plushiegtwscar"},
	{ "predicate": {"custom_model_data": 20}, "model": "custom:item/plushieimpulse"},
	{ "predicate": {"custom_model_data": 21}, "model": "custom:item/plushiejellie"},
	{ "predicate": {"custom_model_data": 22}, "model": "custom:item/plushiekeralis"},
	{ "predicate": {"custom_model_data": 23}, "model": "custom:item/plushiemumbo"},
	{ "predicate": {"custom_model_data": 24}, "model": "custom:item/plushiepearl"},
	{ "predicate": {"custom_model_data": 25}, "model": "custom:item/plushietango"},
	{ "predicate": {"custom_model_data": 26}, "model": "custom:item/plushiexisuma"},
	{ "predicate": {"custom_model_data": 27}, "model": "custom:item/plushiezombiecleo"},
	{ "predicate": {"custom_model_data": 28}, "model": "custom:item/treeprank"}

  ]
}