{
  "parent": "minecraft:item/generated",
  "textures": {
    "layer0": "minecraft:item/paper"
  },
  "overrides": [
    { "predicate": {"custom_model_data": 1}, "model": "custom:item/100"},
	{ "predicate": {"custom_model_data": 2}, "model": "custom:item/500"},
	{ "predicate": {"custom_model_data": 3}, "model": "custom:item/1000"},
	{ "predicate": {"custom_model_data": 4}, "model": "custom:item/5k"},
	{ "predicate": {"custom_model_data": 5}, "model": "custom:item/10k"},
	{ "predicate": {"custom_model_data": 6}, "model": "custom:item/50k"}
  ]
}