{
	"credit": "Made with Blockbench",
	"parent":"minecraft:item/carved_pumpkin",
	"texture_size": [64, 64],
	"textures": {
		"0": "custom:item/fiftylunarcredit"
		
	},
	"elements": [
		{
			"from": [23, 4, 4],
			"to": [24, 5, 12],
			"faces": {
				"north": {"uv": [14.5, 3.25, 14.75, 3.5], "texture": "#0"},
				"east": {"uv": [7.5, 10, 9.5, 10.25], "texture": "#0"},
				"south": {"uv": [3.5, 14.5, 3.75, 14.75], "texture": "#0"},
				"west": {"uv": [9.5, 10, 11.5, 10.25], "texture": "#0"},
				"up": {"uv": [7.75, 12.25, 7.5, 10.25], "texture": "#0"},
				"down": {"uv": [8, 10.25, 7.75, 12.25], "texture": "#0"}
			}
		},
		{
			"from": [22, 4, 1],
			"to": [23, 5, 4],
			"faces": {
				"north": {"uv": [14.5, 3.5, 14.75, 3.75], "texture": "#0"},
				"east": {"uv": [13, 3.5, 13.75, 3.75], "texture": "#0"},
				"south": {"uv": [3.75, 14.5, 4, 14.75], "texture": "#0"},
				"west": {"uv": [13, 3.75, 13.75, 4], "texture": "#0"},
				"up": {"uv": [10.75, 13.25, 10.5, 12.5], "texture": "#0"},
				"down": {"uv": [11, 12.5, 10.75, 13.25], "texture": "#0"}
			}
		},
		{
			"from": [21, 4, -1],
			"to": [22, 5, 1],
			"faces": {
				"north": {"uv": [3, 14.5, 3.25, 14.75], "texture": "#0"},
				"east": {"uv": [7.5, 12.25, 8, 12.5], "texture": "#0"},
				"south": {"uv": [3.25, 14.5, 3.5, 14.75], "texture": "#0"},
				"west": {"uv": [11.5, 13.75, 12, 14], "texture": "#0"},
				"up": {"uv": [14, 12.25, 13.75, 11.75], "texture": "#0"},
				"down": {"uv": [12.25, 13.75, 12, 14.25], "texture": "#0"}
			}
		},
		{
			"from": [20, 4, -2],
			"to": [21, 5, -1],
			"faces": {
				"north": {"uv": [14.5, 3.75, 14.75, 4], "texture": "#0"},
				"east": {"uv": [4, 14.5, 4.25, 14.75], "texture": "#0"},
				"south": {"uv": [14.5, 4, 14.75, 4.25], "texture": "#0"},
				"west": {"uv": [4.25, 14.5, 4.5, 14.75], "texture": "#0"},
				"up": {"uv": [14.75, 4.5, 14.5, 4.25], "texture": "#0"},
				"down": {"uv": [4.75, 14.5, 4.5, 14.75], "texture": "#0"}
			}
		},
		{
			"from": [19, 4, -3],
			"to": [20, 5, -2],
			"faces": {
				"north": {"uv": [14.5, 4.5, 14.75, 4.75], "texture": "#0"},
				"east": {"uv": [4.75, 14.5, 5, 14.75], "texture": "#0"},
				"south": {"uv": [14.5, 4.75, 14.75, 5], "texture": "#0"},
				"west": {"uv": [5, 14.5, 5.25, 14.75], "texture": "#0"},
				"up": {"uv": [14.75, 5.25, 14.5, 5], "texture": "#0"},
				"down": {"uv": [5.5, 14.5, 5.25, 14.75], "texture": "#0"}
			}
		},
		{
			"from": [18, 4, -4],
			"to": [19, 5, -3],
			"faces": {
				"north": {"uv": [14.5, 5.25, 14.75, 5.5], "texture": "#0"},
				"east": {"uv": [5.5, 14.5, 5.75, 14.75], "texture": "#0"},
				"south": {"uv": [14.5, 5.5, 14.75, 5.75], "texture": "#0"},
				"west": {"uv": [5.75, 14.5, 6, 14.75], "texture": "#0"},
				"up": {"uv": [14.75, 6, 14.5, 5.75], "texture": "#0"},
				"down": {"uv": [6.25, 14.5, 6, 14.75], "texture": "#0"}
			}
		},
		{
			"from": [17, 4, -5],
			"to": [18, 5, -4],
			"faces": {
				"north": {"uv": [14.5, 6, 14.75, 6.25], "texture": "#0"},
				"east": {"uv": [14.5, 6.25, 14.75, 6.5], "texture": "#0"},
				"south": {"uv": [6.5, 14.5, 6.75, 14.75], "texture": "#0"},
				"west": {"uv": [6.75, 14.5, 7, 14.75], "texture": "#0"},
				"up": {"uv": [7.25, 14.75, 7, 14.5], "texture": "#0"},
				"down": {"uv": [14.75, 7, 14.5, 7.25], "texture": "#0"}
			}
		},
		{
			"from": [15, 4, -6],
			"to": [17, 5, -5],
			"faces": {
				"north": {"uv": [12.25, 13.75, 12.75, 14], "texture": "#0"},
				"east": {"uv": [14.5, 7.25, 14.75, 7.5], "texture": "#0"},
				"south": {"uv": [13.75, 12.25, 14.25, 12.5], "texture": "#0"},
				"west": {"uv": [14.5, 7.5, 14.75, 7.75], "texture": "#0"},
				"up": {"uv": [13.25, 14, 12.75, 13.75], "texture": "#0"},
				"down": {"uv": [14.25, 13, 13.75, 13.25], "texture": "#0"}
			}
		},
		{
			"from": [12, 4, -7],
			"to": [15, 5, -6],
			"faces": {
				"north": {"uv": [13, 4, 13.75, 4.25], "texture": "#0"},
				"east": {"uv": [7.75, 14.5, 8, 14.75], "texture": "#0"},
				"south": {"uv": [13, 4.25, 13.75, 4.5], "texture": "#0"},
				"west": {"uv": [14.5, 7.75, 14.75, 8], "texture": "#0"},
				"up": {"uv": [5.25, 13.25, 4.5, 13], "texture": "#0"},
				"down": {"uv": [13.75, 4.5, 13, 4.75], "texture": "#0"}
			}
		},
		{
			"from": [4, 4, -8],
			"to": [12, 5, -7],
			"faces": {
				"north": {"uv": [8, 10.25, 10, 10.5], "texture": "#0"},
				"east": {"uv": [8, 14.5, 8.25, 14.75], "texture": "#0"},
				"south": {"uv": [10, 10.25, 12, 10.5], "texture": "#0"},
				"west": {"uv": [14.5, 8, 14.75, 8.25], "texture": "#0"},
				"up": {"uv": [12.5, 1.25, 10.5, 1], "texture": "#0"},
				"down": {"uv": [12.5, 1.25, 10.5, 1.5], "texture": "#0"}
			}
		},
		{
			"from": [1, 4, -7],
			"to": [4, 5, -6],
			"faces": {
				"north": {"uv": [13, 4.75, 13.75, 5], "texture": "#0"},
				"east": {"uv": [8.25, 14.5, 8.5, 14.75], "texture": "#0"},
				"south": {"uv": [13, 5, 13.75, 5.25], "texture": "#0"},
				"west": {"uv": [14.5, 8.25, 14.75, 8.5], "texture": "#0"},
				"up": {"uv": [13.75, 5.5, 13, 5.25], "texture": "#0"},
				"down": {"uv": [13.75, 5.5, 13, 5.75], "texture": "#0"}
			}
		},
		{
			"from": [-1, 4, -6],
			"to": [1, 5, -5],
			"faces": {
				"north": {"uv": [13.75, 13.25, 14.25, 13.5], "texture": "#0"},
				"east": {"uv": [8.5, 14.5, 8.75, 14.75], "texture": "#0"},
				"south": {"uv": [13.75, 13.5, 14.25, 13.75], "texture": "#0"},
				"west": {"uv": [14.5, 8.5, 14.75, 8.75], "texture": "#0"},
				"up": {"uv": [14.25, 14, 13.75, 13.75], "texture": "#0"},
				"down": {"uv": [0.5, 14, 0, 14.25], "texture": "#0"}
			}
		},
		{
			"from": [-2, 4, -5],
			"to": [-1, 5, -4],
			"faces": {
				"north": {"uv": [8.75, 14.5, 9, 14.75], "texture": "#0"},
				"east": {"uv": [14.5, 8.75, 14.75, 9], "texture": "#0"},
				"south": {"uv": [9, 14.5, 9.25, 14.75], "texture": "#0"},
				"west": {"uv": [14.5, 9, 14.75, 9.25], "texture": "#0"},
				"up": {"uv": [9.5, 14.75, 9.25, 14.5], "texture": "#0"},
				"down": {"uv": [14.75, 9.25, 14.5, 9.5], "texture": "#0"}
			}
		},
		{
			"from": [-3, 4, -4],
			"to": [-2, 5, -3],
			"faces": {
				"north": {"uv": [9.5, 14.5, 9.75, 14.75], "texture": "#0"},
				"east": {"uv": [9.75, 14.5, 10, 14.75], "texture": "#0"},
				"south": {"uv": [10, 14.5, 10.25, 14.75], "texture": "#0"},
				"west": {"uv": [10.25, 14.5, 10.5, 14.75], "texture": "#0"},
				"up": {"uv": [10.75, 14.75, 10.5, 14.5], "texture": "#0"},
				"down": {"uv": [14.75, 10.5, 14.5, 10.75], "texture": "#0"}
			}
		},
		{
			"from": [-4, 4, -3],
			"to": [-3, 5, -2],
			"faces": {
				"north": {"uv": [10.75, 14.5, 11, 14.75], "texture": "#0"},
				"east": {"uv": [14.5, 10.75, 14.75, 11], "texture": "#0"},
				"south": {"uv": [11, 14.5, 11.25, 14.75], "texture": "#0"},
				"west": {"uv": [14.5, 11, 14.75, 11.25], "texture": "#0"},
				"up": {"uv": [11.5, 14.75, 11.25, 14.5], "texture": "#0"},
				"down": {"uv": [14.75, 11.25, 14.5, 11.5], "texture": "#0"}
			}
		},
		{
			"from": [-5, 4, -2],
			"to": [-4, 5, -1],
			"faces": {
				"north": {"uv": [11.5, 14.5, 11.75, 14.75], "texture": "#0"},
				"east": {"uv": [11.75, 14.5, 12, 14.75], "texture": "#0"},
				"south": {"uv": [14.5, 11.75, 14.75, 12], "texture": "#0"},
				"west": {"uv": [14.5, 12, 14.75, 12.25], "texture": "#0"},
				"up": {"uv": [12.5, 14.75, 12.25, 14.5], "texture": "#0"},
				"down": {"uv": [14.75, 12.25, 14.5, 12.5], "texture": "#0"}
			}
		},
		{
			"from": [-6, 4, -1],
			"to": [-5, 5, 1],
			"faces": {
				"north": {"uv": [12.5, 14.5, 12.75, 14.75], "texture": "#0"},
				"east": {"uv": [14, 0, 14.5, 0.25], "texture": "#0"},
				"south": {"uv": [14.5, 12.5, 14.75, 12.75], "texture": "#0"},
				"west": {"uv": [14, 0.25, 14.5, 0.5], "texture": "#0"},
				"up": {"uv": [13.5, 14.25, 13.25, 13.75], "texture": "#0"},
				"down": {"uv": [0.75, 14, 0.5, 14.5], "texture": "#0"}
			}
		},
		{
			"from": [-7, 4, 1],
			"to": [-6, 5, 4],
			"faces": {
				"north": {"uv": [13, 14.5, 13.25, 14.75], "texture": "#0"},
				"east": {"uv": [13, 5.75, 13.75, 6], "texture": "#0"},
				"south": {"uv": [13.25, 14.5, 13.5, 14.75], "texture": "#0"},
				"west": {"uv": [13, 6, 13.75, 6.25], "texture": "#0"},
				"up": {"uv": [2.25, 13.75, 2, 13], "texture": "#0"},
				"down": {"uv": [2.5, 13, 2.25, 13.75], "texture": "#0"}
			}
		},
		{
			"from": [-8, 4, 4],
			"to": [-7, 5, 12],
			"faces": {
				"north": {"uv": [13.5, 14.5, 13.75, 14.75], "texture": "#0"},
				"east": {"uv": [10.5, 1.5, 12.5, 1.75], "texture": "#0"},
				"south": {"uv": [13.75, 14.5, 14, 14.75], "texture": "#0"},
				"west": {"uv": [10.5, 1.75, 12.5, 2], "texture": "#0"},
				"up": {"uv": [8.25, 12.5, 8, 10.5], "texture": "#0"},
				"down": {"uv": [8.5, 10.5, 8.25, 12.5], "texture": "#0"}
			}
		},
		{
			"from": [22, 4, 12],
			"to": [23, 5, 15],
			"faces": {
				"north": {"uv": [14, 14.5, 14.25, 14.75], "texture": "#0"},
				"east": {"uv": [13, 6.25, 13.75, 6.5], "texture": "#0"},
				"south": {"uv": [14.25, 14.5, 14.5, 14.75], "texture": "#0"},
				"west": {"uv": [13, 7, 13.75, 7.25], "texture": "#0"},
				"up": {"uv": [5.5, 13.75, 5.25, 13], "texture": "#0"},
				"down": {"uv": [6.75, 13, 6.5, 13.75], "texture": "#0"}
			}
		},
		{
			"from": [21, 4, 15],
			"to": [22, 5, 17],
			"faces": {
				"north": {"uv": [14.5, 14.25, 14.75, 14.5], "texture": "#0"},
				"east": {"uv": [14, 0.5, 14.5, 0.75], "texture": "#0"},
				"south": {"uv": [14.5, 14.5, 14.75, 14.75], "texture": "#0"},
				"west": {"uv": [0.75, 14, 1.25, 14.25], "texture": "#0"},
				"up": {"uv": [14.25, 1.25, 14, 0.75], "texture": "#0"},
				"down": {"uv": [1.5, 14, 1.25, 14.5], "texture": "#0"}
			}
		},
		{
			"from": [20, 4, 17],
			"to": [21, 5, 18],
			"faces": {
				"north": {"uv": [0, 14.75, 0.25, 15], "texture": "#0"},
				"east": {"uv": [0.25, 14.75, 0.5, 15], "texture": "#0"},
				"south": {"uv": [0.5, 14.75, 0.75, 15], "texture": "#0"},
				"west": {"uv": [0.75, 14.75, 1, 15], "texture": "#0"},
				"up": {"uv": [15, 1, 14.75, 0.75], "texture": "#0"},
				"down": {"uv": [1.25, 14.75, 1, 15], "texture": "#0"}
			}
		},
		{
			"from": [19, 4, 18],
			"to": [20, 5, 19],
			"faces": {
				"north": {"uv": [14.75, 1, 15, 1.25], "texture": "#0"},
				"east": {"uv": [1.25, 14.75, 1.5, 15], "texture": "#0"},
				"south": {"uv": [1.5, 14.75, 1.75, 15], "texture": "#0"},
				"west": {"uv": [1.75, 14.75, 2, 15], "texture": "#0"},
				"up": {"uv": [15, 2.25, 14.75, 2], "texture": "#0"},
				"down": {"uv": [2.5, 14.75, 2.25, 15], "texture": "#0"}
			}
		},
		{
			"from": [18, 4, 19],
			"to": [19, 5, 20],
			"faces": {
				"north": {"uv": [14.75, 2.25, 15, 2.5], "texture": "#0"},
				"east": {"uv": [2.5, 14.75, 2.75, 15], "texture": "#0"},
				"south": {"uv": [14.75, 2.75, 15, 3], "texture": "#0"},
				"west": {"uv": [3, 14.75, 3.25, 15], "texture": "#0"},
				"up": {"uv": [15, 3.25, 14.75, 3], "texture": "#0"},
				"down": {"uv": [3.5, 14.75, 3.25, 15], "texture": "#0"}
			}
		},
		{
			"from": [17, 4, 20],
			"to": [18, 5, 21],
			"faces": {
				"north": {"uv": [14.75, 3.25, 15, 3.5], "texture": "#0"},
				"east": {"uv": [3.5, 14.75, 3.75, 15], "texture": "#0"},
				"south": {"uv": [14.75, 3.5, 15, 3.75], "texture": "#0"},
				"west": {"uv": [3.75, 14.75, 4, 15], "texture": "#0"},
				"up": {"uv": [15, 4, 14.75, 3.75], "texture": "#0"},
				"down": {"uv": [4.25, 14.75, 4, 15], "texture": "#0"}
			}
		},
		{
			"from": [15, 4, 21],
			"to": [17, 5, 22],
			"faces": {
				"north": {"uv": [14, 1.25, 14.5, 1.5], "texture": "#0"},
				"east": {"uv": [14.75, 4, 15, 4.25], "texture": "#0"},
				"south": {"uv": [1.5, 14, 2, 14.25], "texture": "#0"},
				"west": {"uv": [4.25, 14.75, 4.5, 15], "texture": "#0"},
				"up": {"uv": [14.5, 1.75, 14, 1.5], "texture": "#0"},
				"down": {"uv": [14.5, 1.75, 14, 2], "texture": "#0"}
			}
		},
		{
			"from": [12, 4, 22],
			"to": [15, 5, 23],
			"faces": {
				"north": {"uv": [13, 7.25, 13.75, 7.5], "texture": "#0"},
				"east": {"uv": [14.75, 4.25, 15, 4.5], "texture": "#0"},
				"south": {"uv": [7.5, 13, 8.25, 13.25], "texture": "#0"},
				"west": {"uv": [4.5, 14.75, 4.75, 15], "texture": "#0"},
				"up": {"uv": [13.75, 7.75, 13, 7.5], "texture": "#0"},
				"down": {"uv": [13.75, 7.75, 13, 8], "texture": "#0"}
			}
		},
		{
			"from": [4, 4, 23],
			"to": [12, 5, 24],
			"faces": {
				"north": {"uv": [10.5, 2, 12.5, 2.25], "texture": "#0"},
				"east": {"uv": [14.75, 4.5, 15, 4.75], "texture": "#0"},
				"south": {"uv": [10.5, 2.25, 12.5, 2.5], "texture": "#0"},
				"west": {"uv": [4.75, 14.75, 5, 15], "texture": "#0"},
				"up": {"uv": [12.5, 2.75, 10.5, 2.5], "texture": "#0"},
				"down": {"uv": [12.5, 2.75, 10.5, 3], "texture": "#0"}
			}
		},
		{
			"from": [1, 4, 22],
			"to": [4, 5, 23],
			"faces": {
				"north": {"uv": [13, 8, 13.75, 8.25], "texture": "#0"},
				"east": {"uv": [14.75, 4.75, 15, 5], "texture": "#0"},
				"south": {"uv": [8.25, 13, 9, 13.25], "texture": "#0"},
				"west": {"uv": [5, 14.75, 5.25, 15], "texture": "#0"},
				"up": {"uv": [13.75, 8.5, 13, 8.25], "texture": "#0"},
				"down": {"uv": [13.75, 8.5, 13, 8.75], "texture": "#0"}
			}
		},
		{
			"from": [-1, 4, 21],
			"to": [1, 5, 22],
			"faces": {
				"north": {"uv": [14, 2, 14.5, 2.25], "texture": "#0"},
				"east": {"uv": [14.75, 5, 15, 5.25], "texture": "#0"},
				"south": {"uv": [14, 2.25, 14.5, 2.5], "texture": "#0"},
				"west": {"uv": [5.25, 14.75, 5.5, 15], "texture": "#0"},
				"up": {"uv": [3.5, 14.25, 3, 14], "texture": "#0"},
				"down": {"uv": [4, 14, 3.5, 14.25], "texture": "#0"}
			}
		},
		{
			"from": [-7, 4, 12],
			"to": [-6, 5, 15],
			"faces": {
				"north": {"uv": [14.75, 5.25, 15, 5.5], "texture": "#0"},
				"east": {"uv": [13, 8.75, 13.75, 9], "texture": "#0"},
				"south": {"uv": [5.5, 14.75, 5.75, 15], "texture": "#0"},
				"west": {"uv": [13, 9, 13.75, 9.25], "texture": "#0"},
				"up": {"uv": [7, 13.75, 6.75, 13], "texture": "#0"},
				"down": {"uv": [13.25, 9.25, 13, 10], "texture": "#0"}
			}
		},
		{
			"from": [-6, 4, 15],
			"to": [-5, 5, 17],
			"faces": {
				"north": {"uv": [14.75, 5.5, 15, 5.75], "texture": "#0"},
				"east": {"uv": [4, 14, 4.5, 14.25], "texture": "#0"},
				"south": {"uv": [5.75, 14.75, 6, 15], "texture": "#0"},
				"west": {"uv": [4.5, 14, 5, 14.25], "texture": "#0"},
				"up": {"uv": [5.25, 14.5, 5, 14], "texture": "#0"},
				"down": {"uv": [5.5, 14, 5.25, 14.5], "texture": "#0"}
			}
		},
		{
			"from": [-5, 4, 17],
			"to": [-4, 5, 18],
			"faces": {
				"north": {"uv": [14.75, 5.75, 15, 6], "texture": "#0"},
				"east": {"uv": [6, 14.75, 6.25, 15], "texture": "#0"},
				"south": {"uv": [14.75, 6, 15, 6.25], "texture": "#0"},
				"west": {"uv": [6.25, 14.75, 6.5, 15], "texture": "#0"},
				"up": {"uv": [15, 6.5, 14.75, 6.25], "texture": "#0"},
				"down": {"uv": [6.75, 14.75, 6.5, 15], "texture": "#0"}
			}
		},
		{
			"from": [-4, 4, 18],
			"to": [-3, 5, 19],
			"faces": {
				"north": {"uv": [14.75, 6.5, 15, 6.75], "texture": "#0"},
				"east": {"uv": [6.75, 14.75, 7, 15], "texture": "#0"},
				"south": {"uv": [14.75, 6.75, 15, 7], "texture": "#0"},
				"west": {"uv": [7, 14.75, 7.25, 15], "texture": "#0"},
				"up": {"uv": [15, 7.25, 14.75, 7], "texture": "#0"},
				"down": {"uv": [7.5, 14.75, 7.25, 15], "texture": "#0"}
			}
		},
		{
			"from": [-3, 4, 19],
			"to": [-2, 5, 20],
			"faces": {
				"north": {"uv": [14.75, 7.25, 15, 7.5], "texture": "#0"},
				"east": {"uv": [7.5, 14.75, 7.75, 15], "texture": "#0"},
				"south": {"uv": [14.75, 7.5, 15, 7.75], "texture": "#0"},
				"west": {"uv": [7.75, 14.75, 8, 15], "texture": "#0"},
				"up": {"uv": [15, 8, 14.75, 7.75], "texture": "#0"},
				"down": {"uv": [8.25, 14.75, 8, 15], "texture": "#0"}
			}
		},
		{
			"from": [-2, 4, 20],
			"to": [-1, 5, 21],
			"faces": {
				"north": {"uv": [14.75, 8, 15, 8.25], "texture": "#0"},
				"east": {"uv": [8.25, 14.75, 8.5, 15], "texture": "#0"},
				"south": {"uv": [14.75, 8.25, 15, 8.5], "texture": "#0"},
				"west": {"uv": [8.5, 14.75, 8.75, 15], "texture": "#0"},
				"up": {"uv": [15, 8.75, 14.75, 8.5], "texture": "#0"},
				"down": {"uv": [9, 14.75, 8.75, 15], "texture": "#0"}
			}
		},
		{
			"from": [-2, 3, 20],
			"to": [-1, 4, 21],
			"faces": {
				"north": {"uv": [14.75, 8.75, 15, 9], "texture": "#0"},
				"east": {"uv": [9, 14.75, 9.25, 15], "texture": "#0"},
				"south": {"uv": [14.75, 9, 15, 9.25], "texture": "#0"},
				"west": {"uv": [9.25, 14.75, 9.5, 15], "texture": "#0"},
				"up": {"uv": [15, 9.5, 14.75, 9.25], "texture": "#0"},
				"down": {"uv": [9.75, 14.75, 9.5, 15], "texture": "#0"}
			}
		},
		{
			"from": [-3, 3, 19],
			"to": [-2, 4, 20],
			"faces": {
				"north": {"uv": [14.75, 9.5, 15, 9.75], "texture": "#0"},
				"east": {"uv": [9.75, 14.75, 10, 15], "texture": "#0"},
				"south": {"uv": [14.75, 9.75, 15, 10], "texture": "#0"},
				"west": {"uv": [10, 14.75, 10.25, 15], "texture": "#0"},
				"up": {"uv": [15, 10.25, 14.75, 10], "texture": "#0"},
				"down": {"uv": [10.5, 14.75, 10.25, 15], "texture": "#0"}
			}
		},
		{
			"from": [-4, 3, 18],
			"to": [-3, 4, 19],
			"faces": {
				"north": {"uv": [14.75, 10.25, 15, 10.5], "texture": "#0"},
				"east": {"uv": [10.5, 14.75, 10.75, 15], "texture": "#0"},
				"south": {"uv": [14.75, 10.5, 15, 10.75], "texture": "#0"},
				"west": {"uv": [10.75, 14.75, 11, 15], "texture": "#0"},
				"up": {"uv": [15, 11, 14.75, 10.75], "texture": "#0"},
				"down": {"uv": [11.25, 14.75, 11, 15], "texture": "#0"}
			}
		},
		{
			"from": [-5, 3, 17],
			"to": [-4, 4, 18],
			"faces": {
				"north": {"uv": [14.75, 11, 15, 11.25], "texture": "#0"},
				"east": {"uv": [11.25, 14.75, 11.5, 15], "texture": "#0"},
				"south": {"uv": [14.75, 11.25, 15, 11.5], "texture": "#0"},
				"west": {"uv": [11.5, 14.75, 11.75, 15], "texture": "#0"},
				"up": {"uv": [15, 11.75, 14.75, 11.5], "texture": "#0"},
				"down": {"uv": [12, 14.75, 11.75, 15], "texture": "#0"}
			}
		},
		{
			"from": [-7, 3, 12],
			"to": [-6, 4, 15],
			"faces": {
				"north": {"uv": [14.75, 11.75, 15, 12], "texture": "#0"},
				"east": {"uv": [9.5, 13, 10.25, 13.25], "texture": "#0"},
				"south": {"uv": [12, 14.75, 12.25, 15], "texture": "#0"},
				"west": {"uv": [11.5, 13, 12.25, 13.25], "texture": "#0"},
				"up": {"uv": [10.5, 13.75, 10.25, 13], "texture": "#0"},
				"down": {"uv": [11.25, 13, 11, 13.75], "texture": "#0"}
			}
		},
		{
			"from": [-1, 3, 21],
			"to": [1, 4, 22],
			"faces": {
				"north": {"uv": [5.5, 14, 6, 14.25], "texture": "#0"},
				"east": {"uv": [14.75, 12, 15, 12.25], "texture": "#0"},
				"south": {"uv": [6.75, 14, 7.25, 14.25], "texture": "#0"},
				"west": {"uv": [12.25, 14.75, 12.5, 15], "texture": "#0"},
				"up": {"uv": [7.75, 14.25, 7.25, 14], "texture": "#0"},
				"down": {"uv": [8.25, 14, 7.75, 14.25], "texture": "#0"}
			}
		},
		{
			"from": [1, 3, 22],
			"to": [4, 4, 23],
			"faces": {
				"north": {"uv": [13, 11.75, 13.75, 12], "texture": "#0"},
				"east": {"uv": [14.75, 12.25, 15, 12.5], "texture": "#0"},
				"south": {"uv": [13, 12, 13.75, 12.25], "texture": "#0"},
				"west": {"uv": [12.5, 14.75, 12.75, 15], "texture": "#0"},
				"up": {"uv": [13, 13.25, 12.25, 13], "texture": "#0"},
				"down": {"uv": [13.75, 12.25, 13, 12.5], "texture": "#0"}
			}
		},
		{
			"from": [4, 3, 23],
			"to": [12, 4, 24],
			"faces": {
				"north": {"uv": [10.5, 3, 12.5, 3.25], "texture": "#0"},
				"east": {"uv": [14.75, 12.5, 15, 12.75], "texture": "#0"},
				"south": {"uv": [10.5, 3.25, 12.5, 3.5], "texture": "#0"},
				"west": {"uv": [12.75, 14.75, 13, 15], "texture": "#0"},
				"up": {"uv": [10.5, 10.75, 8.5, 10.5], "texture": "#0"},
				"down": {"uv": [12.5, 10.5, 10.5, 10.75], "texture": "#0"}
			}
		},
		{
			"from": [12, 3, 22],
			"to": [15, 4, 23],
			"faces": {
				"north": {"uv": [13, 13, 13.75, 13.25], "texture": "#0"},
				"east": {"uv": [14.75, 12.75, 15, 13], "texture": "#0"},
				"south": {"uv": [0, 13.25, 0.75, 13.5], "texture": "#0"},
				"west": {"uv": [13, 14.75, 13.25, 15], "texture": "#0"},
				"up": {"uv": [1.5, 13.5, 0.75, 13.25], "texture": "#0"},
				"down": {"uv": [5.25, 13.25, 4.5, 13.5], "texture": "#0"}
			}
		},
		{
			"from": [15, 3, 21],
			"to": [17, 4, 22],
			"faces": {
				"north": {"uv": [14, 8.5, 14.5, 8.75], "texture": "#0"},
				"east": {"uv": [14.75, 13, 15, 13.25], "texture": "#0"},
				"south": {"uv": [14, 8.75, 14.5, 9], "texture": "#0"},
				"west": {"uv": [13.25, 14.75, 13.5, 15], "texture": "#0"},
				"up": {"uv": [9.5, 14.25, 9, 14], "texture": "#0"},
				"down": {"uv": [14.5, 9, 14, 9.25], "texture": "#0"}
			}
		},
		{
			"from": [17, 3, 20],
			"to": [18, 4, 21],
			"faces": {
				"north": {"uv": [14.75, 13.25, 15, 13.5], "texture": "#0"},
				"east": {"uv": [13.5, 14.75, 13.75, 15], "texture": "#0"},
				"south": {"uv": [14.75, 13.5, 15, 13.75], "texture": "#0"},
				"west": {"uv": [13.75, 14.75, 14, 15], "texture": "#0"},
				"up": {"uv": [15, 14, 14.75, 13.75], "texture": "#0"},
				"down": {"uv": [14.25, 14.75, 14, 15], "texture": "#0"}
			}
		},
		{
			"from": [18, 3, 19],
			"to": [19, 4, 20],
			"faces": {
				"north": {"uv": [14.75, 14, 15, 14.25], "texture": "#0"},
				"east": {"uv": [14.25, 14.75, 14.5, 15], "texture": "#0"},
				"south": {"uv": [14.75, 14.25, 15, 14.5], "texture": "#0"},
				"west": {"uv": [14.5, 14.75, 14.75, 15], "texture": "#0"},
				"up": {"uv": [15, 14.75, 14.75, 14.5], "texture": "#0"},
				"down": {"uv": [15, 14.75, 14.75, 15], "texture": "#0"}
			}
		},
		{
			"from": [19, 3, 18],
			"to": [20, 4, 19],
			"faces": {
				"north": {"uv": [0, 15, 0.25, 15.25], "texture": "#0"},
				"east": {"uv": [15, 0, 15.25, 0.25], "texture": "#0"},
				"south": {"uv": [0.25, 15, 0.5, 15.25], "texture": "#0"},
				"west": {"uv": [15, 0.25, 15.25, 0.5], "texture": "#0"},
				"up": {"uv": [0.75, 15.25, 0.5, 15], "texture": "#0"},
				"down": {"uv": [15.25, 0.5, 15, 0.75], "texture": "#0"}
			}
		},
		{
			"from": [20, 3, 17],
			"to": [21, 4, 18],
			"faces": {
				"north": {"uv": [0.75, 15, 1, 15.25], "texture": "#0"},
				"east": {"uv": [15, 0.75, 15.25, 1], "texture": "#0"},
				"south": {"uv": [1, 15, 1.25, 15.25], "texture": "#0"},
				"west": {"uv": [15, 1, 15.25, 1.25], "texture": "#0"},
				"up": {"uv": [1.5, 15.25, 1.25, 15], "texture": "#0"},
				"down": {"uv": [15.25, 1.25, 15, 1.5], "texture": "#0"}
			}
		},
		{
			"from": [21, 3, 15],
			"to": [22, 4, 17],
			"faces": {
				"north": {"uv": [1.5, 15, 1.75, 15.25], "texture": "#0"},
				"east": {"uv": [14, 9.25, 14.5, 9.5], "texture": "#0"},
				"south": {"uv": [15, 1.5, 15.25, 1.75], "texture": "#0"},
				"west": {"uv": [9.5, 14, 10, 14.25], "texture": "#0"},
				"up": {"uv": [14.25, 10, 14, 9.5], "texture": "#0"},
				"down": {"uv": [10.25, 14, 10, 14.5], "texture": "#0"}
			}
		},
		{
			"from": [-7, 3, 1],
			"to": [-6, 4, 4],
			"faces": {
				"north": {"uv": [1.75, 15, 2, 15.25], "texture": "#0"},
				"east": {"uv": [7.5, 13.25, 8.25, 13.5], "texture": "#0"},
				"south": {"uv": [15, 1.75, 15.25, 2], "texture": "#0"},
				"west": {"uv": [8.25, 13.25, 9, 13.5], "texture": "#0"},
				"up": {"uv": [1.75, 14, 1.5, 13.25], "texture": "#0"},
				"down": {"uv": [2, 13.25, 1.75, 14], "texture": "#0"}
			}
		},
		{
			"from": [-6, 3, -1],
			"to": [-5, 4, 1],
			"faces": {
				"north": {"uv": [2, 15, 2.25, 15.25], "texture": "#0"},
				"east": {"uv": [10.25, 14, 10.75, 14.25], "texture": "#0"},
				"south": {"uv": [15, 2, 15.25, 2.25], "texture": "#0"},
				"west": {"uv": [14, 11, 14.5, 11.25], "texture": "#0"},
				"up": {"uv": [11, 14.5, 10.75, 14], "texture": "#0"},
				"down": {"uv": [11.75, 14, 11.5, 14.5], "texture": "#0"}
			}
		},
		{
			"from": [-5, 3, -2],
			"to": [-4, 4, -1],
			"faces": {
				"north": {"uv": [2.25, 15, 2.5, 15.25], "texture": "#0"},
				"east": {"uv": [15, 2.25, 15.25, 2.5], "texture": "#0"},
				"south": {"uv": [2.5, 15, 2.75, 15.25], "texture": "#0"},
				"west": {"uv": [15, 2.5, 15.25, 2.75], "texture": "#0"},
				"up": {"uv": [3, 15.25, 2.75, 15], "texture": "#0"},
				"down": {"uv": [15.25, 2.75, 15, 3], "texture": "#0"}
			}
		},
		{
			"from": [-4, 3, -3],
			"to": [-3, 4, -2],
			"faces": {
				"north": {"uv": [3, 15, 3.25, 15.25], "texture": "#0"},
				"east": {"uv": [15, 3, 15.25, 3.25], "texture": "#0"},
				"south": {"uv": [3.25, 15, 3.5, 15.25], "texture": "#0"},
				"west": {"uv": [15, 3.25, 15.25, 3.5], "texture": "#0"},
				"up": {"uv": [3.75, 15.25, 3.5, 15], "texture": "#0"},
				"down": {"uv": [15.25, 3.5, 15, 3.75], "texture": "#0"}
			}
		},
		{
			"from": [-3, 3, -4],
			"to": [-2, 4, -3],
			"faces": {
				"north": {"uv": [3.75, 15, 4, 15.25], "texture": "#0"},
				"east": {"uv": [15, 3.75, 15.25, 4], "texture": "#0"},
				"south": {"uv": [4, 15, 4.25, 15.25], "texture": "#0"},
				"west": {"uv": [15, 4, 15.25, 4.25], "texture": "#0"},
				"up": {"uv": [4.5, 15.25, 4.25, 15], "texture": "#0"},
				"down": {"uv": [15.25, 4.25, 15, 4.5], "texture": "#0"}
			}
		},
		{
			"from": [-2, 3, -5],
			"to": [-1, 4, -4],
			"faces": {
				"north": {"uv": [4.5, 15, 4.75, 15.25], "texture": "#0"},
				"east": {"uv": [15, 4.5, 15.25, 4.75], "texture": "#0"},
				"south": {"uv": [4.75, 15, 5, 15.25], "texture": "#0"},
				"west": {"uv": [15, 4.75, 15.25, 5], "texture": "#0"},
				"up": {"uv": [5.25, 15.25, 5, 15], "texture": "#0"},
				"down": {"uv": [15.25, 5, 15, 5.25], "texture": "#0"}
			}
		},
		{
			"from": [-1, 3, -6],
			"to": [1, 4, -5],
			"faces": {
				"north": {"uv": [14, 11.25, 14.5, 11.5], "texture": "#0"},
				"east": {"uv": [5.25, 15, 5.5, 15.25], "texture": "#0"},
				"south": {"uv": [14, 11.75, 14.5, 12], "texture": "#0"},
				"west": {"uv": [15, 5.25, 15.25, 5.5], "texture": "#0"},
				"up": {"uv": [14.5, 12.25, 14, 12], "texture": "#0"},
				"down": {"uv": [12.75, 14, 12.25, 14.25], "texture": "#0"}
			}
		},
		{
			"from": [1, 3, -7],
			"to": [4, 4, -6],
			"faces": {
				"north": {"uv": [13.25, 9.25, 14, 9.5], "texture": "#0"},
				"east": {"uv": [5.5, 15, 5.75, 15.25], "texture": "#0"},
				"south": {"uv": [9.5, 13.25, 10.25, 13.5], "texture": "#0"},
				"west": {"uv": [15, 5.5, 15.25, 5.75], "texture": "#0"},
				"up": {"uv": [14, 9.75, 13.25, 9.5], "texture": "#0"},
				"down": {"uv": [14, 9.75, 13.25, 10], "texture": "#0"}
			}
		},
		{
			"from": [4, 3, -8],
			"to": [12, 4, -7],
			"faces": {
				"north": {"uv": [8.5, 10.75, 10.5, 11], "texture": "#0"},
				"east": {"uv": [5.75, 15, 6, 15.25], "texture": "#0"},
				"south": {"uv": [10.5, 10.75, 12.5, 11], "texture": "#0"},
				"west": {"uv": [15, 5.75, 15.25, 6], "texture": "#0"},
				"up": {"uv": [2, 11.25, 0, 11], "texture": "#0"},
				"down": {"uv": [13, 0, 11, 0.25], "texture": "#0"}
			}
		},
		{
			"from": [12, 3, -7],
			"to": [15, 4, -6],
			"faces": {
				"north": {"uv": [13.25, 11, 14, 11.25], "texture": "#0"},
				"east": {"uv": [6, 15, 6.25, 15.25], "texture": "#0"},
				"south": {"uv": [13.25, 11.25, 14, 11.5], "texture": "#0"},
				"west": {"uv": [15, 6, 15.25, 6.25], "texture": "#0"},
				"up": {"uv": [12.25, 13.5, 11.5, 13.25], "texture": "#0"},
				"down": {"uv": [13, 13.25, 12.25, 13.5], "texture": "#0"}
			}
		},
		{
			"from": [15, 3, -6],
			"to": [17, 4, -5],
			"faces": {
				"north": {"uv": [12.75, 14, 13.25, 14.25], "texture": "#0"},
				"east": {"uv": [6.25, 15, 6.5, 15.25], "texture": "#0"},
				"south": {"uv": [13.75, 14, 14.25, 14.25], "texture": "#0"},
				"west": {"uv": [15, 6.25, 15.25, 6.5], "texture": "#0"},
				"up": {"uv": [0.5, 14.5, 0, 14.25], "texture": "#0"},
				"down": {"uv": [1.25, 14.25, 0.75, 14.5], "texture": "#0"}
			}
		},
		{
			"from": [17, 3, -5],
			"to": [18, 4, -4],
			"faces": {
				"north": {"uv": [6.5, 15, 6.75, 15.25], "texture": "#0"},
				"east": {"uv": [15, 6.5, 15.25, 6.75], "texture": "#0"},
				"south": {"uv": [6.75, 15, 7, 15.25], "texture": "#0"},
				"west": {"uv": [15, 6.75, 15.25, 7], "texture": "#0"},
				"up": {"uv": [7.25, 15.25, 7, 15], "texture": "#0"},
				"down": {"uv": [15.25, 7, 15, 7.25], "texture": "#0"}
			}
		},
		{
			"from": [18, 3, -4],
			"to": [19, 4, -3],
			"faces": {
				"north": {"uv": [7.25, 15, 7.5, 15.25], "texture": "#0"},
				"east": {"uv": [15, 7.25, 15.25, 7.5], "texture": "#0"},
				"south": {"uv": [7.5, 15, 7.75, 15.25], "texture": "#0"},
				"west": {"uv": [15, 7.5, 15.25, 7.75], "texture": "#0"},
				"up": {"uv": [8, 15.25, 7.75, 15], "texture": "#0"},
				"down": {"uv": [15.25, 7.75, 15, 8], "texture": "#0"}
			}
		},
		{
			"from": [19, 3, -3],
			"to": [20, 4, -2],
			"faces": {
				"north": {"uv": [8, 15, 8.25, 15.25], "texture": "#0"},
				"east": {"uv": [15, 8, 15.25, 8.25], "texture": "#0"},
				"south": {"uv": [8.25, 15, 8.5, 15.25], "texture": "#0"},
				"west": {"uv": [15, 8.25, 15.25, 8.5], "texture": "#0"},
				"up": {"uv": [8.75, 15.25, 8.5, 15], "texture": "#0"},
				"down": {"uv": [15.25, 8.5, 15, 8.75], "texture": "#0"}
			}
		},
		{
			"from": [20, 3, -2],
			"to": [21, 4, -1],
			"faces": {
				"north": {"uv": [8.75, 15, 9, 15.25], "texture": "#0"},
				"east": {"uv": [15, 8.75, 15.25, 9], "texture": "#0"},
				"south": {"uv": [9, 15, 9.25, 15.25], "texture": "#0"},
				"west": {"uv": [15, 9, 15.25, 9.25], "texture": "#0"},
				"up": {"uv": [9.5, 15.25, 9.25, 15], "texture": "#0"},
				"down": {"uv": [15.25, 9.25, 15, 9.5], "texture": "#0"}
			}
		},
		{
			"from": [21, 3, -1],
			"to": [22, 4, 1],
			"faces": {
				"north": {"uv": [9.5, 15, 9.75, 15.25], "texture": "#0"},
				"east": {"uv": [14.25, 0.75, 14.75, 1], "texture": "#0"},
				"south": {"uv": [15, 9.5, 15.25, 9.75], "texture": "#0"},
				"west": {"uv": [14.25, 1, 14.75, 1.25], "texture": "#0"},
				"up": {"uv": [12, 14.5, 11.75, 14], "texture": "#0"},
				"down": {"uv": [1.75, 14.25, 1.5, 14.75], "texture": "#0"}
			}
		},
		{
			"from": [22, 3, 1],
			"to": [23, 4, 4],
			"faces": {
				"north": {"uv": [9.75, 15, 10, 15.25], "texture": "#0"},
				"east": {"uv": [13, 13.25, 13.75, 13.5], "texture": "#0"},
				"south": {"uv": [15, 9.75, 15.25, 10], "texture": "#0"},
				"west": {"uv": [0, 13.5, 0.75, 13.75], "texture": "#0"},
				"up": {"uv": [10.75, 14, 10.5, 13.25], "texture": "#0"},
				"down": {"uv": [11, 13.25, 10.75, 14], "texture": "#0"}
			}
		},
		{
			"from": [23, 3, 4],
			"to": [24, 4, 12],
			"faces": {
				"north": {"uv": [10, 15, 10.25, 15.25], "texture": "#0"},
				"east": {"uv": [11, 0.25, 13, 0.5], "texture": "#0"},
				"south": {"uv": [15, 10, 15.25, 10.25], "texture": "#0"},
				"west": {"uv": [11, 0.5, 13, 0.75], "texture": "#0"},
				"up": {"uv": [2.25, 13, 2, 11], "texture": "#0"},
				"down": {"uv": [2.5, 11, 2.25, 13], "texture": "#0"}
			}
		},
		{
			"from": [4, 3, -7],
			"to": [12, 4, -6],
			"faces": {
				"north": {"uv": [11, 0.75, 13, 1], "texture": "#0"},
				"east": {"uv": [10.25, 15, 10.5, 15.25], "texture": "#0"},
				"south": {"uv": [2.5, 11, 4.5, 11.25], "texture": "#0"},
				"west": {"uv": [15, 10.25, 15.25, 10.5], "texture": "#0"},
				"up": {"uv": [13, 3.75, 11, 3.5], "texture": "#0"},
				"down": {"uv": [13, 3.75, 11, 4], "texture": "#0"}
			}
		},
		{
			"from": [1, 3, -6],
			"to": [15, 4, -5],
			"faces": {
				"north": {"uv": [7.5, 7, 11, 7.25], "texture": "#0"},
				"east": {"uv": [10.5, 15, 10.75, 15.25], "texture": "#0"},
				"south": {"uv": [7.5, 7.25, 11, 7.5], "texture": "#0"},
				"west": {"uv": [15, 10.5, 15.25, 10.75], "texture": "#0"},
				"up": {"uv": [11, 7.75, 7.5, 7.5], "texture": "#0"},
				"down": {"uv": [11, 7.75, 7.5, 8], "texture": "#0"}
			}
		},
		{
			"from": [-1, 3, -5],
			"to": [17, 4, -4],
			"faces": {
				"north": {"uv": [6.5, 4, 11, 4.25], "texture": "#0"},
				"east": {"uv": [10.75, 15, 11, 15.25], "texture": "#0"},
				"south": {"uv": [6.5, 4.25, 11, 4.5], "texture": "#0"},
				"west": {"uv": [15, 10.75, 15.25, 11], "texture": "#0"},
				"up": {"uv": [11, 4.75, 6.5, 4.5], "texture": "#0"},
				"down": {"uv": [11, 4.75, 6.5, 5], "texture": "#0"}
			}
		},
		{
			"from": [-2, 3, -4],
			"to": [18, 4, -3],
			"faces": {
				"north": {"uv": [5.5, 1, 10.5, 1.25], "texture": "#0"},
				"east": {"uv": [11, 15, 11.25, 15.25], "texture": "#0"},
				"south": {"uv": [5.5, 1.25, 10.5, 1.5], "texture": "#0"},
				"west": {"uv": [15, 11, 15.25, 11.25], "texture": "#0"},
				"up": {"uv": [10.5, 1.75, 5.5, 1.5], "texture": "#0"},
				"down": {"uv": [10.5, 1.75, 5.5, 2], "texture": "#0"}
			}
		},
		{
			"from": [-3, 3, -3],
			"to": [19, 4, 19],
			"faces": {
				"north": {"uv": [5.5, 0, 11, 0.25], "texture": "#0"},
				"east": {"uv": [5.5, 0.25, 11, 0.5], "texture": "#0"},
				"south": {"uv": [5.5, 0.5, 11, 0.75], "texture": "#0"},
				"west": {"uv": [5.5, 0.75, 11, 1], "texture": "#0"},
				"up": {"uv": [5.5, 5.5, 0, 0], "texture": "#0"},
				"down": {"uv": [5.5, 5.5, 0, 11], "texture": "#0"}
			}
		},
		{
			"from": [-2, 3, 19],
			"to": [18, 4, 20],
			"faces": {
				"north": {"uv": [5.5, 2, 10.5, 2.25], "texture": "#0"},
				"east": {"uv": [11.25, 15, 11.5, 15.25], "texture": "#0"},
				"south": {"uv": [5.5, 2.25, 10.5, 2.5], "texture": "#0"},
				"west": {"uv": [15, 11.25, 15.25, 11.5], "texture": "#0"},
				"up": {"uv": [10.5, 2.75, 5.5, 2.5], "texture": "#0"},
				"down": {"uv": [10.5, 2.75, 5.5, 3], "texture": "#0"}
			}
		},
		{
			"from": [-1, 3, 20],
			"to": [17, 4, 21],
			"faces": {
				"north": {"uv": [6.5, 5, 11, 5.25], "texture": "#0"},
				"east": {"uv": [11.5, 15, 11.75, 15.25], "texture": "#0"},
				"south": {"uv": [6.5, 5.25, 11, 5.5], "texture": "#0"},
				"west": {"uv": [15, 11.5, 15.25, 11.75], "texture": "#0"},
				"up": {"uv": [11, 5.75, 6.5, 5.5], "texture": "#0"},
				"down": {"uv": [11, 5.75, 6.5, 6], "texture": "#0"}
			}
		},
		{
			"from": [1, 3, 21],
			"to": [15, 4, 22],
			"faces": {
				"north": {"uv": [7.5, 8, 11, 8.25], "texture": "#0"},
				"east": {"uv": [11.75, 15, 12, 15.25], "texture": "#0"},
				"south": {"uv": [7.5, 8.25, 11, 8.5], "texture": "#0"},
				"west": {"uv": [15, 11.75, 15.25, 12], "texture": "#0"},
				"up": {"uv": [11, 8.75, 7.5, 8.5], "texture": "#0"},
				"down": {"uv": [11, 8.75, 7.5, 9], "texture": "#0"}
			}
		},
		{
			"from": [4, 3, 22],
			"to": [12, 4, 23],
			"faces": {
				"north": {"uv": [11, 4, 13, 4.25], "texture": "#0"},
				"east": {"uv": [12, 15, 12.25, 15.25], "texture": "#0"},
				"south": {"uv": [11, 4.25, 13, 4.5], "texture": "#0"},
				"west": {"uv": [15, 12, 15.25, 12.25], "texture": "#0"},
				"up": {"uv": [13, 4.75, 11, 4.5], "texture": "#0"},
				"down": {"uv": [13, 4.75, 11, 5], "texture": "#0"}
			}
		},
		{
			"from": [-4, 3, -2],
			"to": [-3, 4, 18],
			"faces": {
				"north": {"uv": [12.25, 15, 12.5, 15.25], "texture": "#0"},
				"east": {"uv": [5.5, 3, 10.5, 3.25], "texture": "#0"},
				"south": {"uv": [15, 12.25, 15.25, 12.5], "texture": "#0"},
				"west": {"uv": [5.5, 3.25, 10.5, 3.5], "texture": "#0"},
				"up": {"uv": [5.75, 8.5, 5.5, 3.5], "texture": "#0"},
				"down": {"uv": [6, 3.5, 5.75, 8.5], "texture": "#0"}
			}
		},
		{
			"from": [-5, 3, -1],
			"to": [-4, 4, 17],
			"faces": {
				"north": {"uv": [12.5, 15, 12.75, 15.25], "texture": "#0"},
				"east": {"uv": [6.5, 6, 11, 6.25], "texture": "#0"},
				"south": {"uv": [15, 12.5, 15.25, 12.75], "texture": "#0"},
				"west": {"uv": [6.5, 6.25, 11, 6.5], "texture": "#0"},
				"up": {"uv": [6.75, 11, 6.5, 6.5], "texture": "#0"},
				"down": {"uv": [7, 6.5, 6.75, 11], "texture": "#0"}
			}
		},
		{
			"from": [-6, 3, 1],
			"to": [-5, 4, 15],
			"faces": {
				"north": {"uv": [12.75, 15, 13, 15.25], "texture": "#0"},
				"east": {"uv": [7.5, 9, 11, 9.25], "texture": "#0"},
				"south": {"uv": [15, 12.75, 15.25, 13], "texture": "#0"},
				"west": {"uv": [7.5, 9.25, 11, 9.5], "texture": "#0"},
				"up": {"uv": [5.75, 12, 5.5, 8.5], "texture": "#0"},
				"down": {"uv": [6, 8.5, 5.75, 12], "texture": "#0"}
			}
		},
		{
			"from": [-7, 3, 4],
			"to": [-6, 4, 12],
			"faces": {
				"north": {"uv": [13, 15, 13.25, 15.25], "texture": "#0"},
				"east": {"uv": [11, 5, 13, 5.25], "texture": "#0"},
				"south": {"uv": [15, 13, 15.25, 13.25], "texture": "#0"},
				"west": {"uv": [11, 5.25, 13, 5.5], "texture": "#0"},
				"up": {"uv": [4.75, 13, 4.5, 11], "texture": "#0"},
				"down": {"uv": [5, 11, 4.75, 13], "texture": "#0"}
			}
		},
		{
			"from": [19, 3, -2],
			"to": [20, 4, 18],
			"faces": {
				"north": {"uv": [13.25, 15, 13.5, 15.25], "texture": "#0"},
				"east": {"uv": [6, 3.5, 11, 3.75], "texture": "#0"},
				"south": {"uv": [15, 13.25, 15.25, 13.5], "texture": "#0"},
				"west": {"uv": [6, 3.75, 11, 4], "texture": "#0"},
				"up": {"uv": [6.25, 9, 6, 4], "texture": "#0"},
				"down": {"uv": [6.5, 4, 6.25, 9], "texture": "#0"}
			}
		},
		{
			"from": [20, 3, -1],
			"to": [21, 4, 17],
			"faces": {
				"north": {"uv": [13.5, 15, 13.75, 15.25], "texture": "#0"},
				"east": {"uv": [7, 6.5, 11.5, 6.75], "texture": "#0"},
				"south": {"uv": [15, 13.5, 15.25, 13.75], "texture": "#0"},
				"west": {"uv": [7, 6.75, 11.5, 7], "texture": "#0"},
				"up": {"uv": [7.25, 11.5, 7, 7], "texture": "#0"},
				"down": {"uv": [7.5, 7, 7.25, 11.5], "texture": "#0"}
			}
		},
		{
			"from": [21, 3, 1],
			"to": [22, 4, 15],
			"faces": {
				"north": {"uv": [13.75, 15, 14, 15.25], "texture": "#0"},
				"east": {"uv": [7.5, 9.5, 11, 9.75], "texture": "#0"},
				"south": {"uv": [15, 13.75, 15.25, 14], "texture": "#0"},
				"west": {"uv": [7.5, 9.75, 11, 10], "texture": "#0"},
				"up": {"uv": [6.25, 12.5, 6, 9], "texture": "#0"},
				"down": {"uv": [6.5, 9, 6.25, 12.5], "texture": "#0"}
			}
		},
		{
			"from": [22, 3, 4],
			"to": [23, 4, 12],
			"faces": {
				"north": {"uv": [14, 15, 14.25, 15.25], "texture": "#0"},
				"east": {"uv": [11, 5.5, 13, 5.75], "texture": "#0"},
				"south": {"uv": [15, 14, 15.25, 14.25], "texture": "#0"},
				"west": {"uv": [11, 5.75, 13, 6], "texture": "#0"},
				"up": {"uv": [5.25, 13, 5, 11], "texture": "#0"},
				"down": {"uv": [5.5, 11, 5.25, 13], "texture": "#0"}
			}
		},
		{
			"from": [19, 2, -3],
			"to": [20, 3, -2],
			"faces": {
				"north": {"uv": [14.25, 15, 14.5, 15.25], "texture": "#0"},
				"east": {"uv": [15, 14.25, 15.25, 14.5], "texture": "#0"},
				"south": {"uv": [14.5, 15, 14.75, 15.25], "texture": "#0"},
				"west": {"uv": [15, 14.5, 15.25, 14.75], "texture": "#0"},
				"up": {"uv": [15, 15.25, 14.75, 15], "texture": "#0"},
				"down": {"uv": [15.25, 14.75, 15, 15], "texture": "#0"}
			}
		},
		{
			"from": [12, 2, -7],
			"to": [15, 3, -6],
			"faces": {
				"north": {"uv": [0.75, 13.5, 1.5, 13.75], "texture": "#0"},
				"east": {"uv": [15, 15, 15.25, 15.25], "texture": "#0"},
				"south": {"uv": [4.5, 13.5, 5.25, 13.75], "texture": "#0"},
				"west": {"uv": [0, 15.25, 0.25, 15.5], "texture": "#0"},
				"up": {"uv": [6.25, 13.75, 5.5, 13.5], "texture": "#0"},
				"down": {"uv": [14.25, 6.5, 13.5, 6.75], "texture": "#0"}
			}
		},
		{
			"from": [15, 2, -6],
			"to": [17, 3, -5],
			"faces": {
				"north": {"uv": [2.5, 14.25, 3, 14.5], "texture": "#0"},
				"east": {"uv": [15.25, 0, 15.5, 0.25], "texture": "#0"},
				"south": {"uv": [3, 14.25, 3.5, 14.5], "texture": "#0"},
				"west": {"uv": [0.25, 15.25, 0.5, 15.5], "texture": "#0"},
				"up": {"uv": [4, 14.5, 3.5, 14.25], "texture": "#0"},
				"down": {"uv": [4.5, 14.25, 4, 14.5], "texture": "#0"}
			}
		},
		{
			"from": [17, 2, -5],
			"to": [18, 3, -4],
			"faces": {
				"north": {"uv": [15.25, 0.25, 15.5, 0.5], "texture": "#0"},
				"east": {"uv": [0.5, 15.25, 0.75, 15.5], "texture": "#0"},
				"south": {"uv": [15.25, 0.5, 15.5, 0.75], "texture": "#0"},
				"west": {"uv": [0.75, 15.25, 1, 15.5], "texture": "#0"},
				"up": {"uv": [15.5, 1, 15.25, 0.75], "texture": "#0"},
				"down": {"uv": [1.25, 15.25, 1, 15.5], "texture": "#0"}
			}
		},
		{
			"from": [18, 2, -4],
			"to": [19, 3, -3],
			"faces": {
				"north": {"uv": [15.25, 1, 15.5, 1.25], "texture": "#0"},
				"east": {"uv": [1.25, 15.25, 1.5, 15.5], "texture": "#0"},
				"south": {"uv": [15.25, 1.25, 15.5, 1.5], "texture": "#0"},
				"west": {"uv": [1.5, 15.25, 1.75, 15.5], "texture": "#0"},
				"up": {"uv": [15.5, 1.75, 15.25, 1.5], "texture": "#0"},
				"down": {"uv": [2, 15.25, 1.75, 15.5], "texture": "#0"}
			}
		},
		{
			"from": [20, 2, -2],
			"to": [21, 3, -1],
			"faces": {
				"north": {"uv": [15.25, 1.75, 15.5, 2], "texture": "#0"},
				"east": {"uv": [2, 15.25, 2.25, 15.5], "texture": "#0"},
				"south": {"uv": [15.25, 2, 15.5, 2.25], "texture": "#0"},
				"west": {"uv": [2.25, 15.25, 2.5, 15.5], "texture": "#0"},
				"up": {"uv": [15.5, 2.5, 15.25, 2.25], "texture": "#0"},
				"down": {"uv": [2.75, 15.25, 2.5, 15.5], "texture": "#0"}
			}
		},
		{
			"from": [21, 2, -1],
			"to": [22, 3, 1],
			"faces": {
				"north": {"uv": [15.25, 2.5, 15.5, 2.75], "texture": "#0"},
				"east": {"uv": [4.5, 14.25, 5, 14.5], "texture": "#0"},
				"south": {"uv": [2.75, 15.25, 3, 15.5], "texture": "#0"},
				"west": {"uv": [5.5, 14.25, 6, 14.5], "texture": "#0"},
				"up": {"uv": [2, 14.75, 1.75, 14.25], "texture": "#0"},
				"down": {"uv": [6.5, 14.25, 6.25, 14.75], "texture": "#0"}
			}
		},
		{
			"from": [23, 2, 4],
			"to": [24, 3, 12],
			"faces": {
				"north": {"uv": [15.25, 2.75, 15.5, 3], "texture": "#0"},
				"east": {"uv": [11, 6, 13, 6.25], "texture": "#0"},
				"south": {"uv": [3, 15.25, 3.25, 15.5], "texture": "#0"},
				"west": {"uv": [11, 6.25, 13, 6.5], "texture": "#0"},
				"up": {"uv": [6.75, 13, 6.5, 11], "texture": "#0"},
				"down": {"uv": [7, 11, 6.75, 13], "texture": "#0"}
			}
		},
		{
			"from": [22, 2, 1],
			"to": [23, 3, 4],
			"faces": {
				"north": {"uv": [15.25, 3, 15.5, 3.25], "texture": "#0"},
				"east": {"uv": [13.5, 6.75, 14.25, 7], "texture": "#0"},
				"south": {"uv": [3.25, 15.25, 3.5, 15.5], "texture": "#0"},
				"west": {"uv": [7, 13.5, 7.75, 13.75], "texture": "#0"},
				"up": {"uv": [2.75, 14.25, 2.5, 13.5], "texture": "#0"},
				"down": {"uv": [3, 13.5, 2.75, 14.25], "texture": "#0"}
			}
		},
		{
			"from": [22, 2, 12],
			"to": [23, 3, 15],
			"faces": {
				"north": {"uv": [15.25, 3.25, 15.5, 3.5], "texture": "#0"},
				"east": {"uv": [7.75, 13.5, 8.5, 13.75], "texture": "#0"},
				"south": {"uv": [3.5, 15.25, 3.75, 15.5], "texture": "#0"},
				"west": {"uv": [9.5, 13.5, 10.25, 13.75], "texture": "#0"},
				"up": {"uv": [6.5, 14.25, 6.25, 13.5], "texture": "#0"},
				"down": {"uv": [8.75, 13.5, 8.5, 14.25], "texture": "#0"}
			}
		},
		{
			"from": [21, 2, 15],
			"to": [22, 3, 17],
			"faces": {
				"north": {"uv": [15.25, 3.5, 15.5, 3.75], "texture": "#0"},
				"east": {"uv": [14.25, 6.5, 14.75, 6.75], "texture": "#0"},
				"south": {"uv": [3.75, 15.25, 4, 15.5], "texture": "#0"},
				"west": {"uv": [6.75, 14.25, 7.25, 14.5], "texture": "#0"},
				"up": {"uv": [7.5, 14.75, 7.25, 14.25], "texture": "#0"},
				"down": {"uv": [7.75, 14.25, 7.5, 14.75], "texture": "#0"}
			}
		},
		{
			"from": [20, 2, 17],
			"to": [21, 3, 18],
			"faces": {
				"north": {"uv": [15.25, 3.75, 15.5, 4], "texture": "#0"},
				"east": {"uv": [4, 15.25, 4.25, 15.5], "texture": "#0"},
				"south": {"uv": [15.25, 4, 15.5, 4.25], "texture": "#0"},
				"west": {"uv": [4.25, 15.25, 4.5, 15.5], "texture": "#0"},
				"up": {"uv": [15.5, 4.5, 15.25, 4.25], "texture": "#0"},
				"down": {"uv": [4.75, 15.25, 4.5, 15.5], "texture": "#0"}
			}
		},
		{
			"from": [19, 2, 18],
			"to": [20, 3, 19],
			"faces": {
				"north": {"uv": [15.25, 4.5, 15.5, 4.75], "texture": "#0"},
				"east": {"uv": [4.75, 15.25, 5, 15.5], "texture": "#0"},
				"south": {"uv": [15.25, 4.75, 15.5, 5], "texture": "#0"},
				"west": {"uv": [5, 15.25, 5.25, 15.5], "texture": "#0"},
				"up": {"uv": [15.5, 5.25, 15.25, 5], "texture": "#0"},
				"down": {"uv": [5.5, 15.25, 5.25, 15.5], "texture": "#0"}
			}
		},
		{
			"from": [18, 2, 19],
			"to": [19, 3, 20],
			"faces": {
				"north": {"uv": [15.25, 5.25, 15.5, 5.5], "texture": "#0"},
				"east": {"uv": [5.5, 15.25, 5.75, 15.5], "texture": "#0"},
				"south": {"uv": [15.25, 5.5, 15.5, 5.75], "texture": "#0"},
				"west": {"uv": [5.75, 15.25, 6, 15.5], "texture": "#0"},
				"up": {"uv": [15.5, 6, 15.25, 5.75], "texture": "#0"},
				"down": {"uv": [6.25, 15.25, 6, 15.5], "texture": "#0"}
			}
		},
		{
			"from": [17, 2, 20],
			"to": [18, 3, 21],
			"faces": {
				"north": {"uv": [15.25, 6, 15.5, 6.25], "texture": "#0"},
				"east": {"uv": [6.25, 15.25, 6.5, 15.5], "texture": "#0"},
				"south": {"uv": [15.25, 6.25, 15.5, 6.5], "texture": "#0"},
				"west": {"uv": [6.5, 15.25, 6.75, 15.5], "texture": "#0"},
				"up": {"uv": [15.5, 6.75, 15.25, 6.5], "texture": "#0"},
				"down": {"uv": [7, 15.25, 6.75, 15.5], "texture": "#0"}
			}
		},
		{
			"from": [15, 2, 21],
			"to": [17, 3, 22],
			"faces": {
				"north": {"uv": [14.25, 6.75, 14.75, 7], "texture": "#0"},
				"east": {"uv": [15.25, 6.75, 15.5, 7], "texture": "#0"},
				"south": {"uv": [7.75, 14.25, 8.25, 14.5], "texture": "#0"},
				"west": {"uv": [7, 15.25, 7.25, 15.5], "texture": "#0"},
				"up": {"uv": [9, 14.5, 8.5, 14.25], "texture": "#0"},
				"down": {"uv": [9.5, 14.25, 9, 14.5], "texture": "#0"}
			}
		},
		{
			"from": [12, 2, 22],
			"to": [15, 3, 23],
			"faces": {
				"north": {"uv": [13.5, 10, 14.25, 10.25], "texture": "#0"},
				"east": {"uv": [15.25, 7, 15.5, 7.25], "texture": "#0"},
				"south": {"uv": [13.5, 10.25, 14.25, 10.5], "texture": "#0"},
				"west": {"uv": [7.25, 15.25, 7.5, 15.5], "texture": "#0"},
				"up": {"uv": [14.25, 10.75, 13.5, 10.5], "texture": "#0"},
				"down": {"uv": [14.25, 10.75, 13.5, 11], "texture": "#0"}
			}
		},
		{
			"from": [4, 2, 23],
			"to": [12, 3, 24],
			"faces": {
				"north": {"uv": [11, 7, 13, 7.25], "texture": "#0"},
				"east": {"uv": [15.25, 7.25, 15.5, 7.5], "texture": "#0"},
				"south": {"uv": [11, 7.25, 13, 7.5], "texture": "#0"},
				"west": {"uv": [7.5, 15.25, 7.75, 15.5], "texture": "#0"},
				"up": {"uv": [13, 7.75, 11, 7.5], "texture": "#0"},
				"down": {"uv": [13, 7.75, 11, 8], "texture": "#0"}
			}
		},
		{
			"from": [1, 2, 22],
			"to": [4, 3, 23],
			"faces": {
				"north": {"uv": [11.25, 13.5, 12, 13.75], "texture": "#0"},
				"east": {"uv": [15.25, 7.5, 15.5, 7.75], "texture": "#0"},
				"south": {"uv": [13.5, 11.5, 14.25, 11.75], "texture": "#0"},
				"west": {"uv": [7.75, 15.25, 8, 15.5], "texture": "#0"},
				"up": {"uv": [12.75, 13.75, 12, 13.5], "texture": "#0"},
				"down": {"uv": [14.25, 12.5, 13.5, 12.75], "texture": "#0"}
			}
		},
		{
			"from": [-2, 2, 20],
			"to": [-1, 3, 21],
			"faces": {
				"north": {"uv": [15.25, 7.75, 15.5, 8], "texture": "#0"},
				"east": {"uv": [8, 15.25, 8.25, 15.5], "texture": "#0"},
				"south": {"uv": [15.25, 8, 15.5, 8.25], "texture": "#0"},
				"west": {"uv": [8.25, 15.25, 8.5, 15.5], "texture": "#0"},
				"up": {"uv": [15.5, 8.5, 15.25, 8.25], "texture": "#0"},
				"down": {"uv": [8.75, 15.25, 8.5, 15.5], "texture": "#0"}
			}
		},
		{
			"from": [-5, 2, 17],
			"to": [-4, 3, 18],
			"faces": {
				"north": {"uv": [15.25, 8.5, 15.5, 8.75], "texture": "#0"},
				"east": {"uv": [8.75, 15.25, 9, 15.5], "texture": "#0"},
				"south": {"uv": [15.25, 8.75, 15.5, 9], "texture": "#0"},
				"west": {"uv": [9, 15.25, 9.25, 15.5], "texture": "#0"},
				"up": {"uv": [15.5, 9.25, 15.25, 9], "texture": "#0"},
				"down": {"uv": [9.5, 15.25, 9.25, 15.5], "texture": "#0"}
			}
		},
		{
			"from": [-1, 2, 21],
			"to": [1, 3, 22],
			"faces": {
				"north": {"uv": [9.5, 14.25, 10, 14.5], "texture": "#0"},
				"east": {"uv": [15.25, 9.25, 15.5, 9.5], "texture": "#0"},
				"south": {"uv": [14.25, 9.5, 14.75, 9.75], "texture": "#0"},
				"west": {"uv": [9.5, 15.25, 9.75, 15.5], "texture": "#0"},
				"up": {"uv": [14.75, 10, 14.25, 9.75], "texture": "#0"},
				"down": {"uv": [14.75, 10, 14.25, 10.25], "texture": "#0"}
			}
		},
		{
			"from": [-3, 2, 19],
			"to": [-2, 3, 20],
			"faces": {
				"north": {"uv": [15.25, 9.5, 15.5, 9.75], "texture": "#0"},
				"east": {"uv": [9.75, 15.25, 10, 15.5], "texture": "#0"},
				"south": {"uv": [15.25, 9.75, 15.5, 10], "texture": "#0"},
				"west": {"uv": [10, 15.25, 10.25, 15.5], "texture": "#0"},
				"up": {"uv": [15.5, 10.25, 15.25, 10], "texture": "#0"},
				"down": {"uv": [10.5, 15.25, 10.25, 15.5], "texture": "#0"}
			}
		},
		{
			"from": [-4, 2, 18],
			"to": [-3, 3, 19],
			"faces": {
				"north": {"uv": [15.25, 10.25, 15.5, 10.5], "texture": "#0"},
				"east": {"uv": [10.5, 15.25, 10.75, 15.5], "texture": "#0"},
				"south": {"uv": [15.25, 10.5, 15.5, 10.75], "texture": "#0"},
				"west": {"uv": [10.75, 15.25, 11, 15.5], "texture": "#0"},
				"up": {"uv": [15.5, 11, 15.25, 10.75], "texture": "#0"},
				"down": {"uv": [11.25, 15.25, 11, 15.5], "texture": "#0"}
			}
		},
		{
			"from": [-6, 2, 15],
			"to": [-5, 3, 17],
			"faces": {
				"north": {"uv": [15.25, 11, 15.5, 11.25], "texture": "#0"},
				"east": {"uv": [10.25, 14.25, 10.75, 14.5], "texture": "#0"},
				"south": {"uv": [11.25, 15.25, 11.5, 15.5], "texture": "#0"},
				"west": {"uv": [14.25, 10.25, 14.75, 10.5], "texture": "#0"},
				"up": {"uv": [14.5, 11, 14.25, 10.5], "texture": "#0"},
				"down": {"uv": [12.25, 14.25, 12, 14.75], "texture": "#0"}
			}
		},
		{
			"from": [-7, 2, 12],
			"to": [-6, 3, 15],
			"faces": {
				"north": {"uv": [15.25, 11.25, 15.5, 11.5], "texture": "#0"},
				"east": {"uv": [12.75, 13.5, 13.5, 13.75], "texture": "#0"},
				"south": {"uv": [11.5, 15.25, 11.75, 15.5], "texture": "#0"},
				"west": {"uv": [13.5, 12.75, 14.25, 13], "texture": "#0"},
				"up": {"uv": [9, 14.25, 8.75, 13.5], "texture": "#0"},
				"down": {"uv": [13.75, 13.5, 13.5, 14.25], "texture": "#0"}
			}
		},
		{
			"from": [-8, 2, 4],
			"to": [-7, 3, 12],
			"faces": {
				"north": {"uv": [15.25, 11.5, 15.5, 11.75], "texture": "#0"},
				"east": {"uv": [11, 8, 13, 8.25], "texture": "#0"},
				"south": {"uv": [11.75, 15.25, 12, 15.5], "texture": "#0"},
				"west": {"uv": [11, 8.25, 13, 8.5], "texture": "#0"},
				"up": {"uv": [8.75, 13, 8.5, 11], "texture": "#0"},
				"down": {"uv": [9, 11, 8.75, 13], "texture": "#0"}
			}
		},
		{
			"from": [-7, 2, 1],
			"to": [-6, 3, 4],
			"faces": {
				"north": {"uv": [15.25, 11.75, 15.5, 12], "texture": "#0"},
				"east": {"uv": [0, 13.75, 0.75, 14], "texture": "#0"},
				"south": {"uv": [12, 15.25, 12.25, 15.5], "texture": "#0"},
				"west": {"uv": [0.75, 13.75, 1.5, 14], "texture": "#0"},
				"up": {"uv": [2.25, 14.5, 2, 13.75], "texture": "#0"},
				"down": {"uv": [2.5, 13.75, 2.25, 14.5], "texture": "#0"}
			}
		},
		{
			"from": [-6, 2, -1],
			"to": [-5, 3, 1],
			"faces": {
				"north": {"uv": [15.25, 12, 15.5, 12.25], "texture": "#0"},
				"east": {"uv": [14.25, 11.5, 14.75, 11.75], "texture": "#0"},
				"south": {"uv": [12.25, 15.25, 12.5, 15.5], "texture": "#0"},
				"west": {"uv": [12.25, 14.25, 12.75, 14.5], "texture": "#0"},
				"up": {"uv": [14.5, 12.75, 14.25, 12.25], "texture": "#0"},
				"down": {"uv": [13, 14.25, 12.75, 14.75], "texture": "#0"}
			}
		},
		{
			"from": [-5, 2, -2],
			"to": [-4, 3, -1],
			"faces": {
				"north": {"uv": [15.25, 12.25, 15.5, 12.5], "texture": "#0"},
				"east": {"uv": [12.5, 15.25, 12.75, 15.5], "texture": "#0"},
				"south": {"uv": [15.25, 12.5, 15.5, 12.75], "texture": "#0"},
				"west": {"uv": [12.75, 15.25, 13, 15.5], "texture": "#0"},
				"up": {"uv": [15.5, 13, 15.25, 12.75], "texture": "#0"},
				"down": {"uv": [13.25, 15.25, 13, 15.5], "texture": "#0"}
			}
		},
		{
			"from": [-4, 2, -3],
			"to": [-3, 3, -2],
			"faces": {
				"north": {"uv": [15.25, 13, 15.5, 13.25], "texture": "#0"},
				"east": {"uv": [13.25, 15.25, 13.5, 15.5], "texture": "#0"},
				"south": {"uv": [15.25, 13.25, 15.5, 13.5], "texture": "#0"},
				"west": {"uv": [13.5, 15.25, 13.75, 15.5], "texture": "#0"},
				"up": {"uv": [15.5, 13.75, 15.25, 13.5], "texture": "#0"},
				"down": {"uv": [14, 15.25, 13.75, 15.5], "texture": "#0"}
			}
		},
		{
			"from": [-3, 2, -4],
			"to": [-2, 3, -3],
			"faces": {
				"north": {"uv": [15.25, 13.75, 15.5, 14], "texture": "#0"},
				"east": {"uv": [14, 15.25, 14.25, 15.5], "texture": "#0"},
				"south": {"uv": [15.25, 14, 15.5, 14.25], "texture": "#0"},
				"west": {"uv": [14.25, 15.25, 14.5, 15.5], "texture": "#0"},
				"up": {"uv": [15.5, 14.5, 15.25, 14.25], "texture": "#0"},
				"down": {"uv": [14.75, 15.25, 14.5, 15.5], "texture": "#0"}
			}
		},
		{
			"from": [-2, 2, -5],
			"to": [-1, 3, -4],
			"faces": {
				"north": {"uv": [15.25, 14.5, 15.5, 14.75], "texture": "#0"},
				"east": {"uv": [14.75, 15.25, 15, 15.5], "texture": "#0"},
				"south": {"uv": [15.25, 14.75, 15.5, 15], "texture": "#0"},
				"west": {"uv": [15, 15.25, 15.25, 15.5], "texture": "#0"},
				"up": {"uv": [15.5, 15.25, 15.25, 15], "texture": "#0"},
				"down": {"uv": [15.5, 15.25, 15.25, 15.5], "texture": "#0"}
			}
		},
		{
			"from": [-1, 2, -6],
			"to": [1, 3, -5],
			"faces": {
				"north": {"uv": [14.25, 12.75, 14.75, 13], "texture": "#0"},
				"east": {"uv": [0, 15.5, 0.25, 15.75], "texture": "#0"},
				"south": {"uv": [13, 14.25, 13.5, 14.5], "texture": "#0"},
				"west": {"uv": [15.5, 0, 15.75, 0.25], "texture": "#0"},
				"up": {"uv": [14.75, 13.25, 14.25, 13], "texture": "#0"},
				"down": {"uv": [14.75, 13.25, 14.25, 13.5], "texture": "#0"}
			}
		},
		{
			"from": [1, 2, -7],
			"to": [4, 3, -6],
			"faces": {
				"north": {"uv": [13.75, 2.5, 14.5, 2.75], "texture": "#0"},
				"east": {"uv": [0.25, 15.5, 0.5, 15.75], "texture": "#0"},
				"south": {"uv": [13.75, 2.75, 14.5, 3], "texture": "#0"},
				"west": {"uv": [15.5, 0.25, 15.75, 0.5], "texture": "#0"},
				"up": {"uv": [3.75, 14, 3, 13.75], "texture": "#0"},
				"down": {"uv": [14.5, 3, 13.75, 3.25], "texture": "#0"}
			}
		},
		{
			"from": [4, 2, -8],
			"to": [12, 3, -7],
			"faces": {
				"north": {"uv": [11, 8.5, 13, 8.75], "texture": "#0"},
				"east": {"uv": [0.5, 15.5, 0.75, 15.75], "texture": "#0"},
				"south": {"uv": [11, 8.75, 13, 9], "texture": "#0"},
				"west": {"uv": [15.5, 0.5, 15.75, 0.75], "texture": "#0"},
				"up": {"uv": [11, 11.25, 9, 11], "texture": "#0"},
				"down": {"uv": [13, 9, 11, 9.25], "texture": "#0"}
			}
		},
		{
			"from": [17, 4, 12],
			"to": [18, 5, 13],
			"faces": {
				"north": {"uv": [0.75, 15.5, 1, 15.75], "texture": "#0"},
				"east": {"uv": [15.5, 0.75, 15.75, 1], "texture": "#0"},
				"south": {"uv": [1, 15.5, 1.25, 15.75], "texture": "#0"},
				"west": {"uv": [15.5, 1, 15.75, 1.25], "texture": "#0"},
				"up": {"uv": [1.5, 15.75, 1.25, 15.5], "texture": "#0"},
				"down": {"uv": [15.75, 1.25, 15.5, 1.5], "texture": "#0"}
			}
		},
		{
			"from": [16, 4, 12],
			"to": [17, 5, 13],
			"faces": {
				"north": {"uv": [1.5, 15.5, 1.75, 15.75], "texture": "#0"},
				"east": {"uv": [15.5, 1.5, 15.75, 1.75], "texture": "#0"},
				"south": {"uv": [1.75, 15.5, 2, 15.75], "texture": "#0"},
				"west": {"uv": [15.5, 1.75, 15.75, 2], "texture": "#0"},
				"up": {"uv": [2.25, 15.75, 2, 15.5], "texture": "#0"},
				"down": {"uv": [15.75, 2, 15.5, 2.25], "texture": "#0"}
			}
		},
		{
			"from": [16, 4, 11],
			"to": [17, 5, 12],
			"faces": {
				"north": {"uv": [2.25, 15.5, 2.5, 15.75], "texture": "#0"},
				"east": {"uv": [15.5, 2.25, 15.75, 2.5], "texture": "#0"},
				"south": {"uv": [2.5, 15.5, 2.75, 15.75], "texture": "#0"},
				"west": {"uv": [15.5, 2.5, 15.75, 2.75], "texture": "#0"},
				"up": {"uv": [3, 15.75, 2.75, 15.5], "texture": "#0"},
				"down": {"uv": [15.75, 2.75, 15.5, 3], "texture": "#0"}
			}
		},
		{
			"from": [16, 4, 10],
			"to": [17, 5, 11],
			"faces": {
				"north": {"uv": [3, 15.5, 3.25, 15.75], "texture": "#0"},
				"east": {"uv": [15.5, 3, 15.75, 3.25], "texture": "#0"},
				"south": {"uv": [3.25, 15.5, 3.5, 15.75], "texture": "#0"},
				"west": {"uv": [15.5, 3.25, 15.75, 3.5], "texture": "#0"},
				"up": {"uv": [3.75, 15.75, 3.5, 15.5], "texture": "#0"},
				"down": {"uv": [15.75, 3.5, 15.5, 3.75], "texture": "#0"}
			}
		},
		{
			"from": [17, 4, 10],
			"to": [18, 5, 11],
			"faces": {
				"north": {"uv": [3.75, 15.5, 4, 15.75], "texture": "#0"},
				"east": {"uv": [15.5, 3.75, 15.75, 4], "texture": "#0"},
				"south": {"uv": [4, 15.5, 4.25, 15.75], "texture": "#0"},
				"west": {"uv": [15.5, 4, 15.75, 4.25], "texture": "#0"},
				"up": {"uv": [4.5, 15.75, 4.25, 15.5], "texture": "#0"},
				"down": {"uv": [15.75, 4.25, 15.5, 4.5], "texture": "#0"}
			}
		},
		{
			"from": [20, 2, 4],
			"to": [21, 3, 12],
			"faces": {
				"north": {"uv": [4.5, 15.5, 4.75, 15.75], "texture": "#0"},
				"east": {"uv": [11, 9.25, 13, 9.5], "texture": "#0"},
				"south": {"uv": [15.5, 4.5, 15.75, 4.75], "texture": "#0"},
				"west": {"uv": [11, 9.5, 13, 9.75], "texture": "#0"},
				"up": {"uv": [11.25, 13, 11, 11], "texture": "#0"},
				"down": {"uv": [0.25, 11.25, 0, 13.25], "texture": "#0"}
			}
		},
		{
			"from": [18, 2, 4],
			"to": [20, 3, 5],
			"faces": {
				"north": {"uv": [13.5, 14.25, 14, 14.5], "texture": "#0"},
				"east": {"uv": [4.75, 15.5, 5, 15.75], "texture": "#0"},
				"south": {"uv": [14.25, 13.5, 14.75, 13.75], "texture": "#0"},
				"west": {"uv": [15.5, 4.75, 15.75, 5], "texture": "#0"},
				"up": {"uv": [14.75, 14, 14.25, 13.75], "texture": "#0"},
				"down": {"uv": [14.5, 14.25, 14, 14.5], "texture": "#0"}
			}
		},
		{
			"from": [18, 2, 7],
			"to": [20, 3, 8],
			"faces": {
				"north": {"uv": [14.25, 14, 14.75, 14.25], "texture": "#0"},
				"east": {"uv": [5, 15.5, 5.25, 15.75], "texture": "#0"},
				"south": {"uv": [0, 14.5, 0.5, 14.75], "texture": "#0"},
				"west": {"uv": [15.5, 5, 15.75, 5.25], "texture": "#0"},
				"up": {"uv": [15, 0.25, 14.5, 0], "texture": "#0"},
				"down": {"uv": [15, 0.25, 14.5, 0.5], "texture": "#0"}
			}
		},
		{
			"from": [16, 2, 5],
			"to": [17, 3, 11],
			"faces": {
				"north": {"uv": [5.25, 15.5, 5.5, 15.75], "texture": "#0"},
				"east": {"uv": [9.5, 11.75, 11, 12], "texture": "#0"},
				"south": {"uv": [15.5, 5.25, 15.75, 5.5], "texture": "#0"},
				"west": {"uv": [11.5, 11.75, 13, 12], "texture": "#0"},
				"up": {"uv": [2.75, 13.5, 2.5, 12], "texture": "#0"},
				"down": {"uv": [3, 12, 2.75, 13.5], "texture": "#0"}
			}
		},
		{
			"from": [14, 2, 5],
			"to": [15, 3, 11],
			"faces": {
				"north": {"uv": [5.5, 15.5, 5.75, 15.75], "texture": "#0"},
				"east": {"uv": [3, 12, 4.5, 12.25], "texture": "#0"},
				"south": {"uv": [15.5, 5.5, 15.75, 5.75], "texture": "#0"},
				"west": {"uv": [9.5, 12, 11, 12.25], "texture": "#0"},
				"up": {"uv": [5.75, 13.5, 5.5, 12], "texture": "#0"},
				"down": {"uv": [6, 12, 5.75, 13.5], "texture": "#0"}
			}
		},
		{
			"from": [15, 2, 4],
			"to": [16, 3, 5],
			"faces": {
				"north": {"uv": [5.75, 15.5, 6, 15.75], "texture": "#0"},
				"east": {"uv": [15.5, 5.75, 15.75, 6], "texture": "#0"},
				"south": {"uv": [6, 15.5, 6.25, 15.75], "texture": "#0"},
				"west": {"uv": [15.5, 6, 15.75, 6.25], "texture": "#0"},
				"up": {"uv": [6.5, 15.75, 6.25, 15.5], "texture": "#0"},
				"down": {"uv": [15.75, 6.25, 15.5, 6.5], "texture": "#0"}
			}
		},
		{
			"from": [15, 2, 11],
			"to": [16, 3, 12],
			"faces": {
				"north": {"uv": [6.5, 15.5, 6.75, 15.75], "texture": "#0"},
				"east": {"uv": [15.5, 6.5, 15.75, 6.75], "texture": "#0"},
				"south": {"uv": [6.75, 15.5, 7, 15.75], "texture": "#0"},
				"west": {"uv": [15.5, 6.75, 15.75, 7], "texture": "#0"},
				"up": {"uv": [7.25, 15.75, 7, 15.5], "texture": "#0"},
				"down": {"uv": [15.75, 7, 15.5, 7.25], "texture": "#0"}
			}
		},
		{
			"from": [12, 2, 5],
			"to": [13, 3, 11],
			"faces": {
				"north": {"uv": [7.25, 15.5, 7.5, 15.75], "texture": "#0"},
				"east": {"uv": [12, 10.25, 13.5, 10.5], "texture": "#0"},
				"south": {"uv": [15.5, 7.25, 15.75, 7.5], "texture": "#0"},
				"west": {"uv": [11.5, 12, 13, 12.25], "texture": "#0"},
				"up": {"uv": [3.25, 13.75, 3, 12.25], "texture": "#0"},
				"down": {"uv": [3.5, 12.25, 3.25, 13.75], "texture": "#0"}
			}
		},
		{
			"from": [10, 2, 5],
			"to": [11, 3, 11],
			"faces": {
				"north": {"uv": [7.5, 15.5, 7.75, 15.75], "texture": "#0"},
				"east": {"uv": [9.5, 12.25, 11, 12.5], "texture": "#0"},
				"south": {"uv": [15.5, 7.5, 15.75, 7.75], "texture": "#0"},
				"west": {"uv": [11.5, 12.25, 13, 12.5], "texture": "#0"},
				"up": {"uv": [3.75, 13.75, 3.5, 12.25], "texture": "#0"},
				"down": {"uv": [4, 12.25, 3.75, 13.75], "texture": "#0"}
			}
		},
		{
			"from": [11, 2, 4],
			"to": [12, 3, 5],
			"faces": {
				"north": {"uv": [7.75, 15.5, 8, 15.75], "texture": "#0"},
				"east": {"uv": [15.5, 7.75, 15.75, 8], "texture": "#0"},
				"south": {"uv": [8, 15.5, 8.25, 15.75], "texture": "#0"},
				"west": {"uv": [15.5, 8, 15.75, 8.25], "texture": "#0"},
				"up": {"uv": [8.5, 15.75, 8.25, 15.5], "texture": "#0"},
				"down": {"uv": [15.75, 8.25, 15.5, 8.5], "texture": "#0"}
			}
		},
		{
			"from": [11, 2, 11],
			"to": [12, 3, 12],
			"faces": {
				"north": {"uv": [8.5, 15.5, 8.75, 15.75], "texture": "#0"},
				"east": {"uv": [15.5, 8.5, 15.75, 8.75], "texture": "#0"},
				"south": {"uv": [8.75, 15.5, 9, 15.75], "texture": "#0"},
				"west": {"uv": [15.5, 8.75, 15.75, 9], "texture": "#0"},
				"up": {"uv": [9.25, 15.75, 9, 15.5], "texture": "#0"},
				"down": {"uv": [15.75, 9, 15.5, 9.25], "texture": "#0"}
			}
		},
		{
			"from": [8, 2, 4],
			"to": [9, 3, 12],
			"faces": {
				"north": {"uv": [9.25, 15.5, 9.5, 15.75], "texture": "#0"},
				"east": {"uv": [11, 9.75, 13, 10], "texture": "#0"},
				"south": {"uv": [15.5, 9.25, 15.75, 9.5], "texture": "#0"},
				"west": {"uv": [2.5, 11.25, 4.5, 11.5], "texture": "#0"},
				"up": {"uv": [0.5, 13.25, 0.25, 11.25], "texture": "#0"},
				"down": {"uv": [0.75, 11.25, 0.5, 13.25], "texture": "#0"}
			}
		},
		{
			"from": [6, 2, 11],
			"to": [8, 3, 12],
			"faces": {
				"north": {"uv": [0.5, 14.5, 1, 14.75], "texture": "#0"},
				"east": {"uv": [9.5, 15.5, 9.75, 15.75], "texture": "#0"},
				"south": {"uv": [14.5, 0.5, 15, 0.75], "texture": "#0"},
				"west": {"uv": [15.5, 9.5, 15.75, 9.75], "texture": "#0"},
				"up": {"uv": [1.5, 14.75, 1, 14.5], "texture": "#0"},
				"down": {"uv": [15, 1.25, 14.5, 1.5], "texture": "#0"}
			}
		},
		{
			"from": [3, 2, 5],
			"to": [4, 3, 11],
			"faces": {
				"north": {"uv": [9.75, 15.5, 10, 15.75], "texture": "#0"},
				"east": {"uv": [12.5, 1, 14, 1.25], "texture": "#0"},
				"south": {"uv": [15.5, 9.75, 15.75, 10], "texture": "#0"},
				"west": {"uv": [12.5, 1.25, 14, 1.5], "texture": "#0"},
				"up": {"uv": [4.25, 13.75, 4, 12.25], "texture": "#0"},
				"down": {"uv": [4.5, 12.25, 4.25, 13.75], "texture": "#0"}
			}
		},
		{
			"from": [2, 2, 4],
			"to": [5, 3, 5],
			"faces": {
				"north": {"uv": [13.75, 3.25, 14.5, 3.5], "texture": "#0"},
				"east": {"uv": [10, 15.5, 10.25, 15.75], "texture": "#0"},
				"south": {"uv": [13.75, 3.5, 14.5, 3.75], "texture": "#0"},
				"west": {"uv": [15.5, 10, 15.75, 10.25], "texture": "#0"},
				"up": {"uv": [4.5, 14, 3.75, 13.75], "texture": "#0"},
				"down": {"uv": [14.5, 3.75, 13.75, 4], "texture": "#0"}
			}
		},
		{
			"from": [2, 2, 11],
			"to": [5, 3, 12],
			"faces": {
				"north": {"uv": [13.75, 4, 14.5, 4.25], "texture": "#0"},
				"east": {"uv": [10.25, 15.5, 10.5, 15.75], "texture": "#0"},
				"south": {"uv": [13.75, 4.25, 14.5, 4.5], "texture": "#0"},
				"west": {"uv": [15.5, 10.25, 15.75, 10.5], "texture": "#0"},
				"up": {"uv": [5.25, 14, 4.5, 13.75], "texture": "#0"},
				"down": {"uv": [14.5, 4.5, 13.75, 4.75], "texture": "#0"}
			}
		},
		{
			"from": [-2, 2, 4],
			"to": [1, 3, 5],
			"faces": {
				"north": {"uv": [13.75, 4.75, 14.5, 5], "texture": "#0"},
				"east": {"uv": [10.5, 15.5, 10.75, 15.75], "texture": "#0"},
				"south": {"uv": [13.75, 5, 14.5, 5.25], "texture": "#0"},
				"west": {"uv": [15.5, 10.5, 15.75, 10.75], "texture": "#0"},
				"up": {"uv": [6, 14, 5.25, 13.75], "texture": "#0"},
				"down": {"uv": [14.5, 5.25, 13.75, 5.5], "texture": "#0"}
			}
		},
		{
			"from": [0, 2, 5],
			"to": [1, 3, 8],
			"faces": {
				"north": {"uv": [10.75, 15.5, 11, 15.75], "texture": "#0"},
				"east": {"uv": [13.75, 5.5, 14.5, 5.75], "texture": "#0"},
				"south": {"uv": [15.5, 10.75, 15.75, 11], "texture": "#0"},
				"west": {"uv": [13.75, 5.75, 14.5, 6], "texture": "#0"},
				"up": {"uv": [6.25, 14.5, 6, 13.75], "texture": "#0"},
				"down": {"uv": [6.75, 13.75, 6.5, 14.5], "texture": "#0"}
			}
		},
		{
			"from": [-2, 2, 11],
			"to": [1, 3, 12],
			"faces": {
				"north": {"uv": [13.75, 6, 14.5, 6.25], "texture": "#0"},
				"east": {"uv": [11, 15.5, 11.25, 15.75], "texture": "#0"},
				"south": {"uv": [13.75, 6.25, 14.5, 6.5], "texture": "#0"},
				"west": {"uv": [15.5, 11, 15.75, 11.25], "texture": "#0"},
				"up": {"uv": [7.5, 14, 6.75, 13.75], "texture": "#0"},
				"down": {"uv": [14.5, 7, 13.75, 7.25], "texture": "#0"}
			}
		},
		{
			"from": [-2, 2, 8],
			"to": [1, 3, 9],
			"faces": {
				"north": {"uv": [13.75, 7.25, 14.5, 7.5], "texture": "#0"},
				"east": {"uv": [11.25, 15.5, 11.5, 15.75], "texture": "#0"},
				"south": {"uv": [7.5, 13.75, 8.25, 14], "texture": "#0"},
				"west": {"uv": [15.5, 11.25, 15.75, 11.5], "texture": "#0"},
				"up": {"uv": [14.5, 7.75, 13.75, 7.5], "texture": "#0"},
				"down": {"uv": [14.5, 7.75, 13.75, 8], "texture": "#0"}
			}
		},
		{
			"from": [-2, 2, 9],
			"to": [-1, 3, 11],
			"faces": {
				"north": {"uv": [11.5, 15.5, 11.75, 15.75], "texture": "#0"},
				"east": {"uv": [14.5, 1.5, 15, 1.75], "texture": "#0"},
				"south": {"uv": [15.5, 11.5, 15.75, 11.75], "texture": "#0"},
				"west": {"uv": [14.5, 1.75, 15, 2], "texture": "#0"},
				"up": {"uv": [2.25, 15, 2, 14.5], "texture": "#0"},
				"down": {"uv": [14.75, 2, 14.5, 2.5], "texture": "#0"}
			}
		},
		{
			"from": [-4, 2, 4],
			"to": [-3, 3, 12],
			"faces": {
				"north": {"uv": [11.75, 15.5, 12, 15.75], "texture": "#0"},
				"east": {"uv": [9, 11.25, 11, 11.5], "texture": "#0"},
				"south": {"uv": [15.5, 11.75, 15.75, 12], "texture": "#0"},
				"west": {"uv": [11.25, 11, 13.25, 11.25], "texture": "#0"},
				"up": {"uv": [1, 13.25, 0.75, 11.25], "texture": "#0"},
				"down": {"uv": [1.25, 11.25, 1, 13.25], "texture": "#0"}
			}
		},
		{
			"from": [-6, 2, 4],
			"to": [-5, 3, 12],
			"faces": {
				"north": {"uv": [12, 15.5, 12.25, 15.75], "texture": "#0"},
				"east": {"uv": [11.25, 11.25, 13.25, 11.5], "texture": "#0"},
				"south": {"uv": [15.5, 12, 15.75, 12.25], "texture": "#0"},
				"west": {"uv": [2.5, 11.5, 4.5, 11.75], "texture": "#0"},
				"up": {"uv": [1.5, 13.25, 1.25, 11.25], "texture": "#0"},
				"down": {"uv": [1.75, 11.25, 1.5, 13.25], "texture": "#0"}
			}
		},
		{
			"from": [-5, 2, 8],
			"to": [-4, 3, 9],
			"faces": {
				"north": {"uv": [12.25, 15.5, 12.5, 15.75], "texture": "#0"},
				"east": {"uv": [15.5, 12.25, 15.75, 12.5], "texture": "#0"},
				"south": {"uv": [12.5, 15.5, 12.75, 15.75], "texture": "#0"},
				"west": {"uv": [15.5, 12.5, 15.75, 12.75], "texture": "#0"},
				"up": {"uv": [13, 15.75, 12.75, 15.5], "texture": "#0"},
				"down": {"uv": [15.75, 12.75, 15.5, 13], "texture": "#0"}
			}
		},
		{
			"from": [-8, 3, 4],
			"to": [-7, 4, 12],
			"faces": {
				"north": {"uv": [13, 15.5, 13.25, 15.75], "texture": "#0"},
				"east": {"uv": [11.5, 6.5, 13.5, 6.75], "texture": "#0"},
				"south": {"uv": [15.5, 13, 15.75, 13.25], "texture": "#0"},
				"west": {"uv": [11.5, 6.75, 13.5, 7], "texture": "#0"},
				"up": {"uv": [2, 13.25, 1.75, 11.25], "texture": "#0"},
				"down": {"uv": [7.25, 11.5, 7, 13.5], "texture": "#0"}
			}
		},
		{
			"from": [22, 3, 12],
			"to": [23, 4, 15],
			"faces": {
				"north": {"uv": [13.25, 15.5, 13.5, 15.75], "texture": "#0"},
				"east": {"uv": [13.75, 8, 14.5, 8.25], "texture": "#0"},
				"south": {"uv": [15.5, 13.25, 15.75, 13.5], "texture": "#0"},
				"west": {"uv": [13.75, 8.25, 14.5, 8.5], "texture": "#0"},
				"up": {"uv": [8.5, 14.5, 8.25, 13.75], "texture": "#0"},
				"down": {"uv": [14, 8.5, 13.75, 9.25], "texture": "#0"}
			}
		},
		{
			"from": [-6, 3, 15],
			"to": [-5, 4, 17],
			"faces": {
				"north": {"uv": [13.5, 15.5, 13.75, 15.75], "texture": "#0"},
				"east": {"uv": [2.25, 14.5, 2.75, 14.75], "texture": "#0"},
				"south": {"uv": [15.5, 13.5, 15.75, 13.75], "texture": "#0"},
				"west": {"uv": [14.5, 2.5, 15, 2.75], "texture": "#0"},
				"up": {"uv": [3, 15, 2.75, 14.5], "texture": "#0"},
				"down": {"uv": [14.75, 2.75, 14.5, 3.25], "texture": "#0"}
			}
		},
		{
			"from": [1, 4, 3],
			"to": [7, 5, 4],
			"faces": {
				"north": {"uv": [12.5, 1.5, 14, 1.75], "texture": "#0"},
				"east": {"uv": [13.75, 15.5, 14, 15.75], "texture": "#0"},
				"south": {"uv": [12.5, 1.75, 14, 2], "texture": "#0"},
				"west": {"uv": [15.5, 13.75, 15.75, 14], "texture": "#0"},
				"up": {"uv": [14, 2.25, 12.5, 2], "texture": "#0"},
				"down": {"uv": [14, 2.25, 12.5, 2.5], "texture": "#0"}
			}
		},
		{
			"from": [10, 4, 3],
			"to": [14, 5, 4],
			"faces": {
				"north": {"uv": [7.5, 12.75, 8.5, 13], "texture": "#0"},
				"east": {"uv": [15, 15.5, 15.25, 15.75], "texture": "#0"},
				"south": {"uv": [9.5, 12.75, 10.5, 13], "texture": "#0"},
				"west": {"uv": [15.5, 15, 15.75, 15.25], "texture": "#0"},
				"up": {"uv": [12.5, 13, 11.5, 12.75], "texture": "#0"},
				"down": {"uv": [13.5, 12.75, 12.5, 13], "texture": "#0"}
			}
		},
		{
			"from": [10, 4, 12],
			"to": [14, 5, 13],
			"faces": {
				"north": {"uv": [13, 0, 14, 0.25], "texture": "#0"},
				"east": {"uv": [15.75, 0, 16, 0.25], "texture": "#0"},
				"south": {"uv": [13, 0.25, 14, 0.5], "texture": "#0"},
				"west": {"uv": [0.25, 15.75, 0.5, 16], "texture": "#0"},
				"up": {"uv": [14, 0.75, 13, 0.5], "texture": "#0"},
				"down": {"uv": [14, 0.75, 13, 1], "texture": "#0"}
			}
		},
		{
			"from": [1, 4, 12],
			"to": [6, 5, 13],
			"faces": {
				"north": {"uv": [12.5, 2.5, 13.75, 2.75], "texture": "#0"},
				"east": {"uv": [14, 15.5, 14.25, 15.75], "texture": "#0"},
				"south": {"uv": [12.5, 2.75, 13.75, 3], "texture": "#0"},
				"west": {"uv": [15.5, 14, 15.75, 14.25], "texture": "#0"},
				"up": {"uv": [13.75, 3.25, 12.5, 3], "texture": "#0"},
				"down": {"uv": [13.75, 3.25, 12.5, 3.5], "texture": "#0"}
			}
		},
		{
			"from": [1, 4, 4],
			"to": [2, 5, 8],
			"faces": {
				"north": {"uv": [14.25, 15.5, 14.5, 15.75], "texture": "#0"},
				"east": {"uv": [7.5, 12.5, 8.5, 12.75], "texture": "#0"},
				"south": {"uv": [15.5, 14.25, 15.75, 14.5], "texture": "#0"},
				"west": {"uv": [9.5, 12.5, 10.5, 12.75], "texture": "#0"},
				"up": {"uv": [6.25, 13.5, 6, 12.5], "texture": "#0"},
				"down": {"uv": [6.5, 12.5, 6.25, 13.5], "texture": "#0"}
			}
		},
		{
			"from": [9, 4, 4],
			"to": [10, 5, 12],
			"faces": {
				"north": {"uv": [15.25, 15.5, 15.5, 15.75], "texture": "#0"},
				"east": {"uv": [9, 11.5, 11, 11.75], "texture": "#0"},
				"south": {"uv": [15.5, 15.25, 15.75, 15.5], "texture": "#0"},
				"west": {"uv": [11.5, 10, 13.5, 10.25], "texture": "#0"},
				"up": {"uv": [7.5, 13.5, 7.25, 11.5], "texture": "#0"},
				"down": {"uv": [11.5, 11.5, 11.25, 13.5], "texture": "#0"}
			}
		},
		{
			"from": [14, 4, 4],
			"to": [15, 5, 12],
			"faces": {
				"north": {"uv": [15.5, 15.5, 15.75, 15.75], "texture": "#0"},
				"east": {"uv": [11.5, 11.5, 13.5, 11.75], "texture": "#0"},
				"south": {"uv": [0, 15.75, 0.25, 16], "texture": "#0"},
				"west": {"uv": [2.5, 11.75, 4.5, 12], "texture": "#0"},
				"up": {"uv": [9.25, 13.75, 9, 11.75], "texture": "#0"},
				"down": {"uv": [9.5, 11.75, 9.25, 13.75], "texture": "#0"}
			}
		},
		{
			"from": [6, 4, 9],
			"to": [7, 5, 12],
			"faces": {
				"north": {"uv": [14.5, 15.5, 14.75, 15.75], "texture": "#0"},
				"east": {"uv": [9, 13.75, 9.75, 14], "texture": "#0"},
				"south": {"uv": [15.5, 14.5, 15.75, 14.75], "texture": "#0"},
				"west": {"uv": [9.75, 13.75, 10.5, 14], "texture": "#0"},
				"up": {"uv": [11.25, 14.5, 11, 13.75], "texture": "#0"},
				"down": {"uv": [11.5, 13.75, 11.25, 14.5], "texture": "#0"}
			}
		},
		{
			"from": [2, 4, 8],
			"to": [6, 5, 9],
			"faces": {
				"north": {"uv": [12.5, 10.5, 13.5, 10.75], "texture": "#0"},
				"east": {"uv": [14.75, 15.5, 15, 15.75], "texture": "#0"},
				"south": {"uv": [12.5, 10.75, 13.5, 11], "texture": "#0"},
				"west": {"uv": [15.5, 14.75, 15.75, 15], "texture": "#0"},
				"up": {"uv": [12.5, 12.75, 11.5, 12.5], "texture": "#0"},
				"down": {"uv": [13.5, 12.5, 12.5, 12.75], "texture": "#0"}
			}
		}
	],
	"gui_light": "front",
	"display": {
		"thirdperson_righthand": {
			"rotation": [0, 180, 0],
			"translation": [0, 0.75, 0],
			"scale": [0.1, 0.1, 0.1]
		},
		"thirdperson_lefthand": {
			"rotation": [0, 180, 0],
			"translation": [0, 0.75, 0],
			"scale": [0.1, 0.1, 0.1]
		},
		"firstperson_righthand": {
			"rotation": [65, 0, 0],
			"translation": [2, 3.75, 0],
			"scale": [0.2, 0.1, 0.2]
		},
		"firstperson_lefthand": {
			"rotation": [65, 0, 0],
			"translation": [2, 3.75, 0],
			"scale": [0.2, 0.1, 0.2]
		},
		"ground": {
			"rotation": [90, 0, 0],
			"translation": [0, 5.25, 1.5],
			"scale": [0.4, 0.4, 0.4]
		},
		"gui": {
			"rotation": [90, 0, 0],
			"scale": [0.45, 1, 0.45]
		},
		"head": {
			"scale": [0, 0, 0]
		},
		"fixed": {
			"rotation": [-90, 180, 0],
			"translation": [0, 0, -2.75],
			"scale": [0.5, 0.5, 0.5]
		}
	}
}