{
	"credit": "Made with Blockbench",
	"parent":"minecraft:item/carved_pumpkin",
	"texture_size": [128, 128],
	"textures": {
		"0": "custom:item/onehundredlunarcredit"
		
	},
	"elements": [
		{
			"from": [-3, 4, 20],
			"to": [19, 5, 21],
			"faces": {
				"north": {"uv": [3, 0, 5.75, 0.125], "texture": "#0"},
				"east": {"uv": [3.625, 7.5, 3.75, 7.625], "texture": "#0"},
				"south": {"uv": [3, 0.125, 5.75, 0.25], "texture": "#0"},
				"west": {"uv": [3.75, 7.5, 3.875, 7.625], "texture": "#0"},
				"up": {"uv": [5.75, 0.375, 3, 0.25], "texture": "#0"},
				"down": {"uv": [5.75, 0.375, 3, 0.5], "texture": "#0"}
			}
		},
		{
			"from": [1, 4, 0],
			"to": [15, 5, 1],
			"faces": {
				"north": {"uv": [4, 3.25, 5.75, 3.375], "texture": "#0"},
				"east": {"uv": [8.125, 0.75, 8.25, 0.875], "texture": "#0"},
				"south": {"uv": [4, 3.375, 5.75, 3.5], "texture": "#0"},
				"west": {"uv": [0.875, 8.125, 1, 8.25], "texture": "#0"},
				"up": {"uv": [5.75, 3.625, 4, 3.5], "texture": "#0"},
				"down": {"uv": [5.75, 3.625, 4, 3.75], "texture": "#0"}
			}
		},
		{
			"from": [2, 4, 1],
			"to": [14, 5, 2],
			"faces": {
				"north": {"uv": [4, 4.25, 5.5, 4.375], "texture": "#0"},
				"east": {"uv": [8.125, 0.875, 8.25, 1], "texture": "#0"},
				"south": {"uv": [4, 4.375, 5.5, 4.5], "texture": "#0"},
				"west": {"uv": [1, 8.125, 1.125, 8.25], "texture": "#0"},
				"up": {"uv": [1.5, 4.625, 0, 4.5], "texture": "#0"},
				"down": {"uv": [5.5, 4.5, 4, 4.625], "texture": "#0"}
			}
		},
		{
			"from": [2, 4, -1],
			"to": [14, 5, 0],
			"faces": {
				"north": {"uv": [0, 4.625, 1.5, 4.75], "texture": "#0"},
				"east": {"uv": [8.125, 1.25, 8.25, 1.375], "texture": "#0"},
				"south": {"uv": [4, 4.625, 5.5, 4.75], "texture": "#0"},
				"west": {"uv": [1.375, 8.125, 1.5, 8.25], "texture": "#0"},
				"up": {"uv": [1.5, 4.875, 0, 4.75], "texture": "#0"},
				"down": {"uv": [6.25, 2.25, 4.75, 2.375], "texture": "#0"}
			}
		},
		{
			"from": [5, 4, 2],
			"to": [11, 5, 3],
			"faces": {
				"north": {"uv": [5.75, 3.375, 6.5, 3.5], "texture": "#0"},
				"east": {"uv": [8.125, 1, 8.25, 1.125], "texture": "#0"},
				"south": {"uv": [5.75, 3.5, 6.5, 3.625], "texture": "#0"},
				"west": {"uv": [1.125, 8.125, 1.25, 8.25], "texture": "#0"},
				"up": {"uv": [6.5, 3.75, 5.75, 3.625], "texture": "#0"},
				"down": {"uv": [6.5, 5.125, 5.75, 5.25], "texture": "#0"}
			}
		},
		{
			"from": [7, 4, 3],
			"to": [9, 5, 4],
			"faces": {
				"north": {"uv": [7.5, 0.875, 7.75, 1], "texture": "#0"},
				"east": {"uv": [8.125, 1.125, 8.25, 1.25], "texture": "#0"},
				"south": {"uv": [7.5, 1, 7.75, 1.125], "texture": "#0"},
				"west": {"uv": [1.25, 8.125, 1.375, 8.25], "texture": "#0"},
				"up": {"uv": [7.75, 1.25, 7.5, 1.125], "texture": "#0"},
				"down": {"uv": [1.5, 7.5, 1.25, 7.625], "texture": "#0"}
			}
		},
		{
			"from": [5, 4, -2],
			"to": [11, 5, -1],
			"faces": {
				"north": {"uv": [5.75, 5.625, 6.5, 5.75], "texture": "#0"},
				"east": {"uv": [8.125, 1.375, 8.25, 1.5], "texture": "#0"},
				"south": {"uv": [5.75, 5.75, 6.5, 5.875], "texture": "#0"},
				"west": {"uv": [1.5, 8.125, 1.625, 8.25], "texture": "#0"},
				"up": {"uv": [6.625, 0.125, 5.875, 0], "texture": "#0"},
				"down": {"uv": [6.625, 0.125, 5.875, 0.25], "texture": "#0"}
			}
		},
		{
			"from": [7, 4, -3],
			"to": [9, 5, -2],
			"faces": {
				"north": {"uv": [7.5, 2.375, 7.75, 2.5], "texture": "#0"},
				"east": {"uv": [8.125, 1.75, 8.25, 1.875], "texture": "#0"},
				"south": {"uv": [2.5, 7.5, 2.75, 7.625], "texture": "#0"},
				"west": {"uv": [1.875, 8.125, 2, 8.25], "texture": "#0"},
				"up": {"uv": [7.75, 2.625, 7.5, 2.5], "texture": "#0"},
				"down": {"uv": [7.75, 2.75, 7.5, 2.875], "texture": "#0"}
			}
		},
		{
			"from": [7, 4, -4],
			"to": [9, 5, -3],
			"faces": {
				"north": {"uv": [7.5, 2.875, 7.75, 3], "texture": "#0"},
				"east": {"uv": [8.125, 2, 8.25, 2.125], "texture": "#0"},
				"south": {"uv": [3.25, 7.5, 3.5, 7.625], "texture": "#0"},
				"west": {"uv": [2.125, 8.125, 2.25, 8.25], "texture": "#0"},
				"up": {"uv": [7.75, 3.375, 7.5, 3.25], "texture": "#0"},
				"down": {"uv": [7.75, 3.5, 7.5, 3.625], "texture": "#0"}
			}
		},
		{
			"from": [6, 4, -5],
			"to": [10, 5, -4],
			"faces": {
				"north": {"uv": [6.25, 2.75, 6.75, 2.875], "texture": "#0"},
				"east": {"uv": [8.125, 1.875, 8.25, 2], "texture": "#0"},
				"south": {"uv": [6.25, 3, 6.75, 3.125], "texture": "#0"},
				"west": {"uv": [2, 8.125, 2.125, 8.25], "texture": "#0"},
				"up": {"uv": [6.75, 3.25, 6.25, 3.125], "texture": "#0"},
				"down": {"uv": [4.25, 6.25, 3.75, 6.375], "texture": "#0"}
			}
		},
		{
			"from": [6, 4, -6],
			"to": [10, 5, -5],
			"faces": {
				"north": {"uv": [6.25, 3.75, 6.75, 3.875], "texture": "#0"},
				"east": {"uv": [8.125, 2.125, 8.25, 2.25], "texture": "#0"},
				"south": {"uv": [4.25, 6.25, 4.75, 6.375], "texture": "#0"},
				"west": {"uv": [2.25, 8.125, 2.375, 8.25], "texture": "#0"},
				"up": {"uv": [6.75, 4.75, 6.25, 4.625], "texture": "#0"},
				"down": {"uv": [6.75, 5.25, 6.25, 5.375], "texture": "#0"}
			}
		},
		{
			"from": [5, 4, -7],
			"to": [11, 5, -6],
			"faces": {
				"north": {"uv": [5.875, 0.25, 6.625, 0.375], "texture": "#0"},
				"east": {"uv": [8.125, 2.25, 8.25, 2.375], "texture": "#0"},
				"south": {"uv": [5.875, 0.375, 6.625, 0.5], "texture": "#0"},
				"west": {"uv": [2.375, 8.125, 2.5, 8.25], "texture": "#0"},
				"up": {"uv": [6.625, 0.625, 5.875, 0.5], "texture": "#0"},
				"down": {"uv": [6.625, 0.625, 5.875, 0.75], "texture": "#0"}
			}
		},
		{
			"from": [5, 4, -8],
			"to": [11, 5, -7],
			"faces": {
				"north": {"uv": [5.875, 0.75, 6.625, 0.875], "texture": "#0"},
				"east": {"uv": [8.125, 2.375, 8.25, 2.5], "texture": "#0"},
				"south": {"uv": [5.875, 0.875, 6.625, 1], "texture": "#0"},
				"west": {"uv": [2.5, 8.125, 2.625, 8.25], "texture": "#0"},
				"up": {"uv": [6.625, 1.125, 5.875, 1], "texture": "#0"},
				"down": {"uv": [6.625, 1.125, 5.875, 1.25], "texture": "#0"}
			}
		},
		{
			"from": [5, 4, -9],
			"to": [11, 5, -8],
			"faces": {
				"north": {"uv": [5.875, 1.25, 6.625, 1.375], "texture": "#0"},
				"east": {"uv": [8.125, 2.5, 8.25, 2.625], "texture": "#0"},
				"south": {"uv": [5.875, 1.375, 6.625, 1.5], "texture": "#0"},
				"west": {"uv": [2.625, 8.125, 2.75, 8.25], "texture": "#0"},
				"up": {"uv": [6.625, 5.125, 5.875, 5], "texture": "#0"},
				"down": {"uv": [6.5, 5.875, 5.75, 6], "texture": "#0"}
			}
		},
		{
			"from": [19, 4, 18],
			"to": [20, 5, 20],
			"faces": {
				"north": {"uv": [7.5, 3.75, 7.625, 3.875], "texture": "#0"},
				"east": {"uv": [6.5, 6.5, 6.75, 6.625], "texture": "#0"},
				"south": {"uv": [7.5, 3.875, 7.625, 4], "texture": "#0"},
				"west": {"uv": [0, 6.625, 0.25, 6.75], "texture": "#0"},
				"up": {"uv": [3.5, 6.75, 3.375, 6.5], "texture": "#0"},
				"down": {"uv": [4.875, 6.5, 4.75, 6.75], "texture": "#0"}
			}
		},
		{
			"from": [19, 4, 2],
			"to": [20, 5, 4],
			"faces": {
				"north": {"uv": [5.5, 7.5, 5.625, 7.625], "texture": "#0"},
				"east": {"uv": [6.625, 2.875, 6.875, 3], "texture": "#0"},
				"south": {"uv": [7.5, 5.5, 7.625, 5.625], "texture": "#0"},
				"west": {"uv": [3.5, 6.625, 3.75, 6.75], "texture": "#0"},
				"up": {"uv": [3.875, 6.875, 3.75, 6.625], "texture": "#0"},
				"down": {"uv": [4, 6.625, 3.875, 6.875], "texture": "#0"}
			}
		},
		{
			"from": [17, 4, -1],
			"to": [18, 5, 1],
			"faces": {
				"north": {"uv": [6.375, 7.5, 6.5, 7.625], "texture": "#0"},
				"east": {"uv": [4, 6.625, 4.25, 6.75], "texture": "#0"},
				"south": {"uv": [6.5, 7.5, 6.625, 7.625], "texture": "#0"},
				"west": {"uv": [4.25, 6.625, 4.5, 6.75], "texture": "#0"},
				"up": {"uv": [4.625, 6.875, 4.5, 6.625], "texture": "#0"},
				"down": {"uv": [4.75, 6.625, 4.625, 6.875], "texture": "#0"}
			}
		},
		{
			"from": [15, 4, -4],
			"to": [16, 5, -2],
			"faces": {
				"north": {"uv": [7.25, 7.5, 7.375, 7.625], "texture": "#0"},
				"east": {"uv": [6.625, 4.75, 6.875, 4.875], "texture": "#0"},
				"south": {"uv": [7.375, 7.5, 7.5, 7.625], "texture": "#0"},
				"west": {"uv": [4.875, 6.625, 5.125, 6.75], "texture": "#0"},
				"up": {"uv": [6.75, 5.125, 6.625, 4.875], "texture": "#0"},
				"down": {"uv": [5.25, 6.625, 5.125, 6.875], "texture": "#0"}
			}
		},
		{
			"from": [13, 4, -7],
			"to": [14, 5, -5],
			"faces": {
				"north": {"uv": [0.5, 7.625, 0.625, 7.75], "texture": "#0"},
				"east": {"uv": [5.25, 6.625, 5.5, 6.75], "texture": "#0"},
				"south": {"uv": [0.625, 7.625, 0.75, 7.75], "texture": "#0"},
				"west": {"uv": [6.625, 5.375, 6.875, 5.5], "texture": "#0"},
				"up": {"uv": [5.625, 6.875, 5.5, 6.625], "texture": "#0"},
				"down": {"uv": [5.75, 6.625, 5.625, 6.875], "texture": "#0"}
			}
		},
		{
			"from": [11, 4, -10],
			"to": [12, 5, -8],
			"faces": {
				"north": {"uv": [1.25, 7.625, 1.375, 7.75], "texture": "#0"},
				"east": {"uv": [6.625, 5.5, 6.875, 5.625], "texture": "#0"},
				"south": {"uv": [1.375, 7.625, 1.5, 7.75], "texture": "#0"},
				"west": {"uv": [5.75, 6.625, 6, 6.75], "texture": "#0"},
				"up": {"uv": [6.125, 6.875, 6, 6.625], "texture": "#0"},
				"down": {"uv": [6.25, 6.625, 6.125, 6.875], "texture": "#0"}
			}
		},
		{
			"from": [10, 4, -12],
			"to": [11, 5, -10],
			"faces": {
				"north": {"uv": [1.5, 7.625, 1.625, 7.75], "texture": "#0"},
				"east": {"uv": [6.625, 6.125, 6.875, 6.25], "texture": "#0"},
				"south": {"uv": [7.625, 1.5, 7.75, 1.625], "texture": "#0"},
				"west": {"uv": [6.25, 6.625, 6.5, 6.75], "texture": "#0"},
				"up": {"uv": [6.625, 6.875, 6.5, 6.625], "texture": "#0"},
				"down": {"uv": [6.75, 6.625, 6.625, 6.875], "texture": "#0"}
			}
		},
		{
			"from": [9, 4, -14],
			"to": [10, 5, -12],
			"faces": {
				"north": {"uv": [1.625, 7.625, 1.75, 7.75], "texture": "#0"},
				"east": {"uv": [6.625, 6.375, 6.875, 6.5], "texture": "#0"},
				"south": {"uv": [7.625, 1.625, 7.75, 1.75], "texture": "#0"},
				"west": {"uv": [0, 6.75, 0.25, 6.875], "texture": "#0"},
				"up": {"uv": [6.875, 0.5, 6.75, 0.25], "texture": "#0"},
				"down": {"uv": [0.5, 6.75, 0.375, 7], "texture": "#0"}
			}
		},
		{
			"from": [7, 4, -15],
			"to": [9, 5, -14],
			"faces": {
				"north": {"uv": [0.5, 6.75, 0.75, 6.875], "texture": "#0"},
				"east": {"uv": [1.875, 7.625, 2, 7.75], "texture": "#0"},
				"south": {"uv": [6.75, 0.75, 7, 0.875], "texture": "#0"},
				"west": {"uv": [7.625, 1.875, 7.75, 2], "texture": "#0"},
				"up": {"uv": [1.125, 6.875, 0.875, 6.75], "texture": "#0"},
				"down": {"uv": [7, 0.875, 6.75, 1], "texture": "#0"}
			}
		},
		{
			"from": [7, 3, -14],
			"to": [9, 4, 2],
			"faces": {
				"north": {"uv": [7.375, 3.625, 7.625, 3.75], "texture": "#0"},
				"east": {"uv": [3, 2, 5, 2.125], "texture": "#0"},
				"south": {"uv": [7.375, 4, 7.625, 4.125], "texture": "#0"},
				"west": {"uv": [3, 2.125, 5, 2.25], "texture": "#0"},
				"up": {"uv": [3, 2, 2.75, 0], "texture": "#0"},
				"down": {"uv": [3, 2, 2.75, 4], "texture": "#0"}
			}
		},
		{
			"from": [18, 4, 1],
			"to": [19, 5, 2],
			"faces": {
				"north": {"uv": [5.625, 7.5, 5.75, 7.625], "texture": "#0"},
				"east": {"uv": [5.75, 7.5, 5.875, 7.625], "texture": "#0"},
				"south": {"uv": [5.875, 7.5, 6, 7.625], "texture": "#0"},
				"west": {"uv": [6.125, 7.5, 6.25, 7.625], "texture": "#0"},
				"up": {"uv": [6.375, 7.625, 6.25, 7.5], "texture": "#0"},
				"down": {"uv": [7.625, 6.25, 7.5, 6.375], "texture": "#0"}
			}
		},
		{
			"from": [16, 4, -2],
			"to": [17, 5, -1],
			"faces": {
				"north": {"uv": [6.625, 7.5, 6.75, 7.625], "texture": "#0"},
				"east": {"uv": [7.5, 6.625, 7.625, 6.75], "texture": "#0"},
				"south": {"uv": [6.75, 7.5, 6.875, 7.625], "texture": "#0"},
				"west": {"uv": [7.5, 6.75, 7.625, 6.875], "texture": "#0"},
				"up": {"uv": [7.125, 7.625, 7, 7.5], "texture": "#0"},
				"down": {"uv": [7.25, 7.5, 7.125, 7.625], "texture": "#0"}
			}
		},
		{
			"from": [14, 4, -5],
			"to": [15, 5, -4],
			"faces": {
				"north": {"uv": [7.5, 7.5, 7.625, 7.625], "texture": "#0"},
				"east": {"uv": [0, 7.625, 0.125, 7.75], "texture": "#0"},
				"south": {"uv": [0.125, 7.625, 0.25, 7.75], "texture": "#0"},
				"west": {"uv": [0.25, 7.625, 0.375, 7.75], "texture": "#0"},
				"up": {"uv": [7.75, 0.375, 7.625, 0.25], "texture": "#0"},
				"down": {"uv": [7.75, 0.375, 7.625, 0.5], "texture": "#0"}
			}
		},
		{
			"from": [12, 4, -8],
			"to": [13, 5, -7],
			"faces": {
				"north": {"uv": [7.625, 0.625, 7.75, 0.75], "texture": "#0"},
				"east": {"uv": [0.75, 7.625, 0.875, 7.75], "texture": "#0"},
				"south": {"uv": [7.625, 0.75, 7.75, 0.875], "texture": "#0"},
				"west": {"uv": [0.875, 7.625, 1, 7.75], "texture": "#0"},
				"up": {"uv": [1.125, 7.75, 1, 7.625], "texture": "#0"},
				"down": {"uv": [1.25, 7.625, 1.125, 7.75], "texture": "#0"}
			}
		},
		{
			"from": [20, 4, 16],
			"to": [21, 5, 18],
			"faces": {
				"north": {"uv": [4.125, 7.5, 4.25, 7.625], "texture": "#0"},
				"east": {"uv": [6.625, 0, 6.875, 0.125], "texture": "#0"},
				"south": {"uv": [4.25, 7.5, 4.375, 7.625], "texture": "#0"},
				"west": {"uv": [6.625, 0.125, 6.875, 0.25], "texture": "#0"},
				"up": {"uv": [0.375, 6.875, 0.25, 6.625], "texture": "#0"},
				"down": {"uv": [6.75, 0.25, 6.625, 0.5], "texture": "#0"}
			}
		},
		{
			"from": [20, 4, 4],
			"to": [21, 5, 6],
			"faces": {
				"north": {"uv": [5.375, 7.5, 5.5, 7.625], "texture": "#0"},
				"east": {"uv": [2.625, 6.625, 2.875, 6.75], "texture": "#0"},
				"south": {"uv": [7.5, 5.375, 7.625, 5.5], "texture": "#0"},
				"west": {"uv": [2.875, 6.625, 3.125, 6.75], "texture": "#0"},
				"up": {"uv": [3.25, 6.875, 3.125, 6.625], "texture": "#0"},
				"down": {"uv": [3.375, 6.625, 3.25, 6.875], "texture": "#0"}
			}
		},
		{
			"from": [21, 4, 14],
			"to": [22, 5, 16],
			"faces": {
				"north": {"uv": [7.5, 4.375, 7.625, 4.5], "texture": "#0"},
				"east": {"uv": [6.625, 0.5, 6.875, 0.625], "texture": "#0"},
				"south": {"uv": [7.5, 4.625, 7.625, 4.75], "texture": "#0"},
				"west": {"uv": [6.625, 0.625, 6.875, 0.75], "texture": "#0"},
				"up": {"uv": [0.875, 6.875, 0.75, 6.625], "texture": "#0"},
				"down": {"uv": [6.75, 0.75, 6.625, 1], "texture": "#0"}
			}
		},
		{
			"from": [21, 4, 6],
			"to": [22, 5, 8],
			"faces": {
				"north": {"uv": [5.25, 7.5, 5.375, 7.625], "texture": "#0"},
				"east": {"uv": [6.625, 2.125, 6.875, 2.25], "texture": "#0"},
				"south": {"uv": [7.5, 5.25, 7.625, 5.375], "texture": "#0"},
				"west": {"uv": [6.625, 2.375, 6.875, 2.5], "texture": "#0"},
				"up": {"uv": [2.625, 6.875, 2.5, 6.625], "texture": "#0"},
				"down": {"uv": [6.75, 2.5, 6.625, 2.75], "texture": "#0"}
			}
		},
		{
			"from": [22, 4, 12],
			"to": [23, 5, 14],
			"faces": {
				"north": {"uv": [4.75, 7.5, 4.875, 7.625], "texture": "#0"},
				"east": {"uv": [0.875, 6.625, 1.125, 6.75], "texture": "#0"},
				"south": {"uv": [7.5, 4.75, 7.625, 4.875], "texture": "#0"},
				"west": {"uv": [6.625, 1, 6.875, 1.125], "texture": "#0"},
				"up": {"uv": [1.25, 6.875, 1.125, 6.625], "texture": "#0"},
				"down": {"uv": [6.75, 1.125, 6.625, 1.375], "texture": "#0"}
			}
		},
		{
			"from": [15, 4, 14],
			"to": [16, 5, 16],
			"faces": {
				"north": {"uv": [6.375, 8, 6.5, 8.125], "texture": "#0"},
				"east": {"uv": [0.625, 7.5, 0.875, 7.625], "texture": "#0"},
				"south": {"uv": [8, 6.375, 8.125, 6.5], "texture": "#0"},
				"west": {"uv": [0.875, 7.5, 1.125, 7.625], "texture": "#0"},
				"up": {"uv": [6.125, 7.625, 6, 7.375], "texture": "#0"},
				"down": {"uv": [7, 7.375, 6.875, 7.625], "texture": "#0"}
			}
		},
		{
			"from": [9, 4, 4],
			"to": [10, 5, 6],
			"faces": {
				"north": {"uv": [8.125, 1.5, 8.25, 1.625], "texture": "#0"},
				"east": {"uv": [7.5, 1.25, 7.75, 1.375], "texture": "#0"},
				"south": {"uv": [1.625, 8.125, 1.75, 8.25], "texture": "#0"},
				"west": {"uv": [7.5, 1.375, 7.75, 1.5], "texture": "#0"},
				"up": {"uv": [0.5, 7.75, 0.375, 7.5], "texture": "#0"},
				"down": {"uv": [1.875, 7.5, 1.75, 7.75], "texture": "#0"}
			}
		},
		{
			"from": [6, 4, 4],
			"to": [7, 5, 6],
			"faces": {
				"north": {"uv": [8.125, 1.625, 8.25, 1.75], "texture": "#0"},
				"east": {"uv": [7.5, 1.75, 7.75, 1.875], "texture": "#0"},
				"south": {"uv": [1.75, 8.125, 1.875, 8.25], "texture": "#0"},
				"west": {"uv": [1.875, 7.5, 2.125, 7.625], "texture": "#0"},
				"up": {"uv": [7.625, 2.125, 7.5, 1.875], "texture": "#0"},
				"down": {"uv": [2.25, 7.5, 2.125, 7.75], "texture": "#0"}
			}
		},
		{
			"from": [16, 4, 14],
			"to": [17, 5, 15],
			"faces": {
				"north": {"uv": [6.5, 8, 6.625, 8.125], "texture": "#0"},
				"east": {"uv": [8, 6.5, 8.125, 6.625], "texture": "#0"},
				"south": {"uv": [6.625, 8, 6.75, 8.125], "texture": "#0"},
				"west": {"uv": [8, 6.625, 8.125, 6.75], "texture": "#0"},
				"up": {"uv": [6.875, 8.125, 6.75, 8], "texture": "#0"},
				"down": {"uv": [8.125, 6.75, 8, 6.875], "texture": "#0"}
			}
		},
		{
			"from": [12, 4, 7],
			"to": [17, 5, 8],
			"faces": {
				"north": {"uv": [6, 2.375, 6.625, 2.5], "texture": "#0"},
				"east": {"uv": [6.875, 8, 7, 8.125], "texture": "#0"},
				"south": {"uv": [3, 6, 3.625, 6.125], "texture": "#0"},
				"west": {"uv": [8, 6.875, 8.125, 7], "texture": "#0"},
				"up": {"uv": [6.375, 6.125, 5.75, 6], "texture": "#0"},
				"down": {"uv": [0.875, 6.125, 0.25, 6.25], "texture": "#0"}
			}
		},
		{
			"from": [7, 4, 7],
			"to": [10, 5, 8],
			"faces": {
				"north": {"uv": [1.75, 6.5, 2.125, 6.625], "texture": "#0"},
				"east": {"uv": [7.125, 8, 7.25, 8.125], "texture": "#0"},
				"south": {"uv": [2.625, 6.5, 3, 6.625], "texture": "#0"},
				"west": {"uv": [8, 7.125, 8.125, 7.25], "texture": "#0"},
				"up": {"uv": [3.375, 6.625, 3, 6.5], "texture": "#0"},
				"down": {"uv": [6.875, 3.25, 6.5, 3.375], "texture": "#0"}
			}
		},
		{
			"from": [7, 4, 16],
			"to": [10, 5, 17],
			"faces": {
				"north": {"uv": [6.5, 3.375, 6.875, 3.5], "texture": "#0"},
				"east": {"uv": [7.25, 8, 7.375, 8.125], "texture": "#0"},
				"south": {"uv": [6.5, 3.5, 6.875, 3.625], "texture": "#0"},
				"west": {"uv": [8, 7.25, 8.125, 7.375], "texture": "#0"},
				"up": {"uv": [4, 6.625, 3.625, 6.5], "texture": "#0"},
				"down": {"uv": [6.875, 3.625, 6.5, 3.75], "texture": "#0"}
			}
		},
		{
			"from": [22, 4, 8],
			"to": [23, 5, 10],
			"faces": {
				"north": {"uv": [5, 7.5, 5.125, 7.625], "texture": "#0"},
				"east": {"uv": [1.75, 6.625, 2, 6.75], "texture": "#0"},
				"south": {"uv": [7.5, 5, 7.625, 5.125], "texture": "#0"},
				"west": {"uv": [6.625, 2, 6.875, 2.125], "texture": "#0"},
				"up": {"uv": [2.125, 6.875, 2, 6.625], "texture": "#0"},
				"down": {"uv": [2.5, 6.625, 2.375, 6.875], "texture": "#0"}
			}
		},
		{
			"from": [14, 4, 8],
			"to": [15, 5, 17],
			"faces": {
				"north": {"uv": [6.25, 8, 6.375, 8.125], "texture": "#0"},
				"east": {"uv": [5, 2.625, 6.125, 2.75], "texture": "#0"},
				"south": {"uv": [8, 6.25, 8.125, 6.375], "texture": "#0"},
				"west": {"uv": [3.75, 5, 4.875, 5.125], "texture": "#0"},
				"up": {"uv": [0.875, 6.125, 0.75, 5], "texture": "#0"},
				"down": {"uv": [1, 5, 0.875, 6.125], "texture": "#0"}
			}
		},
		{
			"from": [10, 4, 8],
			"to": [11, 5, 16],
			"faces": {
				"north": {"uv": [7, 8, 7.125, 8.125], "texture": "#0"},
				"east": {"uv": [4.875, 5, 5.875, 5.125], "texture": "#0"},
				"south": {"uv": [8, 7, 8.125, 7.125], "texture": "#0"},
				"west": {"uv": [1.5, 5.125, 2.5, 5.25], "texture": "#0"},
				"up": {"uv": [1.125, 6, 1, 5], "texture": "#0"},
				"down": {"uv": [1.25, 5, 1.125, 6], "texture": "#0"}
			}
		},
		{
			"from": [6, 4, 8],
			"to": [7, 5, 16],
			"faces": {
				"north": {"uv": [7.375, 8, 7.5, 8.125], "texture": "#0"},
				"east": {"uv": [3.75, 5.125, 4.75, 5.25], "texture": "#0"},
				"south": {"uv": [8, 7.375, 8.125, 7.5], "texture": "#0"},
				"west": {"uv": [4.75, 5.125, 5.75, 5.25], "texture": "#0"},
				"up": {"uv": [2.75, 6, 2.625, 5], "texture": "#0"},
				"down": {"uv": [2.625, 5.125, 2.5, 6.125], "texture": "#0"}
			}
		},
		{
			"from": [23, 4, 10],
			"to": [24, 5, 12],
			"faces": {
				"north": {"uv": [4.875, 7.5, 5, 7.625], "texture": "#0"},
				"east": {"uv": [1.25, 6.625, 1.5, 6.75], "texture": "#0"},
				"south": {"uv": [7.5, 4.875, 7.625, 5], "texture": "#0"},
				"west": {"uv": [6.625, 1.375, 6.875, 1.5], "texture": "#0"},
				"up": {"uv": [1.625, 6.875, 1.5, 6.625], "texture": "#0"},
				"down": {"uv": [1.75, 6.625, 1.625, 6.875], "texture": "#0"}
			}
		},
		{
			"from": [6, 4, -14],
			"to": [7, 5, -12],
			"faces": {
				"north": {"uv": [7.625, 5.5, 7.75, 5.625], "texture": "#0"},
				"east": {"uv": [1.375, 6.875, 1.625, 7], "texture": "#0"},
				"south": {"uv": [5.625, 7.625, 5.75, 7.75], "texture": "#0"},
				"west": {"uv": [6.875, 1.375, 7.125, 1.5], "texture": "#0"},
				"up": {"uv": [7, 1.75, 6.875, 1.5], "texture": "#0"},
				"down": {"uv": [1.75, 6.875, 1.625, 7.125], "texture": "#0"}
			}
		},
		{
			"from": [5, 4, -12],
			"to": [6, 5, -10],
			"faces": {
				"north": {"uv": [7.625, 5.375, 7.75, 5.5], "texture": "#0"},
				"east": {"uv": [0.875, 6.875, 1.125, 7], "texture": "#0"},
				"south": {"uv": [5.5, 7.625, 5.625, 7.75], "texture": "#0"},
				"west": {"uv": [6.875, 1, 7.125, 1.125], "texture": "#0"},
				"up": {"uv": [1.25, 7.125, 1.125, 6.875], "texture": "#0"},
				"down": {"uv": [1.375, 6.875, 1.25, 7.125], "texture": "#0"}
			}
		},
		{
			"from": [4, 4, -10],
			"to": [5, 5, -8],
			"faces": {
				"north": {"uv": [7.625, 5.25, 7.75, 5.375], "texture": "#0"},
				"east": {"uv": [6.875, 0.375, 7.125, 0.5], "texture": "#0"},
				"south": {"uv": [5.375, 7.625, 5.5, 7.75], "texture": "#0"},
				"west": {"uv": [0.5, 6.875, 0.75, 7], "texture": "#0"},
				"up": {"uv": [7, 0.75, 6.875, 0.5], "texture": "#0"},
				"down": {"uv": [0.875, 6.875, 0.75, 7.125], "texture": "#0"}
			}
		},
		{
			"from": [3, 4, -8],
			"to": [4, 5, -7],
			"faces": {
				"north": {"uv": [7.625, 4.875, 7.75, 5], "texture": "#0"},
				"east": {"uv": [5, 7.625, 5.125, 7.75], "texture": "#0"},
				"south": {"uv": [7.625, 5, 7.75, 5.125], "texture": "#0"},
				"west": {"uv": [5.125, 7.625, 5.25, 7.75], "texture": "#0"},
				"up": {"uv": [7.75, 5.25, 7.625, 5.125], "texture": "#0"},
				"down": {"uv": [5.375, 7.625, 5.25, 7.75], "texture": "#0"}
			}
		},
		{
			"from": [2, 4, -7],
			"to": [3, 5, -5],
			"faces": {
				"north": {"uv": [7.625, 4.75, 7.75, 4.875], "texture": "#0"},
				"east": {"uv": [0, 6.875, 0.25, 7], "texture": "#0"},
				"south": {"uv": [4.875, 7.625, 5, 7.75], "texture": "#0"},
				"west": {"uv": [6.875, 0, 7.125, 0.125], "texture": "#0"},
				"up": {"uv": [7, 0.375, 6.875, 0.125], "texture": "#0"},
				"down": {"uv": [0.375, 6.875, 0.25, 7.125], "texture": "#0"}
			}
		},
		{
			"from": [1, 4, -5],
			"to": [2, 5, -4],
			"faces": {
				"north": {"uv": [7.625, 4.375, 7.75, 4.5], "texture": "#0"},
				"east": {"uv": [4.5, 7.625, 4.625, 7.75], "texture": "#0"},
				"south": {"uv": [7.625, 4.5, 7.75, 4.625], "texture": "#0"},
				"west": {"uv": [4.625, 7.625, 4.75, 7.75], "texture": "#0"},
				"up": {"uv": [7.75, 4.75, 7.625, 4.625], "texture": "#0"},
				"down": {"uv": [4.875, 7.625, 4.75, 7.75], "texture": "#0"}
			}
		},
		{
			"from": [0, 4, -4],
			"to": [1, 5, -2],
			"faces": {
				"north": {"uv": [7.625, 4.25, 7.75, 4.375], "texture": "#0"},
				"east": {"uv": [6.75, 6, 7, 6.125], "texture": "#0"},
				"south": {"uv": [4.375, 7.625, 4.5, 7.75], "texture": "#0"},
				"west": {"uv": [6.25, 6.75, 6.5, 6.875], "texture": "#0"},
				"up": {"uv": [6.875, 6.75, 6.75, 6.5], "texture": "#0"},
				"down": {"uv": [6.875, 6.75, 6.75, 7], "texture": "#0"}
			}
		},
		{
			"from": [-1, 4, -2],
			"to": [0, 5, -1],
			"faces": {
				"north": {"uv": [7.625, 3.875, 7.75, 4], "texture": "#0"},
				"east": {"uv": [4, 7.625, 4.125, 7.75], "texture": "#0"},
				"south": {"uv": [7.625, 4, 7.75, 4.125], "texture": "#0"},
				"west": {"uv": [4.125, 7.625, 4.25, 7.75], "texture": "#0"},
				"up": {"uv": [7.75, 4.25, 7.625, 4.125], "texture": "#0"},
				"down": {"uv": [4.375, 7.625, 4.25, 7.75], "texture": "#0"}
			}
		},
		{
			"from": [-2, 4, -1],
			"to": [-1, 5, 1],
			"faces": {
				"north": {"uv": [7.625, 3.75, 7.75, 3.875], "texture": "#0"},
				"east": {"uv": [6.75, 5, 7, 5.125], "texture": "#0"},
				"south": {"uv": [3.875, 7.625, 4, 7.75], "texture": "#0"},
				"west": {"uv": [6.75, 5.25, 7, 5.375], "texture": "#0"},
				"up": {"uv": [5.875, 7, 5.75, 6.75], "texture": "#0"},
				"down": {"uv": [6, 6.75, 5.875, 7], "texture": "#0"}
			}
		},
		{
			"from": [-3, 4, 1],
			"to": [-2, 5, 2],
			"faces": {
				"north": {"uv": [3.375, 7.625, 3.5, 7.75], "texture": "#0"},
				"east": {"uv": [7.625, 3.375, 7.75, 3.5], "texture": "#0"},
				"south": {"uv": [3.5, 7.625, 3.625, 7.75], "texture": "#0"},
				"west": {"uv": [3.625, 7.625, 3.75, 7.75], "texture": "#0"},
				"up": {"uv": [7.75, 3.75, 7.625, 3.625], "texture": "#0"},
				"down": {"uv": [3.875, 7.625, 3.75, 7.75], "texture": "#0"}
			}
		},
		{
			"from": [-3, 4, 7],
			"to": [-2, 5, 8],
			"faces": {
				"north": {"uv": [8.125, 0, 8.25, 0.125], "texture": "#0"},
				"east": {"uv": [0.125, 8.125, 0.25, 8.25], "texture": "#0"},
				"south": {"uv": [8.125, 0.125, 8.25, 0.25], "texture": "#0"},
				"west": {"uv": [0.25, 8.125, 0.375, 8.25], "texture": "#0"},
				"up": {"uv": [8.25, 0.375, 8.125, 0.25], "texture": "#0"},
				"down": {"uv": [0.5, 8.125, 0.375, 8.25], "texture": "#0"}
			}
		},
		{
			"from": [-3, 4, 9],
			"to": [-2, 5, 10],
			"faces": {
				"north": {"uv": [8.125, 0.375, 8.25, 0.5], "texture": "#0"},
				"east": {"uv": [0.5, 8.125, 0.625, 8.25], "texture": "#0"},
				"south": {"uv": [8.125, 0.5, 8.25, 0.625], "texture": "#0"},
				"west": {"uv": [0.625, 8.125, 0.75, 8.25], "texture": "#0"},
				"up": {"uv": [8.25, 0.75, 8.125, 0.625], "texture": "#0"},
				"down": {"uv": [0.875, 8.125, 0.75, 8.25], "texture": "#0"}
			}
		},
		{
			"from": [-4, 4, 2],
			"to": [-3, 5, 4],
			"faces": {
				"north": {"uv": [7.625, 3.125, 7.75, 3.25], "texture": "#0"},
				"east": {"uv": [4.875, 6.75, 5.125, 6.875], "texture": "#0"},
				"south": {"uv": [3.25, 7.625, 3.375, 7.75], "texture": "#0"},
				"west": {"uv": [6.75, 4.875, 7, 5], "texture": "#0"},
				"up": {"uv": [5.375, 7, 5.25, 6.75], "texture": "#0"},
				"down": {"uv": [5.5, 6.75, 5.375, 7], "texture": "#0"}
			}
		},
		{
			"from": [-5, 4, 4],
			"to": [-4, 5, 6],
			"faces": {
				"north": {"uv": [7.625, 3, 7.75, 3.125], "texture": "#0"},
				"east": {"uv": [6.75, 4.5, 7, 4.625], "texture": "#0"},
				"south": {"uv": [3.125, 7.625, 3.25, 7.75], "texture": "#0"},
				"west": {"uv": [6.75, 4.625, 7, 4.75], "texture": "#0"},
				"up": {"uv": [4.5, 7, 4.375, 6.75], "texture": "#0"},
				"down": {"uv": [4.875, 6.75, 4.75, 7], "texture": "#0"}
			}
		},
		{
			"from": [-6, 4, 6],
			"to": [-5, 5, 8],
			"faces": {
				"north": {"uv": [2.875, 7.625, 3, 7.75], "texture": "#0"},
				"east": {"uv": [4, 6.75, 4.25, 6.875], "texture": "#0"},
				"south": {"uv": [3, 7.625, 3.125, 7.75], "texture": "#0"},
				"west": {"uv": [6.75, 4.125, 7, 4.25], "texture": "#0"},
				"up": {"uv": [4.375, 7, 4.25, 6.75], "texture": "#0"},
				"down": {"uv": [6.875, 4.25, 6.75, 4.5], "texture": "#0"}
			}
		},
		{
			"from": [-2, 4, 7],
			"to": [-1, 5, 10],
			"faces": {
				"north": {"uv": [8, 8, 8.125, 8.125], "texture": "#0"},
				"east": {"uv": [6.125, 6.5, 6.5, 6.625], "texture": "#0"},
				"south": {"uv": [0, 8.125, 0.125, 8.25], "texture": "#0"},
				"west": {"uv": [6.5, 6.25, 6.875, 6.375], "texture": "#0"},
				"up": {"uv": [5, 6.625, 4.875, 6.25], "texture": "#0"},
				"down": {"uv": [0.5, 6.375, 0.375, 6.75], "texture": "#0"}
			}
		},
		{
			"from": [-7, 4, 8],
			"to": [-6, 5, 10],
			"faces": {
				"north": {"uv": [7.625, 2.625, 7.75, 2.75], "texture": "#0"},
				"east": {"uv": [6.75, 3.125, 7, 3.25], "texture": "#0"},
				"south": {"uv": [2.75, 7.625, 2.875, 7.75], "texture": "#0"},
				"west": {"uv": [6.75, 3.75, 7, 3.875], "texture": "#0"},
				"up": {"uv": [3.75, 7, 3.625, 6.75], "texture": "#0"},
				"down": {"uv": [6.875, 3.875, 6.75, 4.125], "texture": "#0"}
			}
		},
		{
			"from": [-8, 4, 10],
			"to": [-7, 5, 12],
			"faces": {
				"north": {"uv": [2.5, 7.625, 2.625, 7.75], "texture": "#0"},
				"east": {"uv": [6.75, 2.75, 7, 2.875], "texture": "#0"},
				"south": {"uv": [2.625, 7.625, 2.75, 7.75], "texture": "#0"},
				"west": {"uv": [6.75, 3, 7, 3.125], "texture": "#0"},
				"up": {"uv": [3.5, 7, 3.375, 6.75], "texture": "#0"},
				"down": {"uv": [3.625, 6.75, 3.5, 7], "texture": "#0"}
			}
		},
		{
			"from": [-7, 4, 12],
			"to": [-6, 5, 14],
			"faces": {
				"north": {"uv": [7.625, 2.25, 7.75, 2.375], "texture": "#0"},
				"east": {"uv": [6.75, 2.25, 7, 2.375], "texture": "#0"},
				"south": {"uv": [2.375, 7.625, 2.5, 7.75], "texture": "#0"},
				"west": {"uv": [2.625, 6.75, 2.875, 6.875], "texture": "#0"},
				"up": {"uv": [3, 7, 2.875, 6.75], "texture": "#0"},
				"down": {"uv": [3.125, 6.75, 3, 7], "texture": "#0"}
			}
		},
		{
			"from": [-6, 4, 14],
			"to": [-5, 5, 16],
			"faces": {
				"north": {"uv": [7.625, 2.125, 7.75, 2.25], "texture": "#0"},
				"east": {"uv": [6.75, 1.25, 7, 1.375], "texture": "#0"},
				"south": {"uv": [2.25, 7.625, 2.375, 7.75], "texture": "#0"},
				"west": {"uv": [2.125, 6.75, 2.375, 6.875], "texture": "#0"},
				"up": {"uv": [2, 7, 1.875, 6.75], "texture": "#0"},
				"down": {"uv": [6.875, 2.5, 6.75, 2.75], "texture": "#0"}
			}
		},
		{
			"from": [-5, 4, 16],
			"to": [-4, 5, 18],
			"faces": {
				"north": {"uv": [2, 7.625, 2.125, 7.75], "texture": "#0"},
				"east": {"uv": [6.75, 1.125, 7, 1.25], "texture": "#0"},
				"south": {"uv": [7.625, 2, 7.75, 2.125], "texture": "#0"},
				"west": {"uv": [1.25, 6.75, 1.5, 6.875], "texture": "#0"},
				"up": {"uv": [1.875, 7, 1.75, 6.75], "texture": "#0"},
				"down": {"uv": [6.875, 1.75, 6.75, 2], "texture": "#0"}
			}
		},
		{
			"from": [-4, 4, 18],
			"to": [-3, 5, 20],
			"faces": {
				"north": {"uv": [4.75, 6.25, 4.875, 6.375], "texture": "#0"},
				"east": {"uv": [3.25, 6.25, 3.5, 6.375], "texture": "#0"},
				"south": {"uv": [2.875, 7.5, 3, 7.625], "texture": "#0"},
				"west": {"uv": [1, 6.5, 1.25, 6.625], "texture": "#0"},
				"up": {"uv": [2.25, 6.75, 2.125, 6.5], "texture": "#0"},
				"down": {"uv": [2.375, 6.5, 2.25, 6.75], "texture": "#0"}
			}
		},
		{
			"from": [-4, 2, 18],
			"to": [-3, 3, 20],
			"faces": {
				"north": {"uv": [4.875, 7.75, 5, 7.875], "texture": "#0"},
				"east": {"uv": [7.125, 2.25, 7.375, 2.375], "texture": "#0"},
				"south": {"uv": [7.75, 4.875, 7.875, 5], "texture": "#0"},
				"west": {"uv": [2.5, 7.125, 2.75, 7.25], "texture": "#0"},
				"up": {"uv": [2.875, 7.375, 2.75, 7.125], "texture": "#0"},
				"down": {"uv": [7.25, 2.875, 7.125, 3.125], "texture": "#0"}
			}
		},
		{
			"from": [-3, 2, 20],
			"to": [19, 3, 21],
			"faces": {
				"north": {"uv": [3, 0.5, 5.75, 0.625], "texture": "#0"},
				"east": {"uv": [4.75, 7.75, 4.875, 7.875], "texture": "#0"},
				"south": {"uv": [3, 0.625, 5.75, 0.75], "texture": "#0"},
				"west": {"uv": [7.75, 4.75, 7.875, 4.875], "texture": "#0"},
				"up": {"uv": [5.75, 0.875, 3, 0.75], "texture": "#0"},
				"down": {"uv": [5.75, 0.875, 3, 1], "texture": "#0"}
			}
		},
		{
			"from": [19, 2, 18],
			"to": [20, 3, 20],
			"faces": {
				"north": {"uv": [4.625, 7.75, 4.75, 7.875], "texture": "#0"},
				"east": {"uv": [7.125, 1.875, 7.375, 2], "texture": "#0"},
				"south": {"uv": [7.75, 4.625, 7.875, 4.75], "texture": "#0"},
				"west": {"uv": [7.125, 2.125, 7.375, 2.25], "texture": "#0"},
				"up": {"uv": [2.375, 7.375, 2.25, 7.125], "texture": "#0"},
				"down": {"uv": [2.5, 7.125, 2.375, 7.375], "texture": "#0"}
			}
		},
		{
			"from": [20, 2, 16],
			"to": [21, 3, 18],
			"faces": {
				"north": {"uv": [4.5, 7.75, 4.625, 7.875], "texture": "#0"},
				"east": {"uv": [1.75, 7.125, 2, 7.25], "texture": "#0"},
				"south": {"uv": [7.75, 4.5, 7.875, 4.625], "texture": "#0"},
				"west": {"uv": [7.125, 1.75, 7.375, 1.875], "texture": "#0"},
				"up": {"uv": [2.125, 7.375, 2, 7.125], "texture": "#0"},
				"down": {"uv": [2.25, 7.125, 2.125, 7.375], "texture": "#0"}
			}
		},
		{
			"from": [21, 2, 14],
			"to": [22, 3, 16],
			"faces": {
				"north": {"uv": [4.375, 7.75, 4.5, 7.875], "texture": "#0"},
				"east": {"uv": [7.125, 1, 7.375, 1.125], "texture": "#0"},
				"south": {"uv": [7.75, 4.375, 7.875, 4.5], "texture": "#0"},
				"west": {"uv": [7.125, 1.375, 7.375, 1.5], "texture": "#0"},
				"up": {"uv": [1.375, 7.375, 1.25, 7.125], "texture": "#0"},
				"down": {"uv": [1.75, 7.125, 1.625, 7.375], "texture": "#0"}
			}
		},
		{
			"from": [22, 2, 12],
			"to": [23, 3, 14],
			"faces": {
				"north": {"uv": [4.25, 7.75, 4.375, 7.875], "texture": "#0"},
				"east": {"uv": [7.125, 0.625, 7.375, 0.75], "texture": "#0"},
				"south": {"uv": [7.75, 4.25, 7.875, 4.375], "texture": "#0"},
				"west": {"uv": [7.125, 0.75, 7.375, 0.875], "texture": "#0"},
				"up": {"uv": [0.875, 7.375, 0.75, 7.125], "texture": "#0"},
				"down": {"uv": [1.25, 7.125, 1.125, 7.375], "texture": "#0"}
			}
		},
		{
			"from": [23, 2, 10],
			"to": [24, 3, 12],
			"faces": {
				"north": {"uv": [4.125, 7.75, 4.25, 7.875], "texture": "#0"},
				"east": {"uv": [7.125, 0.25, 7.375, 0.375], "texture": "#0"},
				"south": {"uv": [7.75, 4.125, 7.875, 4.25], "texture": "#0"},
				"west": {"uv": [7.125, 0.375, 7.375, 0.5], "texture": "#0"},
				"up": {"uv": [0.625, 7.375, 0.5, 7.125], "texture": "#0"},
				"down": {"uv": [0.75, 7.125, 0.625, 7.375], "texture": "#0"}
			}
		},
		{
			"from": [22, 2, 8],
			"to": [23, 3, 10],
			"faces": {
				"north": {"uv": [4, 7.75, 4.125, 7.875], "texture": "#0"},
				"east": {"uv": [7, 6.75, 7.25, 6.875], "texture": "#0"},
				"south": {"uv": [7.75, 4, 7.875, 4.125], "texture": "#0"},
				"west": {"uv": [0, 7.125, 0.25, 7.25], "texture": "#0"},
				"up": {"uv": [7.25, 0.25, 7.125, 0], "texture": "#0"},
				"down": {"uv": [0.375, 7.125, 0.25, 7.375], "texture": "#0"}
			}
		},
		{
			"from": [21, 2, 6],
			"to": [22, 3, 8],
			"faces": {
				"north": {"uv": [3.875, 7.75, 4, 7.875], "texture": "#0"},
				"east": {"uv": [7, 6.625, 7.25, 6.75], "texture": "#0"},
				"south": {"uv": [7.75, 3.875, 7.875, 4], "texture": "#0"},
				"west": {"uv": [6.75, 7, 7, 7.125], "texture": "#0"},
				"up": {"uv": [6.625, 7.25, 6.5, 7], "texture": "#0"},
				"down": {"uv": [7.125, 7, 7, 7.25], "texture": "#0"}
			}
		},
		{
			"from": [20, 2, 4],
			"to": [21, 3, 6],
			"faces": {
				"north": {"uv": [3.75, 7.75, 3.875, 7.875], "texture": "#0"},
				"east": {"uv": [6, 7, 6.25, 7.125], "texture": "#0"},
				"south": {"uv": [7.75, 3.75, 7.875, 3.875], "texture": "#0"},
				"west": {"uv": [7, 6, 7.25, 6.125], "texture": "#0"},
				"up": {"uv": [7.125, 6.5, 7, 6.25], "texture": "#0"},
				"down": {"uv": [6.5, 7, 6.375, 7.25], "texture": "#0"}
			}
		},
		{
			"from": [19, 2, 2],
			"to": [20, 3, 4],
			"faces": {
				"north": {"uv": [3.625, 7.75, 3.75, 7.875], "texture": "#0"},
				"east": {"uv": [7, 5.25, 7.25, 5.375], "texture": "#0"},
				"south": {"uv": [7.75, 3.625, 7.875, 3.75], "texture": "#0"},
				"west": {"uv": [5.75, 7, 6, 7.125], "texture": "#0"},
				"up": {"uv": [5.5, 7.25, 5.375, 7], "texture": "#0"},
				"down": {"uv": [7.125, 5.75, 7, 6], "texture": "#0"}
			}
		},
		{
			"from": [18, 2, 1],
			"to": [19, 3, 2],
			"faces": {
				"north": {"uv": [3.25, 7.75, 3.375, 7.875], "texture": "#0"},
				"east": {"uv": [7.75, 3.25, 7.875, 3.375], "texture": "#0"},
				"south": {"uv": [3.375, 7.75, 3.5, 7.875], "texture": "#0"},
				"west": {"uv": [7.75, 3.375, 7.875, 3.5], "texture": "#0"},
				"up": {"uv": [3.625, 7.875, 3.5, 7.75], "texture": "#0"},
				"down": {"uv": [7.875, 3.5, 7.75, 3.625], "texture": "#0"}
			}
		},
		{
			"from": [17, 2, -1],
			"to": [18, 3, 1],
			"faces": {
				"north": {"uv": [3.125, 7.75, 3.25, 7.875], "texture": "#0"},
				"east": {"uv": [7, 4.875, 7.25, 5], "texture": "#0"},
				"south": {"uv": [7.75, 3.125, 7.875, 3.25], "texture": "#0"},
				"west": {"uv": [7, 5, 7.25, 5.125], "texture": "#0"},
				"up": {"uv": [4.875, 7.25, 4.75, 7], "texture": "#0"},
				"down": {"uv": [5.375, 7, 5.25, 7.25], "texture": "#0"}
			}
		},
		{
			"from": [16, 2, -2],
			"to": [17, 3, -1],
			"faces": {
				"north": {"uv": [2.75, 7.75, 2.875, 7.875], "texture": "#0"},
				"east": {"uv": [7.75, 2.75, 7.875, 2.875], "texture": "#0"},
				"south": {"uv": [2.875, 7.75, 3, 7.875], "texture": "#0"},
				"west": {"uv": [7.75, 2.875, 7.875, 3], "texture": "#0"},
				"up": {"uv": [3.125, 7.875, 3, 7.75], "texture": "#0"},
				"down": {"uv": [7.875, 3, 7.75, 3.125], "texture": "#0"}
			}
		},
		{
			"from": [15, 2, -4],
			"to": [16, 3, -2],
			"faces": {
				"north": {"uv": [2.625, 7.75, 2.75, 7.875], "texture": "#0"},
				"east": {"uv": [7, 4.125, 7.25, 4.25], "texture": "#0"},
				"south": {"uv": [7.75, 2.625, 7.875, 2.75], "texture": "#0"},
				"west": {"uv": [4.25, 7, 4.5, 7.125], "texture": "#0"},
				"up": {"uv": [4, 7.25, 3.875, 7], "texture": "#0"},
				"down": {"uv": [7.125, 4.5, 7, 4.75], "texture": "#0"}
			}
		},
		{
			"from": [14, 2, -5],
			"to": [15, 3, -4],
			"faces": {
				"north": {"uv": [2.25, 7.75, 2.375, 7.875], "texture": "#0"},
				"east": {"uv": [7.75, 2.25, 7.875, 2.375], "texture": "#0"},
				"south": {"uv": [2.375, 7.75, 2.5, 7.875], "texture": "#0"},
				"west": {"uv": [7.75, 2.375, 7.875, 2.5], "texture": "#0"},
				"up": {"uv": [2.625, 7.875, 2.5, 7.75], "texture": "#0"},
				"down": {"uv": [7.875, 2.5, 7.75, 2.625], "texture": "#0"}
			}
		},
		{
			"from": [13, 2, -7],
			"to": [14, 3, -5],
			"faces": {
				"north": {"uv": [2.125, 7.75, 2.25, 7.875], "texture": "#0"},
				"east": {"uv": [3.5, 7, 3.75, 7.125], "texture": "#0"},
				"south": {"uv": [7.75, 2.125, 7.875, 2.25], "texture": "#0"},
				"west": {"uv": [7, 3.5, 7.25, 3.625], "texture": "#0"},
				"up": {"uv": [7.125, 3.875, 7, 3.625], "texture": "#0"},
				"down": {"uv": [3.875, 7, 3.75, 7.25], "texture": "#0"}
			}
		},
		{
			"from": [12, 2, -8],
			"to": [13, 3, -7],
			"faces": {
				"north": {"uv": [1.75, 7.75, 1.875, 7.875], "texture": "#0"},
				"east": {"uv": [7.75, 1.75, 7.875, 1.875], "texture": "#0"},
				"south": {"uv": [1.875, 7.75, 2, 7.875], "texture": "#0"},
				"west": {"uv": [7.75, 1.875, 7.875, 2], "texture": "#0"},
				"up": {"uv": [2.125, 7.875, 2, 7.75], "texture": "#0"},
				"down": {"uv": [7.875, 2, 7.75, 2.125], "texture": "#0"}
			}
		},
		{
			"from": [11, 2, -10],
			"to": [12, 3, -8],
			"faces": {
				"north": {"uv": [1.625, 7.75, 1.75, 7.875], "texture": "#0"},
				"east": {"uv": [7, 2.5, 7.25, 2.625], "texture": "#0"},
				"south": {"uv": [7.75, 1.625, 7.875, 1.75], "texture": "#0"},
				"west": {"uv": [7, 2.75, 7.25, 2.875], "texture": "#0"},
				"up": {"uv": [7.125, 3.25, 7, 3], "texture": "#0"},
				"down": {"uv": [3.5, 7, 3.375, 7.25], "texture": "#0"}
			}
		},
		{
			"from": [10, 2, -12],
			"to": [11, 3, -10],
			"faces": {
				"north": {"uv": [1.5, 7.75, 1.625, 7.875], "texture": "#0"},
				"east": {"uv": [2.375, 7, 2.625, 7.125], "texture": "#0"},
				"south": {"uv": [7.75, 1.5, 7.875, 1.625], "texture": "#0"},
				"west": {"uv": [7, 2.375, 7.25, 2.5], "texture": "#0"},
				"up": {"uv": [3, 7.25, 2.875, 7], "texture": "#0"},
				"down": {"uv": [3.125, 7, 3, 7.25], "texture": "#0"}
			}
		},
		{
			"from": [9, 2, -14],
			"to": [10, 3, -12],
			"faces": {
				"north": {"uv": [1.375, 7.75, 1.5, 7.875], "texture": "#0"},
				"east": {"uv": [7, 2, 7.25, 2.125], "texture": "#0"},
				"south": {"uv": [7.75, 1.375, 7.875, 1.5], "texture": "#0"},
				"west": {"uv": [2.125, 7, 2.375, 7.125], "texture": "#0"},
				"up": {"uv": [1.625, 7.25, 1.5, 7], "texture": "#0"},
				"down": {"uv": [7.125, 2.125, 7, 2.375], "texture": "#0"}
			}
		},
		{
			"from": [7, 2, -15],
			"to": [9, 3, -14],
			"faces": {
				"north": {"uv": [7, 1.25, 7.25, 1.375], "texture": "#0"},
				"east": {"uv": [1.25, 7.75, 1.375, 7.875], "texture": "#0"},
				"south": {"uv": [7, 1.5, 7.25, 1.625], "texture": "#0"},
				"west": {"uv": [7.75, 1.25, 7.875, 1.375], "texture": "#0"},
				"up": {"uv": [7.25, 1.75, 7, 1.625], "texture": "#0"},
				"down": {"uv": [2, 7, 1.75, 7.125], "texture": "#0"}
			}
		},
		{
			"from": [-5, 2, 16],
			"to": [-4, 3, 18],
			"faces": {
				"north": {"uv": [1.125, 7.75, 1.25, 7.875], "texture": "#0"},
				"east": {"uv": [7, 0.875, 7.25, 1], "texture": "#0"},
				"south": {"uv": [7.75, 1.125, 7.875, 1.25], "texture": "#0"},
				"west": {"uv": [7, 1.125, 7.25, 1.25], "texture": "#0"},
				"up": {"uv": [1.125, 7.25, 1, 7], "texture": "#0"},
				"down": {"uv": [1.5, 7, 1.375, 7.25], "texture": "#0"}
			}
		},
		{
			"from": [-6, 2, 14],
			"to": [-5, 3, 16],
			"faces": {
				"north": {"uv": [1, 7.75, 1.125, 7.875], "texture": "#0"},
				"east": {"uv": [0.5, 7, 0.75, 7.125], "texture": "#0"},
				"south": {"uv": [7.75, 1, 7.875, 1.125], "texture": "#0"},
				"west": {"uv": [7, 0.5, 7.25, 0.625], "texture": "#0"},
				"up": {"uv": [7.125, 0.875, 7, 0.625], "texture": "#0"},
				"down": {"uv": [1, 7, 0.875, 7.25], "texture": "#0"}
			}
		},
		{
			"from": [-7, 2, 12],
			"to": [-6, 3, 14],
			"faces": {
				"north": {"uv": [0.875, 7.75, 1, 7.875], "texture": "#0"},
				"east": {"uv": [6.875, 6.875, 7.125, 7], "texture": "#0"},
				"south": {"uv": [7.75, 0.875, 7.875, 1], "texture": "#0"},
				"west": {"uv": [0, 7, 0.25, 7.125], "texture": "#0"},
				"up": {"uv": [7.125, 0.375, 7, 0.125], "texture": "#0"},
				"down": {"uv": [0.5, 7, 0.375, 7.25], "texture": "#0"}
			}
		},
		{
			"from": [-8, 2, 10],
			"to": [-7, 3, 12],
			"faces": {
				"north": {"uv": [0.75, 7.75, 0.875, 7.875], "texture": "#0"},
				"east": {"uv": [6.375, 6.875, 6.625, 7], "texture": "#0"},
				"south": {"uv": [7.75, 0.75, 7.875, 0.875], "texture": "#0"},
				"west": {"uv": [6.875, 6.5, 7.125, 6.625], "texture": "#0"},
				"up": {"uv": [6.75, 7.125, 6.625, 6.875], "texture": "#0"},
				"down": {"uv": [7, 6.625, 6.875, 6.875], "texture": "#0"}
			}
		},
		{
			"from": [-7, 2, 8],
			"to": [-6, 3, 10],
			"faces": {
				"north": {"uv": [0.625, 7.75, 0.75, 7.875], "texture": "#0"},
				"east": {"uv": [6, 6.875, 6.25, 7], "texture": "#0"},
				"south": {"uv": [7.75, 0.625, 7.875, 0.75], "texture": "#0"},
				"west": {"uv": [6.875, 6.125, 7.125, 6.25], "texture": "#0"},
				"up": {"uv": [6.375, 7.125, 6.25, 6.875], "texture": "#0"},
				"down": {"uv": [7, 6.25, 6.875, 6.5], "texture": "#0"}
			}
		},
		{
			"from": [-6, 2, 6],
			"to": [-5, 3, 8],
			"faces": {
				"north": {"uv": [0.5, 7.75, 0.625, 7.875], "texture": "#0"},
				"east": {"uv": [6.875, 5.5, 7.125, 5.625], "texture": "#0"},
				"south": {"uv": [7.75, 0.5, 7.875, 0.625], "texture": "#0"},
				"west": {"uv": [6.875, 5.625, 7.125, 5.75], "texture": "#0"},
				"up": {"uv": [5.75, 7.125, 5.625, 6.875], "texture": "#0"},
				"down": {"uv": [7, 5.75, 6.875, 6], "texture": "#0"}
			}
		},
		{
			"from": [-5, 2, 4],
			"to": [-4, 3, 6],
			"faces": {
				"north": {"uv": [0.375, 7.75, 0.5, 7.875], "texture": "#0"},
				"east": {"uv": [6.875, 5.125, 7.125, 5.25], "texture": "#0"},
				"south": {"uv": [7.75, 0.375, 7.875, 0.5], "texture": "#0"},
				"west": {"uv": [6.875, 5.375, 7.125, 5.5], "texture": "#0"},
				"up": {"uv": [5.25, 7.125, 5.125, 6.875], "texture": "#0"},
				"down": {"uv": [5.625, 6.875, 5.5, 7.125], "texture": "#0"}
			}
		},
		{
			"from": [-4, 2, 2],
			"to": [-3, 3, 4],
			"faces": {
				"north": {"uv": [0.25, 7.75, 0.375, 7.875], "texture": "#0"},
				"east": {"uv": [6.875, 4.375, 7.125, 4.5], "texture": "#0"},
				"south": {"uv": [7.75, 0.25, 7.875, 0.375], "texture": "#0"},
				"west": {"uv": [6.875, 4.75, 7.125, 4.875], "texture": "#0"},
				"up": {"uv": [5, 7.125, 4.875, 6.875], "texture": "#0"},
				"down": {"uv": [5.125, 6.875, 5, 7.125], "texture": "#0"}
			}
		},
		{
			"from": [-3, 2, 1],
			"to": [-2, 3, 2],
			"faces": {
				"north": {"uv": [7.625, 7.5, 7.75, 7.625], "texture": "#0"},
				"east": {"uv": [7.625, 7.625, 7.75, 7.75], "texture": "#0"},
				"south": {"uv": [0, 7.75, 0.125, 7.875], "texture": "#0"},
				"west": {"uv": [7.75, 0, 7.875, 0.125], "texture": "#0"},
				"up": {"uv": [0.25, 7.875, 0.125, 7.75], "texture": "#0"},
				"down": {"uv": [7.875, 0.125, 7.75, 0.25], "texture": "#0"}
			}
		},
		{
			"from": [-2, 2, -1],
			"to": [-1, 3, 1],
			"faces": {
				"north": {"uv": [7.625, 7.375, 7.75, 7.5], "texture": "#0"},
				"east": {"uv": [6.875, 4, 7.125, 4.125], "texture": "#0"},
				"south": {"uv": [7.5, 7.625, 7.625, 7.75], "texture": "#0"},
				"west": {"uv": [6.875, 4.25, 7.125, 4.375], "texture": "#0"},
				"up": {"uv": [4.625, 7.125, 4.5, 6.875], "texture": "#0"},
				"down": {"uv": [4.75, 6.875, 4.625, 7.125], "texture": "#0"}
			}
		},
		{
			"from": [-1, 2, -2],
			"to": [0, 3, -1],
			"rotation": {"angle": 0, "axis": "z", "origin": [-3, 0, 8]},
			"faces": {
				"north": {"uv": [7.625, 7, 7.75, 7.125], "texture": "#0"},
				"east": {"uv": [7.125, 7.625, 7.25, 7.75], "texture": "#0"},
				"south": {"uv": [7.625, 7.125, 7.75, 7.25], "texture": "#0"},
				"west": {"uv": [7.25, 7.625, 7.375, 7.75], "texture": "#0"},
				"up": {"uv": [7.75, 7.375, 7.625, 7.25], "texture": "#0"},
				"down": {"uv": [7.5, 7.625, 7.375, 7.75], "texture": "#0"}
			}
		},
		{
			"from": [0, 2, -4],
			"to": [1, 3, -2],
			"faces": {
				"north": {"uv": [7.625, 6.875, 7.75, 7], "texture": "#0"},
				"east": {"uv": [3.75, 6.875, 4, 7], "texture": "#0"},
				"south": {"uv": [7, 7.625, 7.125, 7.75], "texture": "#0"},
				"west": {"uv": [6.875, 3.875, 7.125, 4], "texture": "#0"},
				"up": {"uv": [4.125, 7.125, 4, 6.875], "texture": "#0"},
				"down": {"uv": [4.25, 6.875, 4.125, 7.125], "texture": "#0"}
			}
		},
		{
			"from": [-4, 2, 13],
			"to": [-2, 3, 14],
			"faces": {
				"north": {"uv": [7.375, 6.375, 7.625, 6.5], "texture": "#0"},
				"east": {"uv": [4.375, 8, 4.5, 8.125], "texture": "#0"},
				"south": {"uv": [7.375, 6.5, 7.625, 6.625], "texture": "#0"},
				"west": {"uv": [8, 4.375, 8.125, 4.5], "texture": "#0"},
				"up": {"uv": [6.875, 7.5, 6.625, 7.375], "texture": "#0"},
				"down": {"uv": [7.625, 6.875, 7.375, 7], "texture": "#0"}
			}
		},
		{
			"from": [-4, 2, 11],
			"to": [-2, 3, 12],
			"faces": {
				"north": {"uv": [7.375, 5.875, 7.625, 6], "texture": "#0"},
				"east": {"uv": [4.25, 8, 4.375, 8.125], "texture": "#0"},
				"south": {"uv": [7.375, 6, 7.625, 6.125], "texture": "#0"},
				"west": {"uv": [8, 4.25, 8.125, 4.375], "texture": "#0"},
				"up": {"uv": [7.625, 6.25, 7.375, 6.125], "texture": "#0"},
				"down": {"uv": [6.5, 7.375, 6.25, 7.5], "texture": "#0"}
			}
		},
		{
			"from": [-5, 2, 8],
			"to": [-4, 3, 14],
			"faces": {
				"north": {"uv": [4.125, 8, 4.25, 8.125], "texture": "#0"},
				"east": {"uv": [5.625, 4.25, 6.375, 4.375], "texture": "#0"},
				"south": {"uv": [8, 4.125, 8.125, 4.25], "texture": "#0"},
				"west": {"uv": [5.625, 4.375, 6.375, 4.5], "texture": "#0"},
				"up": {"uv": [5.875, 1.5, 5.75, 0.75], "texture": "#0"},
				"down": {"uv": [1.875, 5.75, 1.75, 6.5], "texture": "#0"}
			}
		},
		{
			"from": [0, 2, 8],
			"to": [1, 3, 9],
			"faces": {
				"north": {"uv": [3.75, 8, 3.875, 8.125], "texture": "#0"},
				"east": {"uv": [8, 3.75, 8.125, 3.875], "texture": "#0"},
				"south": {"uv": [3.875, 8, 4, 8.125], "texture": "#0"},
				"west": {"uv": [8, 3.875, 8.125, 4], "texture": "#0"},
				"up": {"uv": [4.125, 8.125, 4, 8], "texture": "#0"},
				"down": {"uv": [8.125, 4, 8, 4.125], "texture": "#0"}
			}
		},
		{
			"from": [-1, 2, 9],
			"to": [0, 3, 13],
			"faces": {
				"north": {"uv": [3.625, 8, 3.75, 8.125], "texture": "#0"},
				"east": {"uv": [6.25, 1.75, 6.75, 1.875], "texture": "#0"},
				"south": {"uv": [8, 3.625, 8.125, 3.75], "texture": "#0"},
				"west": {"uv": [6.25, 1.875, 6.75, 2], "texture": "#0"},
				"up": {"uv": [5.25, 6.625, 5.125, 6.125], "texture": "#0"},
				"down": {"uv": [5.375, 6.125, 5.25, 6.625], "texture": "#0"}
			}
		},
		{
			"from": [1, 2, 9],
			"to": [2, 3, 13],
			"faces": {
				"north": {"uv": [3.5, 8, 3.625, 8.125], "texture": "#0"},
				"east": {"uv": [5.75, 6.125, 6.25, 6.25], "texture": "#0"},
				"south": {"uv": [8, 3.5, 8.125, 3.625], "texture": "#0"},
				"west": {"uv": [0, 6.25, 0.5, 6.375], "texture": "#0"},
				"up": {"uv": [3.625, 6.625, 3.5, 6.125], "texture": "#0"},
				"down": {"uv": [5.125, 6.125, 5, 6.625], "texture": "#0"}
			}
		},
		{
			"from": [0, 2, 13],
			"to": [1, 3, 14],
			"faces": {
				"north": {"uv": [3.125, 8, 3.25, 8.125], "texture": "#0"},
				"east": {"uv": [8, 3.125, 8.125, 3.25], "texture": "#0"},
				"south": {"uv": [3.25, 8, 3.375, 8.125], "texture": "#0"},
				"west": {"uv": [8, 3.25, 8.125, 3.375], "texture": "#0"},
				"up": {"uv": [3.5, 8.125, 3.375, 8], "texture": "#0"},
				"down": {"uv": [8.125, 3.375, 8, 3.5], "texture": "#0"}
			}
		},
		{
			"from": [4, 2, 13],
			"to": [5, 3, 14],
			"faces": {
				"north": {"uv": [2.75, 8, 2.875, 8.125], "texture": "#0"},
				"east": {"uv": [8, 2.75, 8.125, 2.875], "texture": "#0"},
				"south": {"uv": [2.875, 8, 3, 8.125], "texture": "#0"},
				"west": {"uv": [8, 2.875, 8.125, 3], "texture": "#0"},
				"up": {"uv": [3.125, 8.125, 3, 8], "texture": "#0"},
				"down": {"uv": [8.125, 3, 8, 3.125], "texture": "#0"}
			}
		},
		{
			"from": [3, 2, 9],
			"to": [4, 3, 13],
			"faces": {
				"north": {"uv": [2.625, 8, 2.75, 8.125], "texture": "#0"},
				"east": {"uv": [6.125, 4.75, 6.625, 4.875], "texture": "#0"},
				"south": {"uv": [8, 2.625, 8.125, 2.75], "texture": "#0"},
				"west": {"uv": [6.125, 4.875, 6.625, 5], "texture": "#0"},
				"up": {"uv": [1.5, 6.625, 1.375, 6.125], "texture": "#0"},
				"down": {"uv": [2.625, 6.125, 2.5, 6.625], "texture": "#0"}
			}
		},
		{
			"from": [5, 2, 9],
			"to": [6, 3, 13],
			"faces": {
				"north": {"uv": [2.5, 8, 2.625, 8.125], "texture": "#0"},
				"east": {"uv": [6.125, 2.875, 6.625, 3], "texture": "#0"},
				"south": {"uv": [8, 2.5, 8.125, 2.625], "texture": "#0"},
				"west": {"uv": [3, 6.125, 3.5, 6.25], "texture": "#0"},
				"up": {"uv": [1, 6.625, 0.875, 6.125], "texture": "#0"},
				"down": {"uv": [1.375, 6.125, 1.25, 6.625], "texture": "#0"}
			}
		},
		{
			"from": [4, 2, 8],
			"to": [5, 3, 9],
			"faces": {
				"north": {"uv": [2.125, 8, 2.25, 8.125], "texture": "#0"},
				"east": {"uv": [8, 2.125, 8.125, 2.25], "texture": "#0"},
				"south": {"uv": [2.25, 8, 2.375, 8.125], "texture": "#0"},
				"west": {"uv": [8, 2.25, 8.125, 2.375], "texture": "#0"},
				"up": {"uv": [2.5, 8.125, 2.375, 8], "texture": "#0"},
				"down": {"uv": [8.125, 2.375, 8, 2.5], "texture": "#0"}
			}
		},
		{
			"from": [4, 2, 4],
			"to": [5, 3, 5],
			"faces": {
				"north": {"uv": [4.75, 8, 4.875, 8.125], "texture": "#0"},
				"east": {"uv": [8, 4.75, 8.125, 4.875], "texture": "#0"},
				"south": {"uv": [4.875, 8, 5, 8.125], "texture": "#0"},
				"west": {"uv": [8, 4.875, 8.125, 5], "texture": "#0"},
				"up": {"uv": [5.125, 8.125, 5, 8], "texture": "#0"},
				"down": {"uv": [8.125, 5, 8, 5.125], "texture": "#0"}
			}
		},
		{
			"from": [6, 2, 4],
			"to": [7, 3, 5],
			"faces": {
				"north": {"uv": [5.5, 8, 5.625, 8.125], "texture": "#0"},
				"east": {"uv": [8, 5.5, 8.125, 5.625], "texture": "#0"},
				"south": {"uv": [5.625, 8, 5.75, 8.125], "texture": "#0"},
				"west": {"uv": [8, 5.625, 8.125, 5.75], "texture": "#0"},
				"up": {"uv": [5.875, 8.125, 5.75, 8], "texture": "#0"},
				"down": {"uv": [8.125, 5.75, 8, 5.875], "texture": "#0"}
			}
		},
		{
			"from": [5, 2, 3],
			"to": [6, 3, 4],
			"faces": {
				"north": {"uv": [5.125, 8, 5.25, 8.125], "texture": "#0"},
				"east": {"uv": [8, 5.125, 8.125, 5.25], "texture": "#0"},
				"south": {"uv": [5.25, 8, 5.375, 8.125], "texture": "#0"},
				"west": {"uv": [8, 5.25, 8.125, 5.375], "texture": "#0"},
				"up": {"uv": [5.5, 8.125, 5.375, 8], "texture": "#0"},
				"down": {"uv": [8.125, 5.375, 8, 5.5], "texture": "#0"}
			}
		},
		{
			"from": [8, 2, 8],
			"to": [10, 3, 9],
			"faces": {
				"north": {"uv": [5.375, 7.375, 5.625, 7.5], "texture": "#0"},
				"east": {"uv": [2, 8, 2.125, 8.125], "texture": "#0"},
				"south": {"uv": [7.375, 5.625, 7.625, 5.75], "texture": "#0"},
				"west": {"uv": [8, 2, 8.125, 2.125], "texture": "#0"},
				"up": {"uv": [6, 7.5, 5.75, 7.375], "texture": "#0"},
				"down": {"uv": [7.625, 5.75, 7.375, 5.875], "texture": "#0"}
			}
		},
		{
			"from": [10, 2, 5],
			"to": [12, 3, 6],
			"faces": {
				"north": {"uv": [7.375, 7, 7.625, 7.125], "texture": "#0"},
				"east": {"uv": [6, 8, 6.125, 8.125], "texture": "#0"},
				"south": {"uv": [7.125, 7.375, 7.375, 7.5], "texture": "#0"},
				"west": {"uv": [8, 6, 8.125, 6.125], "texture": "#0"},
				"up": {"uv": [7.625, 7.25, 7.375, 7.125], "texture": "#0"},
				"down": {"uv": [7.625, 7.25, 7.375, 7.375], "texture": "#0"}
			}
		},
		{
			"from": [10, 2, 0],
			"to": [12, 3, 1],
			"faces": {
				"north": {"uv": [7.375, 7.375, 7.625, 7.5], "texture": "#0"},
				"east": {"uv": [6.125, 8, 6.25, 8.125], "texture": "#0"},
				"south": {"uv": [7.5, 0, 7.75, 0.125], "texture": "#0"},
				"west": {"uv": [8, 6.125, 8.125, 6.25], "texture": "#0"},
				"up": {"uv": [7.75, 0.25, 7.5, 0.125], "texture": "#0"},
				"down": {"uv": [7.75, 0.5, 7.5, 0.625], "texture": "#0"}
			}
		},
		{
			"from": [7, 2, 8],
			"to": [8, 3, 14],
			"faces": {
				"north": {"uv": [1.875, 8, 2, 8.125], "texture": "#0"},
				"east": {"uv": [5.625, 4, 6.375, 4.125], "texture": "#0"},
				"south": {"uv": [8, 1.875, 8.125, 2], "texture": "#0"},
				"west": {"uv": [5.625, 4.125, 6.375, 4.25], "texture": "#0"},
				"up": {"uv": [5.75, 6.375, 5.625, 5.625], "texture": "#0"},
				"down": {"uv": [5.875, 0, 5.75, 0.75], "texture": "#0"}
			}
		},
		{
			"from": [3, 2, 0],
			"to": [4, 3, 6],
			"faces": {
				"north": {"uv": [4.5, 8, 4.625, 8.125], "texture": "#0"},
				"east": {"uv": [5.625, 4.5, 6.375, 4.625], "texture": "#0"},
				"south": {"uv": [8, 4.5, 8.125, 4.625], "texture": "#0"},
				"west": {"uv": [5.75, 1.5, 6.5, 1.625], "texture": "#0"},
				"up": {"uv": [2, 6.5, 1.875, 5.75], "texture": "#0"},
				"down": {"uv": [2.125, 5.75, 2, 6.5], "texture": "#0"}
			}
		},
		{
			"from": [7, 2, 0],
			"to": [8, 3, 6],
			"faces": {
				"north": {"uv": [4.625, 8, 4.75, 8.125], "texture": "#0"},
				"east": {"uv": [5.75, 1.625, 6.5, 1.75], "texture": "#0"},
				"south": {"uv": [8, 4.625, 8.125, 4.75], "texture": "#0"},
				"west": {"uv": [5.75, 3.25, 6.5, 3.375], "texture": "#0"},
				"up": {"uv": [2.25, 6.5, 2.125, 5.75], "texture": "#0"},
				"down": {"uv": [2.375, 5.75, 2.25, 6.5], "texture": "#0"}
			}
		},
		{
			"from": [9, 2, 1],
			"to": [10, 3, 5],
			"faces": {
				"north": {"uv": [5.875, 8, 6, 8.125], "texture": "#0"},
				"east": {"uv": [6.25, 2.25, 6.75, 2.375], "texture": "#0"},
				"south": {"uv": [8, 5.875, 8.125, 6], "texture": "#0"},
				"west": {"uv": [2.75, 6.25, 3.25, 6.375], "texture": "#0"},
				"up": {"uv": [0.625, 6.75, 0.5, 6.25], "texture": "#0"},
				"down": {"uv": [0.75, 6.25, 0.625, 6.75], "texture": "#0"}
			}
		},
		{
			"from": [11, 2, 8],
			"to": [14, 3, 9],
			"faces": {
				"north": {"uv": [6.25, 6.375, 6.625, 6.5], "texture": "#0"},
				"east": {"uv": [1.75, 8, 1.875, 8.125], "texture": "#0"},
				"south": {"uv": [0, 6.5, 0.375, 6.625], "texture": "#0"},
				"west": {"uv": [8, 1.75, 8.125, 1.875], "texture": "#0"},
				"up": {"uv": [6.875, 1.625, 6.5, 1.5], "texture": "#0"},
				"down": {"uv": [6.875, 1.625, 6.5, 1.75], "texture": "#0"}
			}
		},
		{
			"from": [12, 2, 9],
			"to": [13, 3, 13],
			"faces": {
				"north": {"uv": [1.625, 8, 1.75, 8.125], "texture": "#0"},
				"east": {"uv": [6.125, 2.5, 6.625, 2.625], "texture": "#0"},
				"south": {"uv": [8, 1.625, 8.125, 1.75], "texture": "#0"},
				"west": {"uv": [6.125, 2.625, 6.625, 2.75], "texture": "#0"},
				"up": {"uv": [3.75, 6.5, 3.625, 6], "texture": "#0"},
				"down": {"uv": [5.5, 6, 5.375, 6.5], "texture": "#0"}
			}
		},
		{
			"from": [11, 2, 13],
			"to": [14, 3, 14],
			"faces": {
				"north": {"uv": [6.375, 4.5, 6.75, 4.625], "texture": "#0"},
				"east": {"uv": [1.5, 8, 1.625, 8.125], "texture": "#0"},
				"south": {"uv": [5.5, 6.375, 5.875, 6.5], "texture": "#0"},
				"west": {"uv": [8, 1.5, 8.125, 1.625], "texture": "#0"},
				"up": {"uv": [6.25, 6.5, 5.875, 6.375], "texture": "#0"},
				"down": {"uv": [6.75, 6, 6.375, 6.125], "texture": "#0"}
			}
		},
		{
			"from": [15, 2, 13],
			"to": [18, 3, 14],
			"faces": {
				"north": {"uv": [6.375, 4.125, 6.75, 4.25], "texture": "#0"},
				"east": {"uv": [1.375, 8, 1.5, 8.125], "texture": "#0"},
				"south": {"uv": [6.375, 4.25, 6.75, 4.375], "texture": "#0"},
				"west": {"uv": [8, 1.375, 8.125, 1.5], "texture": "#0"},
				"up": {"uv": [6.75, 4.5, 6.375, 4.375], "texture": "#0"},
				"down": {"uv": [4.875, 6.375, 4.5, 6.5], "texture": "#0"}
			}
		},
		{
			"from": [15, 2, 11],
			"to": [16, 3, 13],
			"faces": {
				"north": {"uv": [1.25, 8, 1.375, 8.125], "texture": "#0"},
				"east": {"uv": [4.875, 7.375, 5.125, 7.5], "texture": "#0"},
				"south": {"uv": [8, 1.25, 8.125, 1.375], "texture": "#0"},
				"west": {"uv": [7.375, 5.125, 7.625, 5.25], "texture": "#0"},
				"up": {"uv": [5.25, 7.625, 5.125, 7.375], "texture": "#0"},
				"down": {"uv": [7.5, 5.25, 7.375, 5.5], "texture": "#0"}
			}
		},
		{
			"from": [15, 2, 10],
			"to": [18, 3, 11],
			"faces": {
				"north": {"uv": [3.75, 6.375, 4.125, 6.5], "texture": "#0"},
				"east": {"uv": [1.125, 8, 1.25, 8.125], "texture": "#0"},
				"south": {"uv": [6.375, 3.875, 6.75, 4], "texture": "#0"},
				"west": {"uv": [8, 1.125, 8.125, 1.25], "texture": "#0"},
				"up": {"uv": [6.75, 4.125, 6.375, 4], "texture": "#0"},
				"down": {"uv": [4.5, 6.375, 4.125, 6.5], "texture": "#0"}
			}
		},
		{
			"from": [17, 2, 9],
			"to": [18, 3, 10],
			"faces": {
				"north": {"uv": [0.75, 8, 0.875, 8.125], "texture": "#0"},
				"east": {"uv": [8, 0.75, 8.125, 0.875], "texture": "#0"},
				"south": {"uv": [0.875, 8, 1, 8.125], "texture": "#0"},
				"west": {"uv": [8, 0.875, 8.125, 1], "texture": "#0"},
				"up": {"uv": [1.125, 8.125, 1, 8], "texture": "#0"},
				"down": {"uv": [8.125, 1, 8, 1.125], "texture": "#0"}
			}
		},
		{
			"from": [15, 2, 8],
			"to": [18, 3, 9],
			"faces": {
				"north": {"uv": [6.25, 6.125, 6.625, 6.25], "texture": "#0"},
				"east": {"uv": [0.625, 8, 0.75, 8.125], "texture": "#0"},
				"south": {"uv": [0, 6.375, 0.375, 6.5], "texture": "#0"},
				"west": {"uv": [8, 0.625, 8.125, 0.75], "texture": "#0"},
				"up": {"uv": [3.125, 6.5, 2.75, 6.375], "texture": "#0"},
				"down": {"uv": [3.5, 6.375, 3.125, 6.5], "texture": "#0"}
			}
		},
		{
			"from": [19, 2, 8],
			"to": [20, 3, 14],
			"faces": {
				"north": {"uv": [0.5, 8, 0.625, 8.125], "texture": "#0"},
				"east": {"uv": [1.75, 5.625, 2.5, 5.75], "texture": "#0"},
				"south": {"uv": [8, 0.5, 8.125, 0.625], "texture": "#0"},
				"west": {"uv": [5.625, 3.875, 6.375, 4], "texture": "#0"},
				"up": {"uv": [5, 6.25, 4.875, 5.5], "texture": "#0"},
				"down": {"uv": [5.625, 5.625, 5.5, 6.375], "texture": "#0"}
			}
		},
		{
			"from": [20, 2, 11],
			"to": [21, 3, 12],
			"faces": {
				"north": {"uv": [0.125, 8, 0.25, 8.125], "texture": "#0"},
				"east": {"uv": [8, 0.125, 8.125, 0.25], "texture": "#0"},
				"south": {"uv": [0.25, 8, 0.375, 8.125], "texture": "#0"},
				"west": {"uv": [8, 0.25, 8.125, 0.375], "texture": "#0"},
				"up": {"uv": [0.5, 8.125, 0.375, 8], "texture": "#0"},
				"down": {"uv": [8.125, 0.375, 8, 0.5], "texture": "#0"}
			}
		},
		{
			"from": [21, 2, 8],
			"to": [22, 3, 14],
			"faces": {
				"north": {"uv": [0, 8, 0.125, 8.125], "texture": "#0"},
				"east": {"uv": [5.5, 5.375, 6.25, 5.5], "texture": "#0"},
				"south": {"uv": [8, 0, 8.125, 0.125], "texture": "#0"},
				"west": {"uv": [5.5, 5.5, 6.25, 5.625], "texture": "#0"},
				"up": {"uv": [4.75, 6.25, 4.625, 5.5], "texture": "#0"},
				"down": {"uv": [4.875, 5.5, 4.75, 6.25], "texture": "#0"}
			}
		},
		{
			"from": [1, 2, -5],
			"to": [2, 3, -4],
			"faces": {
				"north": {"uv": [7.625, 6.5, 7.75, 6.625], "texture": "#0"},
				"east": {"uv": [6.625, 7.625, 6.75, 7.75], "texture": "#0"},
				"south": {"uv": [7.625, 6.625, 7.75, 6.75], "texture": "#0"},
				"west": {"uv": [6.75, 7.625, 6.875, 7.75], "texture": "#0"},
				"up": {"uv": [7.75, 6.875, 7.625, 6.75], "texture": "#0"},
				"down": {"uv": [7, 7.625, 6.875, 7.75], "texture": "#0"}
			}
		},
		{
			"from": [2, 2, -7],
			"to": [3, 3, -5],
			"faces": {
				"north": {"uv": [7.625, 6.375, 7.75, 6.5], "texture": "#0"},
				"east": {"uv": [6.875, 3.25, 7.125, 3.375], "texture": "#0"},
				"south": {"uv": [6.5, 7.625, 6.625, 7.75], "texture": "#0"},
				"west": {"uv": [6.875, 3.375, 7.125, 3.5], "texture": "#0"},
				"up": {"uv": [3.375, 7.125, 3.25, 6.875], "texture": "#0"},
				"down": {"uv": [7, 3.5, 6.875, 3.75], "texture": "#0"}
			}
		},
		{
			"from": [3, 2, -8],
			"to": [4, 3, -7],
			"faces": {
				"north": {"uv": [7.625, 6, 7.75, 6.125], "texture": "#0"},
				"east": {"uv": [6.125, 7.625, 6.25, 7.75], "texture": "#0"},
				"south": {"uv": [7.625, 6.125, 7.75, 6.25], "texture": "#0"},
				"west": {"uv": [6.25, 7.625, 6.375, 7.75], "texture": "#0"},
				"up": {"uv": [7.75, 6.375, 7.625, 6.25], "texture": "#0"},
				"down": {"uv": [6.5, 7.625, 6.375, 7.75], "texture": "#0"}
			}
		},
		{
			"from": [4, 2, -10],
			"to": [5, 3, -8],
			"faces": {
				"north": {"uv": [7.625, 5.875, 7.75, 6], "texture": "#0"},
				"east": {"uv": [6.875, 2.625, 7.125, 2.75], "texture": "#0"},
				"south": {"uv": [6, 7.625, 6.125, 7.75], "texture": "#0"},
				"west": {"uv": [6.875, 2.875, 7.125, 3], "texture": "#0"},
				"up": {"uv": [2.875, 7.125, 2.75, 6.875], "texture": "#0"},
				"down": {"uv": [3.25, 6.875, 3.125, 7.125], "texture": "#0"}
			}
		},
		{
			"from": [5, 2, -12],
			"to": [6, 3, -10],
			"faces": {
				"north": {"uv": [7.625, 5.75, 7.75, 5.875], "texture": "#0"},
				"east": {"uv": [2.125, 6.875, 2.375, 7], "texture": "#0"},
				"south": {"uv": [5.875, 7.625, 6, 7.75], "texture": "#0"},
				"west": {"uv": [2.375, 6.875, 2.625, 7], "texture": "#0"},
				"up": {"uv": [7, 2.625, 6.875, 2.375], "texture": "#0"},
				"down": {"uv": [2.75, 6.875, 2.625, 7.125], "texture": "#0"}
			}
		},
		{
			"from": [6, 2, -14],
			"to": [7, 3, -12],
			"faces": {
				"north": {"uv": [7.625, 5.625, 7.75, 5.75], "texture": "#0"},
				"east": {"uv": [6.875, 1.75, 7.125, 1.875], "texture": "#0"},
				"south": {"uv": [5.75, 7.625, 5.875, 7.75], "texture": "#0"},
				"west": {"uv": [6.875, 1.875, 7.125, 2], "texture": "#0"},
				"up": {"uv": [2.125, 7.125, 2, 6.875], "texture": "#0"},
				"down": {"uv": [7, 2, 6.875, 2.25], "texture": "#0"}
			}
		},
		{
			"from": [-4, 3, 18],
			"to": [-3, 4, 20],
			"faces": {
				"north": {"uv": [7.875, 3.75, 8, 3.875], "texture": "#0"},
				"east": {"uv": [7.375, 3.375, 7.625, 3.5], "texture": "#0"},
				"south": {"uv": [3.875, 7.875, 4, 8], "texture": "#0"},
				"west": {"uv": [3.625, 7.375, 3.875, 7.5], "texture": "#0"},
				"up": {"uv": [4, 7.625, 3.875, 7.375], "texture": "#0"},
				"down": {"uv": [4.125, 7.375, 4, 7.625], "texture": "#0"}
			}
		},
		{
			"from": [-3, 3, 20],
			"to": [19, 4, 21],
			"faces": {
				"north": {"uv": [3, 1, 5.75, 1.125], "texture": "#0"},
				"east": {"uv": [7.875, 3.625, 8, 3.75], "texture": "#0"},
				"south": {"uv": [3, 1.125, 5.75, 1.25], "texture": "#0"},
				"west": {"uv": [3.75, 7.875, 3.875, 8], "texture": "#0"},
				"up": {"uv": [5.75, 1.375, 3, 1.25], "texture": "#0"},
				"down": {"uv": [5.75, 1.375, 3, 1.5], "texture": "#0"}
			}
		},
		{
			"from": [-3, 3, 2],
			"to": [19, 4, 20],
			"faces": {
				"north": {"uv": [3, 1.5, 5.75, 1.625], "texture": "#0"},
				"east": {"uv": [3, 1.75, 5.25, 1.875], "texture": "#0"},
				"south": {"uv": [3, 1.625, 5.75, 1.75], "texture": "#0"},
				"west": {"uv": [3, 1.875, 5.25, 2], "texture": "#0"},
				"up": {"uv": [2.75, 2.25, 0, 0], "texture": "#0"},
				"down": {"uv": [2.75, 2.25, 0, 4.5], "texture": "#0"}
			}
		},
		{
			"from": [0, 4, 8],
			"to": [1, 5, 16],
			"faces": {
				"north": {"uv": [7.875, 8, 8, 8.125], "texture": "#0"},
				"east": {"uv": [5.25, 1.875, 6.25, 2], "texture": "#0"},
				"south": {"uv": [8, 7.875, 8.125, 8], "texture": "#0"},
				"west": {"uv": [5.25, 2.75, 6.25, 2.875], "texture": "#0"},
				"up": {"uv": [4.125, 6.25, 4, 5.25], "texture": "#0"},
				"down": {"uv": [4.25, 5.25, 4.125, 6.25], "texture": "#0"}
			}
		},
		{
			"from": [1, 4, 16],
			"to": [4, 5, 17],
			"faces": {
				"north": {"uv": [6.5, 5.625, 6.875, 5.75], "texture": "#0"},
				"east": {"uv": [7.75, 8, 7.875, 8.125], "texture": "#0"},
				"south": {"uv": [5.75, 6.5, 6.125, 6.625], "texture": "#0"},
				"west": {"uv": [8, 7.75, 8.125, 7.875], "texture": "#0"},
				"up": {"uv": [6.875, 5.875, 6.5, 5.75], "texture": "#0"},
				"down": {"uv": [6.875, 5.875, 6.5, 6], "texture": "#0"}
			}
		},
		{
			"from": [1, 4, 7],
			"to": [4, 5, 8],
			"faces": {
				"north": {"uv": [4, 6.5, 4.375, 6.625], "texture": "#0"},
				"east": {"uv": [7.625, 8, 7.75, 8.125], "texture": "#0"},
				"south": {"uv": [4.375, 6.5, 4.75, 6.625], "texture": "#0"},
				"west": {"uv": [8, 7.625, 8.125, 7.75], "texture": "#0"},
				"up": {"uv": [6.875, 5.25, 6.5, 5.125], "texture": "#0"},
				"down": {"uv": [5.75, 6.5, 5.375, 6.625], "texture": "#0"}
			}
		},
		{
			"from": [4, 4, 8],
			"to": [5, 5, 16],
			"faces": {
				"north": {"uv": [7.5, 8, 7.625, 8.125], "texture": "#0"},
				"east": {"uv": [1.5, 5.25, 2.5, 5.375], "texture": "#0"},
				"south": {"uv": [8, 7.5, 8.125, 7.625], "texture": "#0"},
				"west": {"uv": [5.25, 1.75, 6.25, 1.875], "texture": "#0"},
				"up": {"uv": [3.875, 6.25, 3.75, 5.25], "texture": "#0"},
				"down": {"uv": [4, 5.25, 3.875, 6.25], "texture": "#0"}
			}
		},
		{
			"from": [19, 3, 18],
			"to": [20, 4, 20],
			"faces": {
				"north": {"uv": [7.875, 3.5, 8, 3.625], "texture": "#0"},
				"east": {"uv": [7.375, 3, 7.625, 3.125], "texture": "#0"},
				"south": {"uv": [3.625, 7.875, 3.75, 8], "texture": "#0"},
				"west": {"uv": [7.375, 3.125, 7.625, 3.25], "texture": "#0"},
				"up": {"uv": [3.25, 7.625, 3.125, 7.375], "texture": "#0"},
				"down": {"uv": [3.625, 7.375, 3.5, 7.625], "texture": "#0"}
			}
		},
		{
			"from": [20, 3, 16],
			"to": [21, 4, 18],
			"faces": {
				"north": {"uv": [7.875, 3.375, 8, 3.5], "texture": "#0"},
				"east": {"uv": [7.375, 2.25, 7.625, 2.375], "texture": "#0"},
				"south": {"uv": [3.5, 7.875, 3.625, 8], "texture": "#0"},
				"west": {"uv": [7.375, 2.625, 7.625, 2.75], "texture": "#0"},
				"up": {"uv": [2.875, 7.625, 2.75, 7.375], "texture": "#0"},
				"down": {"uv": [3.125, 7.375, 3, 7.625], "texture": "#0"}
			}
		},
		{
			"from": [21, 3, 14],
			"to": [22, 4, 16],
			"faces": {
				"north": {"uv": [7.875, 3.25, 8, 3.375], "texture": "#0"},
				"east": {"uv": [2, 7.375, 2.25, 7.5], "texture": "#0"},
				"south": {"uv": [3.375, 7.875, 3.5, 8], "texture": "#0"},
				"west": {"uv": [7.375, 2.125, 7.625, 2.25], "texture": "#0"},
				"up": {"uv": [2.375, 7.625, 2.25, 7.375], "texture": "#0"},
				"down": {"uv": [2.5, 7.375, 2.375, 7.625], "texture": "#0"}
			}
		},
		{
			"from": [22, 3, 12],
			"to": [23, 4, 14],
			"faces": {
				"north": {"uv": [7.875, 3.125, 8, 3.25], "texture": "#0"},
				"east": {"uv": [7.375, 1.5, 7.625, 1.625], "texture": "#0"},
				"south": {"uv": [3.25, 7.875, 3.375, 8], "texture": "#0"},
				"west": {"uv": [7.375, 1.625, 7.625, 1.75], "texture": "#0"},
				"up": {"uv": [1.75, 7.625, 1.625, 7.375], "texture": "#0"},
				"down": {"uv": [7.5, 1.75, 7.375, 2], "texture": "#0"}
			}
		},
		{
			"from": [23, 3, 10],
			"to": [24, 4, 12],
			"faces": {
				"north": {"uv": [7.875, 3, 8, 3.125], "texture": "#0"},
				"east": {"uv": [7.375, 0.75, 7.625, 0.875], "texture": "#0"},
				"south": {"uv": [3.125, 7.875, 3.25, 8], "texture": "#0"},
				"west": {"uv": [1.25, 7.375, 1.5, 7.5], "texture": "#0"},
				"up": {"uv": [7.5, 1.5, 7.375, 1.25], "texture": "#0"},
				"down": {"uv": [1.625, 7.375, 1.5, 7.625], "texture": "#0"}
			}
		},
		{
			"from": [22, 3, 8],
			"to": [23, 4, 10],
			"faces": {
				"north": {"uv": [7.875, 2.875, 8, 3], "texture": "#0"},
				"east": {"uv": [0.625, 7.375, 0.875, 7.5], "texture": "#0"},
				"south": {"uv": [3, 7.875, 3.125, 8], "texture": "#0"},
				"west": {"uv": [7.375, 0.625, 7.625, 0.75], "texture": "#0"},
				"up": {"uv": [7.5, 1.25, 7.375, 1], "texture": "#0"},
				"down": {"uv": [1.25, 7.375, 1.125, 7.625], "texture": "#0"}
			}
		},
		{
			"from": [22, 3, 10],
			"to": [23, 4, 12],
			"faces": {
				"north": {"uv": [7.875, 7.25, 8, 7.375], "texture": "#0"},
				"east": {"uv": [4.125, 7.375, 4.375, 7.5], "texture": "#0"},
				"south": {"uv": [7.375, 7.875, 7.5, 8], "texture": "#0"},
				"west": {"uv": [7.375, 4.125, 7.625, 4.25], "texture": "#0"},
				"up": {"uv": [4.5, 7.625, 4.375, 7.375], "texture": "#0"},
				"down": {"uv": [4.625, 7.375, 4.5, 7.625], "texture": "#0"}
			}
		},
		{
			"from": [-7, 3, 10],
			"to": [-6, 4, 12],
			"faces": {
				"north": {"uv": [7.875, 7.75, 8, 7.875], "texture": "#0"},
				"east": {"uv": [7.375, 4.25, 7.625, 4.375], "texture": "#0"},
				"south": {"uv": [7.875, 7.875, 8, 8], "texture": "#0"},
				"west": {"uv": [7.375, 4.5, 7.625, 4.625], "texture": "#0"},
				"up": {"uv": [4.75, 7.625, 4.625, 7.375], "texture": "#0"},
				"down": {"uv": [7.5, 4.625, 7.375, 4.875], "texture": "#0"}
			}
		},
		{
			"from": [21, 3, 6],
			"to": [22, 4, 8],
			"faces": {
				"north": {"uv": [7.875, 2.75, 8, 2.875], "texture": "#0"},
				"east": {"uv": [7.375, 0.25, 7.625, 0.375], "texture": "#0"},
				"south": {"uv": [2.875, 7.875, 3, 8], "texture": "#0"},
				"west": {"uv": [7.375, 0.375, 7.625, 0.5], "texture": "#0"},
				"up": {"uv": [0.375, 7.625, 0.25, 7.375], "texture": "#0"},
				"down": {"uv": [0.625, 7.375, 0.5, 7.625], "texture": "#0"}
			}
		},
		{
			"from": [21, 3, 8],
			"to": [22, 4, 14],
			"faces": {
				"north": {"uv": [7.875, 7.125, 8, 7.25], "texture": "#0"},
				"east": {"uv": [5.5, 3.125, 6.25, 3.25], "texture": "#0"},
				"south": {"uv": [7.25, 7.875, 7.375, 8], "texture": "#0"},
				"west": {"uv": [5.5, 3.75, 6.25, 3.875], "texture": "#0"},
				"up": {"uv": [5.625, 4.625, 5.5, 3.875], "texture": "#0"},
				"down": {"uv": [4.375, 5.5, 4.25, 6.25], "texture": "#0"}
			}
		},
		{
			"from": [-6, 3, 8],
			"to": [-5, 4, 14],
			"faces": {
				"north": {"uv": [7.875, 7.625, 8, 7.75], "texture": "#0"},
				"east": {"uv": [5.5, 4.625, 6.25, 4.75], "texture": "#0"},
				"south": {"uv": [7.75, 7.875, 7.875, 8], "texture": "#0"},
				"west": {"uv": [5.5, 5.25, 6.25, 5.375], "texture": "#0"},
				"up": {"uv": [4.5, 6.25, 4.375, 5.5], "texture": "#0"},
				"down": {"uv": [4.625, 5.5, 4.5, 6.25], "texture": "#0"}
			}
		},
		{
			"from": [20, 3, 4],
			"to": [21, 4, 6],
			"faces": {
				"north": {"uv": [7.875, 2.625, 8, 2.75], "texture": "#0"},
				"east": {"uv": [7.25, 6.75, 7.5, 6.875], "texture": "#0"},
				"south": {"uv": [2.75, 7.875, 2.875, 8], "texture": "#0"},
				"west": {"uv": [7.125, 7.25, 7.375, 7.375], "texture": "#0"},
				"up": {"uv": [0.125, 7.625, 0, 7.375], "texture": "#0"},
				"down": {"uv": [0.25, 7.375, 0.125, 7.625], "texture": "#0"}
			}
		},
		{
			"from": [20, 3, 6],
			"to": [21, 4, 16],
			"faces": {
				"north": {"uv": [7.875, 7, 8, 7.125], "texture": "#0"},
				"east": {"uv": [4, 4.75, 5.25, 4.875], "texture": "#0"},
				"south": {"uv": [7.125, 7.875, 7.25, 8], "texture": "#0"},
				"west": {"uv": [0, 4.875, 1.25, 5], "texture": "#0"},
				"up": {"uv": [1.375, 6.125, 1.25, 4.875], "texture": "#0"},
				"down": {"uv": [1.5, 4.875, 1.375, 6.125], "texture": "#0"}
			}
		},
		{
			"from": [-5, 3, 6],
			"to": [-4, 4, 16],
			"faces": {
				"north": {"uv": [7.875, 7.5, 8, 7.625], "texture": "#0"},
				"east": {"uv": [1.5, 4.875, 2.75, 5], "texture": "#0"},
				"south": {"uv": [7.625, 7.875, 7.75, 8], "texture": "#0"},
				"west": {"uv": [4, 4.875, 5.25, 5], "texture": "#0"},
				"up": {"uv": [0.125, 6.25, 0, 5], "texture": "#0"},
				"down": {"uv": [0.25, 5, 0.125, 6.25], "texture": "#0"}
			}
		},
		{
			"from": [19, 3, 2],
			"to": [20, 4, 4],
			"faces": {
				"north": {"uv": [7.875, 2.5, 8, 2.625], "texture": "#0"},
				"east": {"uv": [6.625, 7.25, 6.875, 7.375], "texture": "#0"},
				"south": {"uv": [2.625, 7.875, 2.75, 8], "texture": "#0"},
				"west": {"uv": [7.25, 6.625, 7.5, 6.75], "texture": "#0"},
				"up": {"uv": [7.125, 7.5, 7, 7.25], "texture": "#0"},
				"down": {"uv": [7.375, 7, 7.25, 7.25], "texture": "#0"}
			}
		},
		{
			"from": [19, 3, 4],
			"to": [20, 4, 18],
			"faces": {
				"north": {"uv": [7.875, 6.875, 8, 7], "texture": "#0"},
				"east": {"uv": [3.5, 2.75, 5.25, 2.875], "texture": "#0"},
				"south": {"uv": [7, 7.875, 7.125, 8], "texture": "#0"},
				"west": {"uv": [3.5, 2.875, 5.25, 3], "texture": "#0"},
				"up": {"uv": [3.625, 4.75, 3.5, 3], "texture": "#0"},
				"down": {"uv": [3.75, 3, 3.625, 4.75], "texture": "#0"}
			}
		},
		{
			"from": [-4, 3, 4],
			"to": [-3, 4, 18],
			"faces": {
				"north": {"uv": [7.875, 7.375, 8, 7.5], "texture": "#0"},
				"east": {"uv": [3.75, 3, 5.5, 3.125], "texture": "#0"},
				"south": {"uv": [7.5, 7.875, 7.625, 8], "texture": "#0"},
				"west": {"uv": [3.75, 3.125, 5.5, 3.25], "texture": "#0"},
				"up": {"uv": [3.875, 5, 3.75, 3.25], "texture": "#0"},
				"down": {"uv": [4, 3.25, 3.875, 5], "texture": "#0"}
			}
		},
		{
			"from": [18, 3, 1],
			"to": [19, 4, 2],
			"faces": {
				"north": {"uv": [7.875, 2.125, 8, 2.25], "texture": "#0"},
				"east": {"uv": [2.25, 7.875, 2.375, 8], "texture": "#0"},
				"south": {"uv": [7.875, 2.25, 8, 2.375], "texture": "#0"},
				"west": {"uv": [2.375, 7.875, 2.5, 8], "texture": "#0"},
				"up": {"uv": [8, 2.5, 7.875, 2.375], "texture": "#0"},
				"down": {"uv": [2.625, 7.875, 2.5, 8], "texture": "#0"}
			}
		},
		{
			"from": [17, 3, 1],
			"to": [18, 4, 2],
			"faces": {
				"north": {"uv": [7.875, 5.125, 8, 5.25], "texture": "#0"},
				"east": {"uv": [5.25, 7.875, 5.375, 8], "texture": "#0"},
				"south": {"uv": [7.875, 5.25, 8, 5.375], "texture": "#0"},
				"west": {"uv": [5.375, 7.875, 5.5, 8], "texture": "#0"},
				"up": {"uv": [8, 5.5, 7.875, 5.375], "texture": "#0"},
				"down": {"uv": [5.625, 7.875, 5.5, 8], "texture": "#0"}
			}
		},
		{
			"from": [-2, 3, 1],
			"to": [-1, 4, 2],
			"faces": {
				"north": {"uv": [7.875, 6.5, 8, 6.625], "texture": "#0"},
				"east": {"uv": [6.625, 7.875, 6.75, 8], "texture": "#0"},
				"south": {"uv": [7.875, 6.625, 8, 6.75], "texture": "#0"},
				"west": {"uv": [6.75, 7.875, 6.875, 8], "texture": "#0"},
				"up": {"uv": [8, 6.875, 7.875, 6.75], "texture": "#0"},
				"down": {"uv": [7, 7.875, 6.875, 8], "texture": "#0"}
			}
		},
		{
			"from": [17, 3, -1],
			"to": [18, 4, 1],
			"faces": {
				"north": {"uv": [7.875, 2, 8, 2.125], "texture": "#0"},
				"east": {"uv": [6.25, 7.25, 6.5, 7.375], "texture": "#0"},
				"south": {"uv": [2.125, 7.875, 2.25, 8], "texture": "#0"},
				"west": {"uv": [7.25, 6.25, 7.5, 6.375], "texture": "#0"},
				"up": {"uv": [7.375, 6.625, 7.25, 6.375], "texture": "#0"},
				"down": {"uv": [6.625, 7.25, 6.5, 7.5], "texture": "#0"}
			}
		},
		{
			"from": [16, 3, -2],
			"to": [17, 4, -1],
			"faces": {
				"north": {"uv": [7.875, 1.625, 8, 1.75], "texture": "#0"},
				"east": {"uv": [1.75, 7.875, 1.875, 8], "texture": "#0"},
				"south": {"uv": [7.875, 1.75, 8, 1.875], "texture": "#0"},
				"west": {"uv": [1.875, 7.875, 2, 8], "texture": "#0"},
				"up": {"uv": [8, 2, 7.875, 1.875], "texture": "#0"},
				"down": {"uv": [2.125, 7.875, 2, 8], "texture": "#0"}
			}
		},
		{
			"from": [16, 3, -1],
			"to": [17, 4, 2],
			"faces": {
				"north": {"uv": [7.875, 5, 8, 5.125], "texture": "#0"},
				"east": {"uv": [6.25, 5.375, 6.625, 5.5], "texture": "#0"},
				"south": {"uv": [5.125, 7.875, 5.25, 8], "texture": "#0"},
				"west": {"uv": [6.25, 5.5, 6.625, 5.625], "texture": "#0"},
				"up": {"uv": [0.875, 6.625, 0.75, 6.25], "texture": "#0"},
				"down": {"uv": [1.625, 6.25, 1.5, 6.625], "texture": "#0"}
			}
		},
		{
			"from": [-1, 3, -1],
			"to": [0, 4, 2],
			"faces": {
				"north": {"uv": [7.875, 6.375, 8, 6.5], "texture": "#0"},
				"east": {"uv": [5.75, 6.25, 6.125, 6.375], "texture": "#0"},
				"south": {"uv": [6.5, 7.875, 6.625, 8], "texture": "#0"},
				"west": {"uv": [6.125, 6.25, 6.5, 6.375], "texture": "#0"},
				"up": {"uv": [1.75, 6.625, 1.625, 6.25], "texture": "#0"},
				"down": {"uv": [2.5, 6.25, 2.375, 6.625], "texture": "#0"}
			}
		},
		{
			"from": [15, 3, -4],
			"to": [16, 4, -2],
			"faces": {
				"north": {"uv": [7.875, 1.5, 8, 1.625], "texture": "#0"},
				"east": {"uv": [7.25, 5.5, 7.5, 5.625], "texture": "#0"},
				"south": {"uv": [1.625, 7.875, 1.75, 8], "texture": "#0"},
				"west": {"uv": [5.875, 7.25, 6.125, 7.375], "texture": "#0"},
				"up": {"uv": [7.375, 6.25, 7.25, 6], "texture": "#0"},
				"down": {"uv": [6.25, 7.25, 6.125, 7.5], "texture": "#0"}
			}
		},
		{
			"from": [15, 3, -2],
			"to": [16, 4, 2],
			"faces": {
				"north": {"uv": [7.875, 4.875, 8, 5], "texture": "#0"},
				"east": {"uv": [3, 5.75, 3.5, 5.875], "texture": "#0"},
				"south": {"uv": [5, 7.875, 5.125, 8], "texture": "#0"},
				"west": {"uv": [3, 5.875, 3.5, 6], "texture": "#0"},
				"up": {"uv": [2.5, 6.25, 2.375, 5.75], "texture": "#0"},
				"down": {"uv": [1.125, 6, 1, 6.5], "texture": "#0"}
			}
		},
		{
			"from": [0, 3, -2],
			"to": [1, 4, 2],
			"faces": {
				"north": {"uv": [7.875, 6.25, 8, 6.375], "texture": "#0"},
				"east": {"uv": [6.125, 2, 6.625, 2.125], "texture": "#0"},
				"south": {"uv": [6.375, 7.875, 6.5, 8], "texture": "#0"},
				"west": {"uv": [6.125, 2.125, 6.625, 2.25], "texture": "#0"},
				"up": {"uv": [1.25, 6.5, 1.125, 6], "texture": "#0"},
				"down": {"uv": [2.75, 6, 2.625, 6.5], "texture": "#0"}
			}
		},
		{
			"from": [14, 3, -5],
			"to": [15, 4, -4],
			"faces": {
				"north": {"uv": [7.875, 1.125, 8, 1.25], "texture": "#0"},
				"east": {"uv": [1.25, 7.875, 1.375, 8], "texture": "#0"},
				"south": {"uv": [7.875, 1.25, 8, 1.375], "texture": "#0"},
				"west": {"uv": [1.375, 7.875, 1.5, 8], "texture": "#0"},
				"up": {"uv": [8, 1.5, 7.875, 1.375], "texture": "#0"},
				"down": {"uv": [1.625, 7.875, 1.5, 8], "texture": "#0"}
			}
		},
		{
			"from": [14, 3, -4],
			"to": [15, 4, 2],
			"faces": {
				"north": {"uv": [7.875, 4.75, 8, 4.875], "texture": "#0"},
				"east": {"uv": [1.75, 5.375, 2.5, 5.5], "texture": "#0"},
				"south": {"uv": [4.875, 7.875, 5, 8], "texture": "#0"},
				"west": {"uv": [4.25, 5.375, 5, 5.5], "texture": "#0"},
				"up": {"uv": [5.125, 6.125, 5, 5.375], "texture": "#0"},
				"down": {"uv": [5.5, 5.25, 5.375, 6], "texture": "#0"}
			}
		},
		{
			"from": [1, 3, -4],
			"to": [2, 4, 2],
			"faces": {
				"north": {"uv": [7.875, 6.125, 8, 6.25], "texture": "#0"},
				"east": {"uv": [1.75, 5.5, 2.5, 5.625], "texture": "#0"},
				"south": {"uv": [6.25, 7.875, 6.375, 8], "texture": "#0"},
				"west": {"uv": [5.5, 3, 6.25, 3.125], "texture": "#0"},
				"up": {"uv": [2.875, 6.25, 2.75, 5.5], "texture": "#0"},
				"down": {"uv": [3, 5.5, 2.875, 6.25], "texture": "#0"}
			}
		},
		{
			"from": [13, 3, -7],
			"to": [14, 4, -5],
			"faces": {
				"north": {"uv": [7.875, 1, 8, 1.125], "texture": "#0"},
				"east": {"uv": [7.25, 5, 7.5, 5.125], "texture": "#0"},
				"south": {"uv": [1.125, 7.875, 1.25, 8], "texture": "#0"},
				"west": {"uv": [5.375, 7.25, 5.625, 7.375], "texture": "#0"},
				"up": {"uv": [5.75, 7.5, 5.625, 7.25], "texture": "#0"},
				"down": {"uv": [7.375, 5.75, 7.25, 6], "texture": "#0"}
			}
		},
		{
			"from": [13, 3, -5],
			"to": [14, 4, 2],
			"faces": {
				"north": {"uv": [7.875, 4.625, 8, 4.75], "texture": "#0"},
				"east": {"uv": [5.25, 2.875, 6.125, 3], "texture": "#0"},
				"south": {"uv": [4.75, 7.875, 4.875, 8], "texture": "#0"},
				"west": {"uv": [4.25, 5.25, 5.125, 5.375], "texture": "#0"},
				"up": {"uv": [5.25, 6.125, 5.125, 5.25], "texture": "#0"},
				"down": {"uv": [5.375, 5.25, 5.25, 6.125], "texture": "#0"}
			}
		},
		{
			"from": [2, 3, -5],
			"to": [3, 4, 2],
			"faces": {
				"north": {"uv": [7.875, 6, 8, 6.125], "texture": "#0"},
				"east": {"uv": [5.25, 4.75, 6.125, 4.875], "texture": "#0"},
				"south": {"uv": [6.125, 7.875, 6.25, 8], "texture": "#0"},
				"west": {"uv": [5.25, 4.875, 6.125, 5], "texture": "#0"},
				"up": {"uv": [1.625, 6.25, 1.5, 5.375], "texture": "#0"},
				"down": {"uv": [1.75, 5.375, 1.625, 6.25], "texture": "#0"}
			}
		},
		{
			"from": [12, 3, -7],
			"to": [13, 4, 2],
			"faces": {
				"north": {"uv": [7.875, 0.875, 8, 1], "texture": "#0"},
				"east": {"uv": [1.5, 5, 2.625, 5.125], "texture": "#0"},
				"south": {"uv": [1, 7.875, 1.125, 8], "texture": "#0"},
				"west": {"uv": [5, 2, 6.125, 2.125], "texture": "#0"},
				"up": {"uv": [0.375, 6.125, 0.25, 5], "texture": "#0"},
				"down": {"uv": [0.5, 5, 0.375, 6.125], "texture": "#0"}
			}
		},
		{
			"from": [3, 3, -7],
			"to": [4, 4, 2],
			"faces": {
				"north": {"uv": [7.875, 5.875, 8, 6], "texture": "#0"},
				"east": {"uv": [5, 2.125, 6.125, 2.25], "texture": "#0"},
				"south": {"uv": [6, 7.875, 6.125, 8], "texture": "#0"},
				"west": {"uv": [5, 2.5, 6.125, 2.625], "texture": "#0"},
				"up": {"uv": [0.625, 6.125, 0.5, 5], "texture": "#0"},
				"down": {"uv": [0.75, 5, 0.625, 6.125], "texture": "#0"}
			}
		},
		{
			"from": [12, 3, -8],
			"to": [13, 4, -7],
			"faces": {
				"north": {"uv": [7.875, 4.25, 8, 4.375], "texture": "#0"},
				"east": {"uv": [4.375, 7.875, 4.5, 8], "texture": "#0"},
				"south": {"uv": [7.875, 4.375, 8, 4.5], "texture": "#0"},
				"west": {"uv": [4.5, 7.875, 4.625, 8], "texture": "#0"},
				"up": {"uv": [8, 4.625, 7.875, 4.5], "texture": "#0"},
				"down": {"uv": [4.75, 7.875, 4.625, 8], "texture": "#0"}
			}
		},
		{
			"from": [11, 3, -10],
			"to": [12, 4, -8],
			"faces": {
				"north": {"uv": [7.875, 0.75, 8, 0.875], "texture": "#0"},
				"east": {"uv": [4.875, 7.25, 5.125, 7.375], "texture": "#0"},
				"south": {"uv": [0.875, 7.875, 1, 8], "texture": "#0"},
				"west": {"uv": [7.25, 4.875, 7.5, 5], "texture": "#0"},
				"up": {"uv": [5.375, 7.5, 5.25, 7.25], "texture": "#0"},
				"down": {"uv": [7.375, 5.25, 7.25, 5.5], "texture": "#0"}
			}
		},
		{
			"from": [11, 3, -8],
			"to": [12, 4, 2],
			"faces": {
				"north": {"uv": [7.875, 4.125, 8, 4.25], "texture": "#0"},
				"east": {"uv": [1.5, 4.5, 2.75, 4.625], "texture": "#0"},
				"south": {"uv": [4.25, 7.875, 4.375, 8], "texture": "#0"},
				"west": {"uv": [1.5, 4.625, 2.75, 4.75], "texture": "#0"},
				"up": {"uv": [3.375, 5.75, 3.25, 4.5], "texture": "#0"},
				"down": {"uv": [3.5, 4.5, 3.375, 5.75], "texture": "#0"}
			}
		},
		{
			"from": [4, 3, -8],
			"to": [5, 4, 2],
			"faces": {
				"north": {"uv": [7.875, 5.75, 8, 5.875], "texture": "#0"},
				"east": {"uv": [1.5, 4.75, 2.75, 4.875], "texture": "#0"},
				"south": {"uv": [5.875, 7.875, 6, 8], "texture": "#0"},
				"west": {"uv": [4.75, 2.375, 6, 2.5], "texture": "#0"},
				"up": {"uv": [3.625, 6, 3.5, 4.75], "texture": "#0"},
				"down": {"uv": [3.75, 4.75, 3.625, 6], "texture": "#0"}
			}
		},
		{
			"from": [10, 3, -12],
			"to": [11, 4, -10],
			"faces": {
				"north": {"uv": [7.875, 0.625, 8, 0.75], "texture": "#0"},
				"east": {"uv": [4.375, 7.25, 4.625, 7.375], "texture": "#0"},
				"south": {"uv": [0.75, 7.875, 0.875, 8], "texture": "#0"},
				"west": {"uv": [7.25, 4.375, 7.5, 4.5], "texture": "#0"},
				"up": {"uv": [7.375, 4.875, 7.25, 4.625], "texture": "#0"},
				"down": {"uv": [4.875, 7.25, 4.75, 7.5], "texture": "#0"}
			}
		},
		{
			"from": [10, 3, -10],
			"to": [11, 4, 2],
			"faces": {
				"north": {"uv": [7.875, 4, 8, 4.125], "texture": "#0"},
				"east": {"uv": [4, 3.75, 5.5, 3.875], "texture": "#0"},
				"south": {"uv": [4.125, 7.875, 4.25, 8], "texture": "#0"},
				"west": {"uv": [4, 3.875, 5.5, 4], "texture": "#0"},
				"up": {"uv": [2.875, 5.5, 2.75, 4], "texture": "#0"},
				"down": {"uv": [3, 4, 2.875, 5.5], "texture": "#0"}
			}
		},
		{
			"from": [5, 3, -10],
			"to": [6, 4, 2],
			"faces": {
				"north": {"uv": [7.875, 5.625, 8, 5.75], "texture": "#0"},
				"east": {"uv": [4, 4, 5.5, 4.125], "texture": "#0"},
				"south": {"uv": [5.75, 7.875, 5.875, 8], "texture": "#0"},
				"west": {"uv": [4, 4.125, 5.5, 4.25], "texture": "#0"},
				"up": {"uv": [3.125, 5.75, 3, 4.25], "texture": "#0"},
				"down": {"uv": [3.25, 4.25, 3.125, 5.75], "texture": "#0"}
			}
		},
		{
			"from": [9, 3, -14],
			"to": [10, 4, -12],
			"faces": {
				"north": {"uv": [7.875, 0.5, 8, 0.625], "texture": "#0"},
				"east": {"uv": [7.25, 3.875, 7.5, 4], "texture": "#0"},
				"south": {"uv": [0.625, 7.875, 0.75, 8], "texture": "#0"},
				"west": {"uv": [4, 7.25, 4.25, 7.375], "texture": "#0"},
				"up": {"uv": [3.5, 7.5, 3.375, 7.25], "texture": "#0"},
				"down": {"uv": [7.375, 4.125, 7.25, 4.375], "texture": "#0"}
			}
		},
		{
			"from": [9, 3, -12],
			"to": [10, 4, 2],
			"faces": {
				"north": {"uv": [7.875, 3.875, 8, 4], "texture": "#0"},
				"east": {"uv": [3, 2.25, 4.75, 2.375], "texture": "#0"},
				"south": {"uv": [4, 7.875, 4.125, 8], "texture": "#0"},
				"west": {"uv": [3, 2.375, 4.75, 2.5], "texture": "#0"},
				"up": {"uv": [3.125, 4.25, 3, 2.5], "texture": "#0"},
				"down": {"uv": [3.25, 2.5, 3.125, 4.25], "texture": "#0"}
			}
		},
		{
			"from": [6, 3, -12],
			"to": [7, 4, 2],
			"faces": {
				"north": {"uv": [7.875, 5.5, 8, 5.625], "texture": "#0"},
				"east": {"uv": [3.25, 2.5, 5, 2.625], "texture": "#0"},
				"south": {"uv": [5.625, 7.875, 5.75, 8], "texture": "#0"},
				"west": {"uv": [3.25, 2.625, 5, 2.75], "texture": "#0"},
				"up": {"uv": [3.375, 4.5, 3.25, 2.75], "texture": "#0"},
				"down": {"uv": [3.5, 2.75, 3.375, 4.5], "texture": "#0"}
			}
		},
		{
			"from": [7, 3, -15],
			"to": [9, 4, -14],
			"faces": {
				"north": {"uv": [7.25, 3.25, 7.5, 3.375], "texture": "#0"},
				"east": {"uv": [7.875, 0.375, 8, 0.5], "texture": "#0"},
				"south": {"uv": [7.25, 3.5, 7.5, 3.625], "texture": "#0"},
				"west": {"uv": [0.5, 7.875, 0.625, 8], "texture": "#0"},
				"up": {"uv": [4, 7.375, 3.75, 7.25], "texture": "#0"},
				"down": {"uv": [7.5, 3.75, 7.25, 3.875], "texture": "#0"}
			}
		},
		{
			"from": [-5, 3, 16],
			"to": [-4, 4, 18],
			"faces": {
				"north": {"uv": [7.875, 0.25, 8, 0.375], "texture": "#0"},
				"east": {"uv": [7.25, 2.875, 7.5, 3], "texture": "#0"},
				"south": {"uv": [0.375, 7.875, 0.5, 8], "texture": "#0"},
				"west": {"uv": [3, 7.25, 3.25, 7.375], "texture": "#0"},
				"up": {"uv": [7.375, 3.25, 7.25, 3], "texture": "#0"},
				"down": {"uv": [3.375, 7.25, 3.25, 7.5], "texture": "#0"}
			}
		},
		{
			"from": [-6, 3, 14],
			"to": [-5, 4, 16],
			"faces": {
				"north": {"uv": [7.875, 0.125, 8, 0.25], "texture": "#0"},
				"east": {"uv": [7.25, 2.5, 7.5, 2.625], "texture": "#0"},
				"south": {"uv": [0.25, 7.875, 0.375, 8], "texture": "#0"},
				"west": {"uv": [7.25, 2.75, 7.5, 2.875], "texture": "#0"},
				"up": {"uv": [2.75, 7.5, 2.625, 7.25], "texture": "#0"},
				"down": {"uv": [3, 7.25, 2.875, 7.5], "texture": "#0"}
			}
		},
		{
			"from": [-7, 3, 12],
			"to": [-6, 4, 14],
			"faces": {
				"north": {"uv": [7.875, 0, 8, 0.125], "texture": "#0"},
				"east": {"uv": [7.25, 2, 7.5, 2.125], "texture": "#0"},
				"south": {"uv": [0.125, 7.875, 0.25, 8], "texture": "#0"},
				"west": {"uv": [7.25, 2.375, 7.5, 2.5], "texture": "#0"},
				"up": {"uv": [2, 7.5, 1.875, 7.25], "texture": "#0"},
				"down": {"uv": [2.625, 7.25, 2.5, 7.5], "texture": "#0"}
			}
		},
		{
			"from": [-8, 3, 10],
			"to": [-7, 4, 12],
			"faces": {
				"north": {"uv": [7.75, 7.75, 7.875, 7.875], "texture": "#0"},
				"east": {"uv": [7.25, 0.875, 7.5, 1], "texture": "#0"},
				"south": {"uv": [0, 7.875, 0.125, 8], "texture": "#0"},
				"west": {"uv": [1.375, 7.25, 1.625, 7.375], "texture": "#0"},
				"up": {"uv": [7.375, 1.75, 7.25, 1.5], "texture": "#0"},
				"down": {"uv": [1.875, 7.25, 1.75, 7.5], "texture": "#0"}
			}
		},
		{
			"from": [-7, 3, 8],
			"to": [-6, 4, 10],
			"faces": {
				"north": {"uv": [7.625, 7.75, 7.75, 7.875], "texture": "#0"},
				"east": {"uv": [7.25, 0.125, 7.5, 0.25], "texture": "#0"},
				"south": {"uv": [7.75, 7.625, 7.875, 7.75], "texture": "#0"},
				"west": {"uv": [7.25, 0.5, 7.5, 0.625], "texture": "#0"},
				"up": {"uv": [1.125, 7.5, 1, 7.25], "texture": "#0"},
				"down": {"uv": [7.375, 1.125, 7.25, 1.375], "texture": "#0"}
			}
		},
		{
			"from": [-6, 3, 6],
			"to": [-5, 4, 8],
			"faces": {
				"north": {"uv": [7.5, 7.75, 7.625, 7.875], "texture": "#0"},
				"east": {"uv": [0, 7.25, 0.25, 7.375], "texture": "#0"},
				"south": {"uv": [7.75, 7.5, 7.875, 7.625], "texture": "#0"},
				"west": {"uv": [7.25, 0, 7.5, 0.125], "texture": "#0"},
				"up": {"uv": [0.5, 7.5, 0.375, 7.25], "texture": "#0"},
				"down": {"uv": [1, 7.25, 0.875, 7.5], "texture": "#0"}
			}
		},
		{
			"from": [-5, 3, 4],
			"to": [-4, 4, 6],
			"faces": {
				"north": {"uv": [7.375, 7.75, 7.5, 7.875], "texture": "#0"},
				"east": {"uv": [6.625, 7.125, 6.875, 7.25], "texture": "#0"},
				"south": {"uv": [7.75, 7.375, 7.875, 7.5], "texture": "#0"},
				"west": {"uv": [7.125, 6.875, 7.375, 7], "texture": "#0"},
				"up": {"uv": [7, 7.375, 6.875, 7.125], "texture": "#0"},
				"down": {"uv": [7.25, 7, 7.125, 7.25], "texture": "#0"}
			}
		},
		{
			"from": [-4, 3, 2],
			"to": [-3, 4, 4],
			"faces": {
				"north": {"uv": [7.25, 7.75, 7.375, 7.875], "texture": "#0"},
				"east": {"uv": [5.875, 7.125, 6.125, 7.25], "texture": "#0"},
				"south": {"uv": [7.75, 7.25, 7.875, 7.375], "texture": "#0"},
				"west": {"uv": [6.125, 7.125, 6.375, 7.25], "texture": "#0"},
				"up": {"uv": [7.25, 6.375, 7.125, 6.125], "texture": "#0"},
				"down": {"uv": [7.25, 6.375, 7.125, 6.625], "texture": "#0"}
			}
		},
		{
			"from": [-3, 3, 1],
			"to": [-2, 4, 2],
			"faces": {
				"north": {"uv": [6.875, 7.75, 7, 7.875], "texture": "#0"},
				"east": {"uv": [7.75, 6.875, 7.875, 7], "texture": "#0"},
				"south": {"uv": [7, 7.75, 7.125, 7.875], "texture": "#0"},
				"west": {"uv": [7.75, 7, 7.875, 7.125], "texture": "#0"},
				"up": {"uv": [7.25, 7.875, 7.125, 7.75], "texture": "#0"},
				"down": {"uv": [7.875, 7.125, 7.75, 7.25], "texture": "#0"}
			}
		},
		{
			"from": [-2, 3, -1],
			"to": [-1, 4, 1],
			"faces": {
				"north": {"uv": [6.75, 7.75, 6.875, 7.875], "texture": "#0"},
				"east": {"uv": [5.5, 7.125, 5.75, 7.25], "texture": "#0"},
				"south": {"uv": [7.75, 6.75, 7.875, 6.875], "texture": "#0"},
				"west": {"uv": [7.125, 5.625, 7.375, 5.75], "texture": "#0"},
				"up": {"uv": [5.875, 7.375, 5.75, 7.125], "texture": "#0"},
				"down": {"uv": [7.25, 5.75, 7.125, 6], "texture": "#0"}
			}
		},
		{
			"from": [-1, 3, -2],
			"to": [0, 4, -1],
			"faces": {
				"north": {"uv": [6.375, 7.75, 6.5, 7.875], "texture": "#0"},
				"east": {"uv": [7.75, 6.375, 7.875, 6.5], "texture": "#0"},
				"south": {"uv": [6.5, 7.75, 6.625, 7.875], "texture": "#0"},
				"west": {"uv": [7.75, 6.5, 7.875, 6.625], "texture": "#0"},
				"up": {"uv": [6.75, 7.875, 6.625, 7.75], "texture": "#0"},
				"down": {"uv": [7.875, 6.625, 7.75, 6.75], "texture": "#0"}
			}
		},
		{
			"from": [0, 3, -4],
			"to": [1, 4, -2],
			"faces": {
				"north": {"uv": [6.25, 7.75, 6.375, 7.875], "texture": "#0"},
				"east": {"uv": [4.875, 7.125, 5.125, 7.25], "texture": "#0"},
				"south": {"uv": [7.75, 6.25, 7.875, 6.375], "texture": "#0"},
				"west": {"uv": [7.125, 5.125, 7.375, 5.25], "texture": "#0"},
				"up": {"uv": [5.25, 7.375, 5.125, 7.125], "texture": "#0"},
				"down": {"uv": [7.25, 5.375, 7.125, 5.625], "texture": "#0"}
			}
		},
		{
			"from": [1, 3, -5],
			"to": [2, 4, -4],
			"faces": {
				"north": {"uv": [5.875, 7.75, 6, 7.875], "texture": "#0"},
				"east": {"uv": [7.75, 5.875, 7.875, 6], "texture": "#0"},
				"south": {"uv": [6, 7.75, 6.125, 7.875], "texture": "#0"},
				"west": {"uv": [7.75, 6, 7.875, 6.125], "texture": "#0"},
				"up": {"uv": [6.25, 7.875, 6.125, 7.75], "texture": "#0"},
				"down": {"uv": [7.875, 6.125, 7.75, 6.25], "texture": "#0"}
			}
		},
		{
			"from": [2, 3, -7],
			"to": [3, 4, -5],
			"faces": {
				"north": {"uv": [5.75, 7.75, 5.875, 7.875], "texture": "#0"},
				"east": {"uv": [4.375, 7.125, 4.625, 7.25], "texture": "#0"},
				"south": {"uv": [7.75, 5.75, 7.875, 5.875], "texture": "#0"},
				"west": {"uv": [7.125, 4.5, 7.375, 4.625], "texture": "#0"},
				"up": {"uv": [4.75, 7.375, 4.625, 7.125], "texture": "#0"},
				"down": {"uv": [7.25, 4.625, 7.125, 4.875], "texture": "#0"}
			}
		},
		{
			"from": [3, 3, -8],
			"to": [4, 4, -7],
			"faces": {
				"north": {"uv": [5.375, 7.75, 5.5, 7.875], "texture": "#0"},
				"east": {"uv": [7.75, 5.375, 7.875, 5.5], "texture": "#0"},
				"south": {"uv": [5.5, 7.75, 5.625, 7.875], "texture": "#0"},
				"west": {"uv": [7.75, 5.5, 7.875, 5.625], "texture": "#0"},
				"up": {"uv": [5.75, 7.875, 5.625, 7.75], "texture": "#0"},
				"down": {"uv": [7.875, 5.625, 7.75, 5.75], "texture": "#0"}
			}
		},
		{
			"from": [4, 3, -10],
			"to": [5, 4, -8],
			"faces": {
				"north": {"uv": [5.25, 7.75, 5.375, 7.875], "texture": "#0"},
				"east": {"uv": [4, 7.125, 4.25, 7.25], "texture": "#0"},
				"south": {"uv": [7.75, 5.25, 7.875, 5.375], "texture": "#0"},
				"west": {"uv": [7.125, 4, 7.375, 4.125], "texture": "#0"},
				"up": {"uv": [4.375, 7.375, 4.25, 7.125], "texture": "#0"},
				"down": {"uv": [7.25, 4.25, 7.125, 4.5], "texture": "#0"}
			}
		},
		{
			"from": [5, 3, -12],
			"to": [6, 4, -10],
			"faces": {
				"north": {"uv": [5.125, 7.75, 5.25, 7.875], "texture": "#0"},
				"east": {"uv": [7.125, 3.375, 7.375, 3.5], "texture": "#0"},
				"south": {"uv": [7.75, 5.125, 7.875, 5.25], "texture": "#0"},
				"west": {"uv": [7.125, 3.625, 7.375, 3.75], "texture": "#0"},
				"up": {"uv": [3.75, 7.375, 3.625, 7.125], "texture": "#0"},
				"down": {"uv": [7.25, 3.75, 7.125, 4], "texture": "#0"}
			}
		},
		{
			"from": [6, 3, -14],
			"to": [7, 4, -12],
			"faces": {
				"north": {"uv": [5, 7.75, 5.125, 7.875], "texture": "#0"},
				"east": {"uv": [7.125, 2.625, 7.375, 2.75], "texture": "#0"},
				"south": {"uv": [7.75, 5, 7.875, 5.125], "texture": "#0"},
				"west": {"uv": [3.125, 7.125, 3.375, 7.25], "texture": "#0"},
				"up": {"uv": [7.25, 3.375, 7.125, 3.125], "texture": "#0"},
				"down": {"uv": [3.625, 7.125, 3.5, 7.375], "texture": "#0"}
			}
		}
	],
	"display": {
		"thirdperson_righthand": {
			"translation": [0, 0.5, 0.75],
			"scale": [0.1, 0.1, 0.1]
		},
		"thirdperson_lefthand": {
			"translation": [0, 0.75, 0.75],
			"scale": [0.1, 0.1, 0.1]
		},
		"firstperson_righthand": {
			"rotation": [65, 180, 0],
			"translation": [2, 3.75, 0],
			"scale": [0.2, 0.1, 0.2]
		},
		"firstperson_lefthand": {
			"rotation": [65, 180, 0],
			"translation": [2, 3.75, 0],
			"scale": [0.2, 0.1, 0.2]
		},
		"ground": {
			"rotation": [-90, 0, 0],
			"translation": [0, 7.5, -1.5],
			"scale": [0.4, 0.4, 0.4]
		},
		"gui": {
			"rotation": [-90, 0, 180],
			"translation": [0, 1.75, 0],
			"scale": [0.4, 1, 0.4]
		},
		"head": {
			"scale": [0, 0, 0]
		},
		"fixed": {
			"rotation": [90, 180, 180],
			"translation": [0, 2.5, -2.75],
			"scale": [0.5, 0.5, 0.5]
		}
	}
}