{
	"credit": "by Hoffen InkGhoul",
	"parent":"minecraft:item/carved_pumpkin",
	"texture_size": [32, 32],
	"textures": {
		"0": "custom:item/texturejellie"
	},
	"elements": [
		{
			"from": [4.96299, 1.75845, 3.9],
			"to": [7.96299, 4.75845, 7.1],
			"rotation": {"angle": -22.5, "axis": "z", "origin": [6.46299, 3.25845, 4.5]},
			"faces": {
				"north": {"uv": [2.5, 2, 4, 3.5], "texture": "#0"},
				"east": {"uv": [0, 3, 1.5, 4.5], "texture": "#0"},
				"south": {"uv": [1.5, 3.5, 3, 5], "texture": "#0"},
				"west": {"uv": [3, 3.5, 4.5, 5], "texture": "#0"},
				"up": {"uv": [5.5, 3.5, 4, 2], "texture": "#0"},
				"down": {"uv": [1.5, 4.5, 0, 6], "texture": "#0"}
			}
		},
		{
			"from": [7.26299, 4.75845, 4.2],
			"to": [8.51299, 5.75845, 5.05],
			"rotation": {"angle": -22.5, "axis": "z", "origin": [7.08799, 6.25845, 5.125]},
			"faces": {
				"north": {"uv": [3.5, 5, 4, 5.5], "texture": "#0"},
				"east": {"uv": [4, 5, 4.5, 5.5], "texture": "#0"},
				"south": {"uv": [5.5, 3, 6, 3.5], "texture": "#0"},
				"west": {"uv": [6, 3, 6.5, 3.5], "texture": "#0"},
				"up": {"uv": [7, 5.5, 6.5, 5], "texture": "#0"},
				"down": {"uv": [7.5, 5, 7, 5.5], "texture": "#0"}
			}
		},
		{
			"from": [7.26299, 4.75845, 5.95],
			"to": [8.51299, 5.75845, 6.8],
			"rotation": {"angle": -22.5, "axis": "z", "origin": [7.08799, 6.25845, 5.125]},
			"faces": {
				"north": {"uv": [2.5, 8.5, 3, 9], "texture": "#0"},
				"east": {"uv": [3, 8.5, 3.5, 9], "texture": "#0"},
				"south": {"uv": [8.5, 3, 9, 3.5], "texture": "#0"},
				"west": {"uv": [8.5, 3.5, 9, 4], "texture": "#0"},
				"up": {"uv": [4.5, 9, 4, 8.5], "texture": "#0"},
				"down": {"uv": [9, 4, 8.5, 4.5], "texture": "#0"}
			}
		},
		{
			"from": [6.6, 0.1, 4.9],
			"to": [11.6, 2.1, 7.9],
			"rotation": {"angle": -45, "axis": "y", "origin": [8.6, 1.1, 6.9]},
			"faces": {
				"north": {"uv": [2.5, 0, 5, 1], "texture": "#0"},
				"east": {"uv": [2, 7.5, 3.5, 8.5], "texture": "#0"},
				"south": {"uv": [2.5, 1, 5, 2], "texture": "#0"},
				"west": {"uv": [7.5, 2, 9, 3], "texture": "#0"},
				"up": {"uv": [2.5, 1.5, 0, 0], "texture": "#0"},
				"down": {"uv": [2.5, 1.5, 0, 3], "texture": "#0"}
			}
		},
		{
			"from": [10.24264, 1.5, 8.12132],
			"to": [11.24264, 2.4, 11.12132],
			"rotation": {"angle": -22.5, "axis": "x", "origin": [12.84264, 1.65, 9.02132]},
			"faces": {
				"north": {"uv": [4.5, 8.5, 5, 9], "texture": "#0"},
				"east": {"uv": [2, 6, 3.5, 6.5], "texture": "#0"},
				"south": {"uv": [8.5, 4.5, 9, 5], "texture": "#0"},
				"west": {"uv": [7.5, 6, 9, 6.5], "texture": "#0"},
				"up": {"uv": [4, 9, 3.5, 7.5], "texture": "#0"},
				"down": {"uv": [8.5, 6.5, 8, 8], "texture": "#0"}
			}
		},
		{
			"from": [10.24264, 3.1977, 9.55477],
			"to": [11.24264, 4.0977, 12.05477],
			"rotation": {"angle": -45, "axis": "x", "origin": [10.74264, 4.40772, 11.35477]},
			"faces": {
				"north": {"uv": [5, 8.5, 5.5, 9], "texture": "#0"},
				"east": {"uv": [8, 1, 9.5, 1.5], "texture": "#0"},
				"south": {"uv": [8.5, 5, 9, 5.5], "texture": "#0"},
				"west": {"uv": [8, 1.5, 9.5, 2], "texture": "#0"},
				"up": {"uv": [8.5, 9.5, 8, 8], "texture": "#0"},
				"down": {"uv": [2.5, 8.5, 2, 10], "texture": "#0"}
			}
		},
		{
			"from": [3.675, 0.075, 5.85],
			"to": [7.675, 1.575, 7.35],
			"rotation": {"angle": 0, "axis": "y", "origin": [5.675, 0.95, 6.35]},
			"faces": {
				"north": {"uv": [4.5, 3.5, 6.5, 4.5], "texture": "#0"},
				"east": {"uv": [7.5, 3, 8.5, 4], "texture": "#0"},
				"south": {"uv": [4.5, 4.5, 6.5, 5.5], "texture": "#0"},
				"west": {"uv": [7.5, 4, 8.5, 5], "texture": "#0"},
				"up": {"uv": [7, 1, 5, 0], "texture": "#0"},
				"down": {"uv": [7, 1, 5, 2], "texture": "#0"}
			}
		},
		{
			"from": [8.175, 0.075, 8],
			"to": [9.675, 1.575, 12],
			"rotation": {"angle": -22.5, "axis": "y", "origin": [8.675, 0.95, 10.25]},
			"faces": {
				"north": {"uv": [6, 7.5, 7, 8.5], "texture": "#0"},
				"east": {"uv": [0, 6, 2, 7], "texture": "#0"},
				"south": {"uv": [0, 8, 1, 9], "texture": "#0"},
				"west": {"uv": [2, 6.5, 4, 7.5], "texture": "#0"},
				"up": {"uv": [7.5, 5, 6.5, 3], "texture": "#0"},
				"down": {"uv": [5, 6.5, 4, 8.5], "texture": "#0"}
			}
		},
		{
			"from": [10.575, 0.075, 7.7],
			"to": [12.075, 1.575, 11.7],
			"rotation": {"angle": 0, "axis": "y", "origin": [11.075, 0.95, 9.7]},
			"faces": {
				"north": {"uv": [8, 0, 9, 1], "texture": "#0"},
				"east": {"uv": [5, 6.5, 7, 7.5], "texture": "#0"},
				"south": {"uv": [1, 8, 2, 9], "texture": "#0"},
				"west": {"uv": [0, 7, 2, 8], "texture": "#0"},
				"up": {"uv": [8, 2, 7, 0], "texture": "#0"},
				"down": {"uv": [8, 6.5, 7, 8.5], "texture": "#0"}
			}
		},
		{
			"from": [4.425, 0.075, 3.25],
			"to": [8.425, 1.575, 4.75],
			"rotation": {"angle": -22.5, "axis": "y", "origin": [6.425, 0.95, 3.75]},
			"faces": {
				"north": {"uv": [1.5, 5, 3.5, 6], "texture": "#0"},
				"east": {"uv": [5, 7.5, 6, 8.5], "texture": "#0"},
				"south": {"uv": [5.5, 2, 7.5, 3], "texture": "#0"},
				"west": {"uv": [7.5, 5, 8.5, 6], "texture": "#0"},
				"up": {"uv": [5.5, 6.5, 3.5, 5.5], "texture": "#0"},
				"down": {"uv": [7.5, 5.5, 5.5, 6.5], "texture": "#0"}
			}
		},
		{
			"from": [5, 2.96956, 4.98],
			"to": [5, 3.46956, 6.03],
			"rotation": {"angle": -22.5, "axis": "z", "origin": [4.85851, 4.11956, 5.475]},
			"faces": {
				"north": {"uv": [0, 0, 0, 0.5], "texture": "#0"},
				"east": {"uv": [1.5, 3, 2, 3.5], "texture": "#0"},
				"south": {"uv": [0, 0, 0, 0.5], "texture": "#0"},
				"west": {"uv": [2, 3, 2.5, 3.5], "texture": "#0"},
				"up": {"uv": [0, 0.5, 0, 0], "texture": "#0"},
				"down": {"uv": [0, 0, 0, 0.5], "texture": "#0"}
			}
		}
	],
	"gui_light": "front",
	"display": {
		"thirdperson_righthand": {
			"rotation": [39.78, -31.7, -27.66],
			"translation": [3.25, 1.25, 4],
			"scale": [0.9, 0.9, 0.9]
		},
		"thirdperson_lefthand": {
			"rotation": [85.51, 50.97, -15.74],
			"translation": [2.75, 1, 18],
			"scale": [0.9, 0.9, 0.9]
		},
		"firstperson_righthand": {
			"rotation": [4.42, 22.49, -0.14],
			"translation": [2.75, 6.75, -0.25],
			"scale": [1, 1, 0.64]
		},
		"firstperson_lefthand": {
			"rotation": [177.51, -22.58, -175.16],
			"translation": [2.5, 7.5, -0.5],
			"scale": [1, 1, 0.64]
		},
		"ground": {
			"translation": [0, 4.25, 0],
			"scale": [1.1, 1.1, 1.1]
		},
		"gui": {
			"rotation": [-176.17, 69.6, -175.94],
			"translation": [0.75, 8.25, 0],
			"scale": [2, 2, 2]
		},
		"head": {
			"rotation": [-179.54, -79.24, -174.55],
			"translation": [-0.5, 17.75, -3.25],
			"scale": [1.5, 1.5, 1.5]
		},
		"fixed": {
			"rotation": [-90, -90, 0],
			"translation": [0, 0, -14],
			"scale": [1.8, 1.8, 1.8]
		}
	},
	"groups": [
		{
			"name": "doll",
			"origin": [-15.10038, 7.0162, 11.33756],
			"color": 0,
			"children": [
				0,
				1,
				2,
				3,
				4,
				5,
				6,
				7,
				8,
				9,
				{
					"name": "group",
					"origin": [7, 8.25, 7.4375],
					"color": 0,
					"children": [10]
				}
			]
		}
	]
}