{
	"credit": "Made with Blockbench",
	"parent":"minecraft:item/carved_pumpkin",
	"textures": {
		"0": "custom:item/scarsbighat"
	},
	"elements": [
		{
			"from": [3, 13.65, -2],
			"to": [13, 14.65, -1],
			"rotation": {"angle": 0, "axis": "y", "origin": [0, -1, 0]},
			"faces": {
				"north": {"uv": [10.8, 2.8, 12.8, 3], "texture": "#0"},
				"east": {"uv": [8.4, 9.8, 8.6, 10], "texture": "#0"},
				"south": {"uv": [10.8, 3, 12.8, 3.2], "texture": "#0"},
				"west": {"uv": [8.6, 9.8, 8.8, 10], "texture": "#0"},
				"up": {"uv": [12.8, 3.4, 10.8, 3.2], "texture": "#0"},
				"down": {"uv": [12.8, 3.4, 10.8, 3.6], "texture": "#0"}
			}
		},
		{
			"from": [1, 13.65, 16],
			"to": [15, 14.65, 17],
			"rotation": {"angle": 0, "axis": "y", "origin": [0, -1, 0]},
			"faces": {
				"north": {"uv": [10.4, 3.6, 13.2, 3.8], "texture": "#0"},
				"east": {"uv": [11.2, 0.4, 11.4, 0.6], "texture": "#0"},
				"south": {"uv": [10.4, 3.8, 13.2, 4], "texture": "#0"},
				"west": {"uv": [11.2, 0.6, 11.4, 0.8], "texture": "#0"},
				"up": {"uv": [13.2, 4.2, 10.4, 4], "texture": "#0"},
				"down": {"uv": [13.2, 4.2, 10.4, 4.4], "texture": "#0"}
			}
		},
		{
			"from": [0, 13.65, 0],
			"to": [16, 14.65, 16],
			"rotation": {"angle": 0, "axis": "y", "origin": [0, -1, 0]},
			"faces": {
				"north": {"uv": [9.6, 7.4, 12.8, 7.6], "texture": "#0"},
				"east": {"uv": [10, 5.6, 13.2, 5.8], "texture": "#0"},
				"south": {"uv": [10, 5.8, 13.2, 6], "texture": "#0"},
				"west": {"uv": [10, 6, 13.2, 6.2], "texture": "#0"},
				"up": {"uv": [3.2, 3.2, 0, 0], "texture": "#0"},
				"down": {"uv": [3.2, 3.2, 0, 6.4], "texture": "#0"}
			}
		},
		{
			"from": [1, 13.65, -1],
			"to": [15, 14.65, 0],
			"rotation": {"angle": 0, "axis": "y", "origin": [0, -1, 0]},
			"faces": {
				"north": {"uv": [10.4, 4.4, 13.2, 4.6], "texture": "#0"},
				"east": {"uv": [11.2, 0.8, 11.4, 1], "texture": "#0"},
				"south": {"uv": [10.4, 4.6, 13.2, 4.8], "texture": "#0"},
				"west": {"uv": [11.2, 1, 11.4, 1.2], "texture": "#0"},
				"up": {"uv": [10.8, 10.6, 8, 10.4], "texture": "#0"},
				"down": {"uv": [13.2, 9.2, 10.4, 9.4], "texture": "#0"}
			}
		},
		{
			"from": [-1.63562, 14.67037, 1],
			"to": [0.36438, 15.67037, 15],
			"rotation": {"angle": -22.5, "axis": "z", "origin": [-2.38268, 15.07612, 9]},
			"faces": {
				"north": {"uv": [8, 7.6, 8.4, 7.8], "texture": "#0"},
				"east": {"uv": [10.4, 9.4, 13.2, 9.6], "texture": "#0"},
				"south": {"uv": [8.4, 7.6, 8.8, 7.8], "texture": "#0"},
				"west": {"uv": [10.4, 9.6, 13.2, 9.8], "texture": "#0"},
				"up": {"uv": [0.4, 11.8, 0, 9], "texture": "#0"},
				"down": {"uv": [0.8, 9, 0.4, 11.8], "texture": "#0"}
			}
		},
		{
			"from": [-4.18606, 16.51788, 3],
			"to": [-2.18606, 17.51788, 13],
			"rotation": {"angle": -45, "axis": "z", "origin": [-4.55487, 15.05826, 9]},
			"faces": {
				"north": {"uv": [8.8, 4.8, 9.2, 5], "texture": "#0"},
				"east": {"uv": [10.8, 8.8, 12.8, 9], "texture": "#0"},
				"south": {"uv": [8.8, 5, 9.2, 5.2], "texture": "#0"},
				"west": {"uv": [10.8, 9, 12.8, 9.2], "texture": "#0"},
				"up": {"uv": [6.4, 11.8, 6, 9.8], "texture": "#0"},
				"down": {"uv": [6.8, 9.8, 6.4, 11.8], "texture": "#0"}
			}
		},
		{
			"from": [15.63562, 14.67037, 1],
			"to": [17.63562, 15.67037, 15],
			"rotation": {"angle": 22.5, "axis": "z", "origin": [18.38268, 15.07612, 9]},
			"faces": {
				"north": {"uv": [9.2, 4.8, 9.6, 5], "texture": "#0"},
				"east": {"uv": [10.4, 9.8, 13.2, 10], "texture": "#0"},
				"south": {"uv": [9.2, 5, 9.6, 5.2], "texture": "#0"},
				"west": {"uv": [8, 10.6, 10.8, 10.8], "texture": "#0"},
				"up": {"uv": [1.2, 11.8, 0.8, 9], "texture": "#0"},
				"down": {"uv": [1.6, 9, 1.2, 11.8], "texture": "#0"}
			}
		},
		{
			"from": [18.18606, 16.51788, 3],
			"to": [20.18606, 17.51788, 13],
			"rotation": {"angle": 45, "axis": "z", "origin": [20.55487, 15.05826, 9]},
			"faces": {
				"north": {"uv": [7.6, 9.8, 8, 10], "texture": "#0"},
				"east": {"uv": [10, 10.8, 12, 11], "texture": "#0"},
				"south": {"uv": [8, 9.8, 8.4, 10], "texture": "#0"},
				"west": {"uv": [10.8, 10, 12.8, 10.2], "texture": "#0"},
				"up": {"uv": [7.2, 11.8, 6.8, 9.8], "texture": "#0"},
				"down": {"uv": [7.6, 9.8, 7.2, 11.8], "texture": "#0"}
			}
		},
		{
			"from": [3, 13.65, 17],
			"to": [13, 14.65, 18],
			"rotation": {"angle": 0, "axis": "y", "origin": [0, -1, 0]},
			"faces": {
				"north": {"uv": [10.8, 10.2, 12.8, 10.4], "texture": "#0"},
				"east": {"uv": [11.2, 1.2, 11.4, 1.4], "texture": "#0"},
				"south": {"uv": [10.8, 10.4, 12.8, 10.6], "texture": "#0"},
				"west": {"uv": [11.2, 1.4, 11.4, 1.6], "texture": "#0"},
				"up": {"uv": [12.8, 10.8, 10.8, 10.6], "texture": "#0"},
				"down": {"uv": [12, 11, 10, 11.2], "texture": "#0"}
			}
		},
		{
			"from": [2.99, 14.54, 2.99],
			"to": [13.01, 27.56, 13.01],
			"rotation": {"angle": 0, "axis": "y", "origin": [0, -1, 0]},
			"faces": {
				"north": {"uv": [3.2, 0, 5.2, 2.6], "texture": "#0"},
				"east": {"uv": [3.2, 2.6, 5.2, 5.2], "texture": "#0"},
				"south": {"uv": [5.2, 0, 7.2, 2.6], "texture": "#0"},
				"west": {"uv": [5.2, 2.6, 7.2, 5.2], "texture": "#0"},
				"up": {"uv": [6.8, 9.8, 4.8, 7.8], "texture": "#0"},
				"down": {"uv": [8.8, 7.8, 6.8, 9.8], "texture": "#0"}
			}
		},
		{
			"from": [4, 14.54681, 12],
			"to": [12, 27.54681, 14],
			"rotation": {"angle": 0, "axis": "y", "origin": [0, -1, 15.5]},
			"faces": {
				"north": {"uv": [0, 6.4, 1.6, 9], "texture": "#0"},
				"east": {"uv": [2.4, 9, 2.8, 11.6], "texture": "#0"},
				"south": {"uv": [1.6, 6.4, 3.2, 9], "texture": "#0"},
				"west": {"uv": [2.8, 9, 3.2, 11.6], "texture": "#0"},
				"up": {"uv": [11.6, 6.6, 10, 6.2], "texture": "#0"},
				"down": {"uv": [11.6, 6.6, 10, 7], "texture": "#0"}
			}
		},
		{
			"from": [4.01, 20.61128, 13.2017],
			"to": [11.99, 26.59128, 15.1817],
			"rotation": {"angle": 22.5, "axis": "x", "origin": [7.99, 25.04223, 15.97261]},
			"faces": {
				"north": {"uv": [8, 5.2, 9.6, 6.4], "texture": "#0"},
				"east": {"uv": [10.8, 0.4, 11.2, 1.6], "texture": "#0"},
				"south": {"uv": [8, 6.4, 9.6, 7.6], "texture": "#0"},
				"west": {"uv": [10.8, 1.6, 11.2, 2.8], "texture": "#0"},
				"up": {"uv": [11.6, 7.4, 10, 7], "texture": "#0"},
				"down": {"uv": [9.2, 10, 7.6, 10.4], "texture": "#0"}
			}
		},
		{
			"from": [4, 14.54681, 2],
			"to": [12, 27.54681, 4],
			"rotation": {"angle": 0, "axis": "y", "origin": [0, -1, 0.5]},
			"faces": {
				"north": {"uv": [3.2, 5.2, 4.8, 7.8], "texture": "#0"},
				"east": {"uv": [1.6, 9, 2, 11.6], "texture": "#0"},
				"south": {"uv": [4.8, 5.2, 6.4, 7.8], "texture": "#0"},
				"west": {"uv": [2, 9, 2.4, 11.6], "texture": "#0"},
				"up": {"uv": [11.6, 5.2, 10, 4.8], "texture": "#0"},
				"down": {"uv": [11.6, 5.2, 10, 5.6], "texture": "#0"}
			}
		},
		{
			"from": [4.01, 20.61128, 0.8183],
			"to": [11.99, 26.59128, 2.7983],
			"rotation": {"angle": -22.5, "axis": "x", "origin": [7.99, 25.04223, 0.02739]},
			"faces": {
				"north": {"uv": [8.8, 0, 10.4, 1.2], "texture": "#0"},
				"east": {"uv": [10.8, 7.6, 11.2, 8.8], "texture": "#0"},
				"south": {"uv": [8.8, 1.2, 10.4, 2.4], "texture": "#0"},
				"west": {"uv": [8, 10.8, 8.4, 12], "texture": "#0"},
				"up": {"uv": [10.8, 10.4, 9.2, 10], "texture": "#0"},
				"down": {"uv": [12, 0, 10.4, 0.4], "texture": "#0"}
			}
		},
		{
			"from": [2, 14.525, 4],
			"to": [4, 27.525, 12],
			"rotation": {"angle": 0, "axis": "y", "origin": [0.6, -1, 0]},
			"faces": {
				"north": {"uv": [9.6, 4.8, 10, 7.4], "texture": "#0"},
				"east": {"uv": [6.4, 5.2, 8, 7.8], "texture": "#0"},
				"south": {"uv": [4.8, 9.8, 5.2, 12.4], "texture": "#0"},
				"west": {"uv": [7.2, 0, 8.8, 2.6], "texture": "#0"},
				"up": {"uv": [10.8, 2, 10.4, 0.4], "texture": "#0"},
				"down": {"uv": [10.8, 2, 10.4, 3.6], "texture": "#0"}
			}
		},
		{
			"from": [0.87057, 20.95269, 4.01],
			"to": [2.85057, 26.93269, 11.99],
			"rotation": {"angle": 22.5, "axis": "z", "origin": [0.96656, 25.07065, 8]},
			"faces": {
				"north": {"uv": [8.4, 10.8, 8.8, 12], "texture": "#0"},
				"east": {"uv": [8.8, 2.4, 10.4, 3.6], "texture": "#0"},
				"south": {"uv": [8.8, 10.8, 9.2, 12], "texture": "#0"},
				"west": {"uv": [8.8, 3.6, 10.4, 4.8], "texture": "#0"},
				"up": {"uv": [3.6, 12, 3.2, 10.4], "texture": "#0"},
				"down": {"uv": [4, 10.4, 3.6, 12], "texture": "#0"}
			}
		},
		{
			"from": [12, 14.525, 4],
			"to": [14, 27.525, 12],
			"rotation": {"angle": 0, "axis": "y", "origin": [15.4, -1, 0]},
			"faces": {
				"north": {"uv": [5.2, 9.8, 5.6, 12.4], "texture": "#0"},
				"east": {"uv": [7.2, 2.6, 8.8, 5.2], "texture": "#0"},
				"south": {"uv": [5.6, 9.8, 6, 12.4], "texture": "#0"},
				"west": {"uv": [3.2, 7.8, 4.8, 10.4], "texture": "#0"},
				"up": {"uv": [4.4, 12, 4, 10.4], "texture": "#0"},
				"down": {"uv": [4.8, 10.4, 4.4, 12], "texture": "#0"}
			}
		},
		{
			"from": [13.14943, 20.95269, 4.01],
			"to": [15.12943, 26.93269, 11.99],
			"rotation": {"angle": -22.5, "axis": "z", "origin": [15.03344, 25.07065, 8]},
			"faces": {
				"north": {"uv": [9.2, 10.8, 9.6, 12], "texture": "#0"},
				"east": {"uv": [8.8, 7.6, 10.4, 8.8], "texture": "#0"},
				"south": {"uv": [9.6, 10.8, 10, 12], "texture": "#0"},
				"west": {"uv": [8.8, 8.8, 10.4, 10], "texture": "#0"},
				"up": {"uv": [8, 12, 7.6, 10.4], "texture": "#0"},
				"down": {"uv": [10.8, 7.6, 10.4, 9.2], "texture": "#0"}
			}
		}
	],
	"display": {
		"gui": {
			"translation": [0, -8.75, 0],
			"scale": [0.7, 0.7, 0.7]
		},
		"fixed": {
			"rotation": [-90, 0, 0],
			"translation": [0, 0.25, 4]
		}
	},
	"groups": [
		{
			"name": "scarsbighat",
			"origin": [8, 8, 8],
			"color": 0,
			"children": [
				{
					"name": "hat",
					"origin": [0, 16, 0],
					"rotation": [2.5, 0, -2.5],
					"color": 0,
					"children": [
						{
							"name": "bottom",
							"origin": [0, 16, 0],
							"color": 0,
							"children": [
								0,
								1,
								2,
								3,
								{
									"name": "bone",
									"origin": [-10, 15, 0],
									"rotation": [0, 0, -20],
									"color": 0,
									"children": [
										4,
										{
											"name": "bone2",
											"origin": [-12, 15, 0],
											"rotation": [0, 0, -20],
											"color": 0,
											"children": [5]
										}
									]
								},
								{
									"name": "bone",
									"origin": [-10, 15, 0],
									"rotation": [0, 0, -20],
									"color": 0,
									"children": [
										6,
										{
											"name": "bone2",
											"origin": [-12, 15, 0],
											"rotation": [0, 0, -20],
											"color": 0,
											"children": [7, 8]
										}
									]
								}
							]
						},
						{
							"name": "top",
							"origin": [0, 16, 0],
							"color": 0,
							"children": [
								9,
								{
									"name": "back",
									"origin": [0, 7.02181, 0.49952],
									"color": 0,
									"children": [
										10,
										{
											"name": "bone12",
											"origin": [0, 24.02181, -5.50048],
											"rotation": [-10, 0, 0],
											"color": 0,
											"children": [11]
										}
									]
								},
								{
									"name": "back",
									"origin": [0, 7.02181, 0.49952],
									"color": 0,
									"children": [
										12,
										{
											"name": "bone12",
											"origin": [0, 24.02181, -5.50048],
											"rotation": [-10, 0, 0],
											"color": 0,
											"children": [13]
										}
									]
								},
								{
									"name": "side_right",
									"origin": [0.6, -1, 0],
									"color": 0,
									"children": [
										14,
										{
											"name": "bone8",
											"origin": [-6, 27, 0],
											"rotation": [0, 0, 10],
											"color": 0,
											"children": [15]
										}
									]
								},
								{
									"name": "side_right",
									"origin": [0.6, -1, 0],
									"color": 0,
									"children": [
										16,
										{
											"name": "bone8",
											"origin": [-6, 27, 0],
											"rotation": [0, 0, 10],
											"color": 0,
											"children": [17]
										}
									]
								}
							]
						}
					]
				}
			]
		}
	]
}