{
	"credit": "by Hoffen _InkGhoul",
	"parent":"minecraft:item/carved_pumpkin",
	"texture_size": [128, 128],
	"textures": {
		"2": "custom:item/scarspiratehat"
		
	},
	"elements": [
		{
			"from": [0, 0, 3],
			"to": [16, 0, 15],
			"faces": {
				"north": {"uv": [0, 0, 2, 0], "texture": "#2"},
				"east": {"uv": [0, 0, 1.5, 0], "texture": "#2"},
				"south": {"uv": [0, 0, 2, 0], "texture": "#2"},
				"west": {"uv": [0, 0, 1.5, 0], "texture": "#2"},
				"up": {"uv": [2, 1.5, 0, 0], "texture": "#2"},
				"down": {"uv": [2, 1.5, 0, 3], "texture": "#2"}
			}
		},
		{
			"from": [3, -1, 4],
			"to": [13, 4, 14],
			"faces": {
				"north": {"uv": [6.75, 4.875, 8, 5.5], "texture": "#2"},
				"east": {"uv": [6.75, 5.5, 8, 6.125], "texture": "#2"},
				"south": {"uv": [6.75, 4.875, 8, 5.5], "texture": "#2"},
				"west": {"uv": [8, 5.5, 6.75, 6.125], "texture": "#2"},
				"up": {"uv": [5.25, 5.75, 4, 4.5], "texture": "#2"},
				"down": {"uv": [6, 0, 4.75, 1.25], "texture": "#2"}
			}
		},
		{
			"from": [16, 0, 3],
			"to": [16, 5, 15],
			"faces": {
				"north": {"uv": [0, 0, 0, 0.625], "texture": "#2"},
				"east": {"uv": [6, 0, 7.5, 0.625], "texture": "#2"},
				"south": {"uv": [0, 0, 0, 0.625], "texture": "#2"},
				"west": {"uv": [7.5, 0, 6, 0.625], "texture": "#2"},
				"up": {"uv": [0, 1.5, 0, 0], "texture": "#2"},
				"down": {"uv": [0, 0, 0, 1.5], "texture": "#2"}
			}
		},
		{
			"from": [14.8, -1.25, 7],
			"to": [14.8, 10.75, 17],
			"rotation": {"angle": 22.5, "axis": "y", "origin": [14.8, 4.75, 12]},
			"faces": {
				"north": {"uv": [0, 0, 0, 1.5], "texture": "#2"},
				"east": {"uv": [3.5, 3, 4.75, 4.5], "texture": "#2"},
				"south": {"uv": [0, 0, 0, 1.5], "texture": "#2"},
				"west": {"uv": [4.75, 3, 3.5, 4.5], "texture": "#2"},
				"up": {"uv": [0, 1.25, 0, 0], "texture": "#2"},
				"down": {"uv": [0, 0, 0, 1.25], "texture": "#2"}
			}
		},
		{
			"from": [0, 0, 3],
			"to": [0, 5, 15],
			"faces": {
				"north": {"uv": [0, 0, 0, 0.625], "texture": "#2"},
				"east": {"uv": [6, 0, 7.5, 0.625], "texture": "#2"},
				"south": {"uv": [0, 0, 0, 0.625], "texture": "#2"},
				"west": {"uv": [7.5, 0, 6, 0.625], "texture": "#2"},
				"up": {"uv": [0, 1.5, 0, 0], "texture": "#2"},
				"down": {"uv": [0, 0, 0, 1.5], "texture": "#2"}
			}
		},
		{
			"from": [0, 0, 3],
			"to": [16, 6, 3],
			"faces": {
				"north": {"uv": [4.75, 1.25, 6.75, 2], "texture": "#2"},
				"east": {"uv": [0, 0, 0, 0.75], "texture": "#2"},
				"south": {"uv": [4.75, 1.25, 6.75, 2], "texture": "#2"},
				"west": {"uv": [0, 0, 0, 0.75], "texture": "#2"},
				"up": {"uv": [2, 0, 0, 0], "texture": "#2"},
				"down": {"uv": [2, 0, 0, 0], "texture": "#2"}
			}
		},
		{
			"from": [0, 0, 15],
			"to": [16, 5, 15],
			"faces": {
				"north": {"uv": [4.75, 3.375, 6.75, 4], "texture": "#2"},
				"east": {"uv": [0, 0, 0, 0.625], "texture": "#2"},
				"south": {"uv": [4.75, 3.375, 6.75, 4], "texture": "#2"},
				"west": {"uv": [0, 0, 0, 0.625], "texture": "#2"},
				"up": {"uv": [2, 0, 0, 0], "texture": "#2"},
				"down": {"uv": [2, 0, 0, 0], "texture": "#2"}
			}
		},
		{
			"from": [-0.8, 2.63449, 8.86626],
			"to": [-0.8, 14.63449, 18.86626],
			"rotation": {"angle": -45, "axis": "y", "origin": [-1.05, 6.63449, 13.36626]},
			"faces": {
				"north": {"uv": [0, 0, 0, 1.5], "texture": "#2"},
				"east": {"uv": [0, 4.25, 1.25, 5.75], "texture": "#2"},
				"south": {"uv": [0, 0, 0, 1.5], "texture": "#2"},
				"west": {"uv": [1.25, 4.25, 0, 5.75], "texture": "#2"},
				"up": {"uv": [0, 1.25, 0, 0], "texture": "#2"},
				"down": {"uv": [0, 0, 0, 1.25], "texture": "#2"}
			}
		},
		{
			"from": [-0.5, 3.75, 5.25],
			"to": [11.5, 3.75, 15.25],
			"rotation": {"angle": 22.5, "axis": "x", "origin": [5.5, 6.75, 10.25]},
			"faces": {
				"north": {"uv": [0, 0, 1.5, 0], "texture": "#2"},
				"east": {"uv": [0, 0, 1.25, 0], "texture": "#2"},
				"south": {"uv": [0, 0, 1.5, 0], "texture": "#2"},
				"west": {"uv": [0, 0, 1.25, 0], "texture": "#2"},
				"up": {"uv": [3.5, 4, 2, 2.75], "texture": "#2"},
				"down": {"uv": [1.5, 3, 0, 4.25], "texture": "#2"}
			}
		},
		{
			"from": [1.5, 3.85, 6.25],
			"to": [9.5, 7.75, 14.25],
			"rotation": {"angle": 22.5, "axis": "x", "origin": [5.5, 6.75, 10.25]},
			"faces": {
				"north": {"uv": [6.5, 7.375, 7.5, 7.875], "texture": "#2"},
				"east": {"uv": [7.5, 0, 8.5, 0.5], "texture": "#2"},
				"south": {"uv": [7.5, 0.5, 8.5, 1], "texture": "#2"},
				"west": {"uv": [7.5, 6.125, 8.5, 6.625], "texture": "#2"},
				"up": {"uv": [1, 6.75, 0, 5.75], "texture": "#2"},
				"down": {"uv": [5, 5.75, 4, 6.75], "texture": "#2"}
			}
		},
		{
			"from": [-0.5, 3.75, 5.25],
			"to": [-0.5, 9.75, 15.25],
			"rotation": {"angle": 22.5, "axis": "x", "origin": [5.5, 6.75, 10.25]},
			"faces": {
				"north": {"uv": [0, 0, 0, 0.75], "texture": "#2"},
				"east": {"uv": [7.5, 6.25, 6.25, 7], "texture": "#2"},
				"south": {"uv": [0, 0, 0, 0.75], "texture": "#2"},
				"west": {"uv": [6.25, 6.25, 7.5, 7], "texture": "#2"},
				"up": {"uv": [0, 1.25, 0, 0], "texture": "#2"},
				"down": {"uv": [0, 0, 0, 1.25], "texture": "#2"}
			}
		},
		{
			"from": [11.5, 3.75, 5.25],
			"to": [11.5, 9.75, 15.25],
			"rotation": {"angle": 22.5, "axis": "x", "origin": [5.5, 6.75, 10.25]},
			"faces": {
				"north": {"uv": [0, 0, 0, 0.75], "texture": "#2"},
				"east": {"uv": [6.75, 1.25, 8, 2], "texture": "#2"},
				"south": {"uv": [0, 0, 0, 0.75], "texture": "#2"},
				"west": {"uv": [8, 1.25, 6.75, 2], "texture": "#2"},
				"up": {"uv": [0, 1.25, 0, 0], "texture": "#2"},
				"down": {"uv": [0, 0, 0, 1.25], "texture": "#2"}
			}
		},
		{
			"from": [-0.5, 3.75, 5.25],
			"to": [11.5, 9.75, 5.25],
			"rotation": {"angle": 22.5, "axis": "x", "origin": [5.5, 6.75, 10.25]},
			"faces": {
				"north": {"uv": [5.25, 4, 6.75, 4.75], "texture": "#2"},
				"east": {"uv": [0, 0, 0, 0.75], "texture": "#2"},
				"south": {"uv": [6.75, 4, 5.25, 4.75], "texture": "#2"},
				"west": {"uv": [0, 0, 0, 0.75], "texture": "#2"},
				"up": {"uv": [1.5, 0, 0, 0], "texture": "#2"},
				"down": {"uv": [1.5, 0, 0, 0], "texture": "#2"}
			}
		},
		{
			"from": [-0.5, 3.75, 15.25],
			"to": [11.5, 9.75, 15.25],
			"rotation": {"angle": 22.5, "axis": "x", "origin": [5.5, 6.75, 10.25]},
			"faces": {
				"north": {"uv": [2.75, 5.5, 1.25, 6.25], "texture": "#2"},
				"east": {"uv": [0, 0, 0, 0.75], "texture": "#2"},
				"south": {"uv": [1.25, 5.5, 2.75, 6.25], "texture": "#2"},
				"west": {"uv": [0, 0, 0, 0.75], "texture": "#2"},
				"up": {"uv": [1.5, 0, 0, 0], "texture": "#2"},
				"down": {"uv": [1.5, 0, 0, 0], "texture": "#2"}
			}
		},
		{
			"from": [-0.8, -1.40461, 8.36969],
			"to": [-0.8, 10.59539, 18.36969],
			"rotation": {"angle": -45, "axis": "y", "origin": [-0.55, 6.63449, 13.06626]},
			"faces": {
				"north": {"uv": [0, 0, 0, 1.5], "texture": "#2"},
				"east": {"uv": [3.5, 0, 4.75, 1.5], "texture": "#2"},
				"south": {"uv": [0, 0, 0, 1.5], "texture": "#2"},
				"west": {"uv": [4.75, 0, 3.5, 1.5], "texture": "#2"},
				"up": {"uv": [0, 1.25, 0, 0], "texture": "#2"},
				"down": {"uv": [0, 0, 0, 1.25], "texture": "#2"}
			}
		},
		{
			"from": [2.25, 9.55, 7.1],
			"to": [14.25, 9.55, 18.1],
			"rotation": {"angle": 0, "axis": "z", "origin": [4.72678, 10.73839, 12.6]},
			"faces": {
				"north": {"uv": [0, 0, 1.5, 0], "texture": "#2"},
				"east": {"uv": [0, 0, 1.375, 0], "texture": "#2"},
				"south": {"uv": [0, 0, 1.5, 0], "texture": "#2"},
				"west": {"uv": [0, 0, 1.375, 0], "texture": "#2"},
				"up": {"uv": [3.5, 1.375, 2, 0], "texture": "#2"},
				"down": {"uv": [3.5, 1.375, 2, 2.75], "texture": "#2"}
			}
		},
		{
			"from": [2.25, 9.55, 7.1],
			"to": [14.25, 12.55, 7.1],
			"rotation": {"angle": 0, "axis": "z", "origin": [4.72678, 10.73839, 12.6]},
			"faces": {
				"north": {"uv": [1.75, 6.875, 3.25, 7.25], "texture": "#2"},
				"east": {"uv": [0, 0, 0, 0.375], "texture": "#2"},
				"south": {"uv": [3.25, 6.875, 1.75, 7.25], "texture": "#2"},
				"west": {"uv": [0, 0, 0, 0.375], "texture": "#2"},
				"up": {"uv": [1.5, 0, 0, 0], "texture": "#2"},
				"down": {"uv": [1.5, 0, 0, 0], "texture": "#2"}
			}
		},
		{
			"from": [2.25, 9.55, 18.1],
			"to": [14.25, 12.55, 18.1],
			"rotation": {"angle": 0, "axis": "z", "origin": [4.72678, 10.73839, 12.6]},
			"faces": {
				"north": {"uv": [1.75, 6.875, 3.25, 7.25], "texture": "#2"},
				"east": {"uv": [0, 0, 0, 0.375], "texture": "#2"},
				"south": {"uv": [1.75, 6.875, 3.25, 7.25], "texture": "#2"},
				"west": {"uv": [0, 0, 0, 0.375], "texture": "#2"},
				"up": {"uv": [1.5, 0, 0, 0], "texture": "#2"},
				"down": {"uv": [1.5, 0, 0, 0], "texture": "#2"}
			}
		},
		{
			"from": [4.25, 9.65, 9.1],
			"to": [12.25, 12.55, 16.1],
			"rotation": {"angle": 0, "axis": "z", "origin": [4.72678, 10.73839, 12.6]},
			"faces": {
				"north": {"uv": [6.5, 7.875, 7.5, 8.25], "texture": "#2"},
				"east": {"uv": [8.875, 1.75, 8, 2.125], "texture": "#2"},
				"south": {"uv": [7.5, 7.875, 6.5, 8.25], "texture": "#2"},
				"west": {"uv": [8, 1.75, 8.875, 2.125], "texture": "#2"},
				"up": {"uv": [1, 7.625, 0, 6.75], "texture": "#2"},
				"down": {"uv": [7.75, 2.75, 6.75, 3.625], "texture": "#2"}
			}
		},
		{
			"from": [3.76304, 10.15, 17.82298],
			"to": [7.76304, 14.05, 17.82298],
			"rotation": {"angle": 22.5, "axis": "y", "origin": [8.22678, 10.73839, 16.7]},
			"faces": {
				"north": {"uv": [3.5, 8.125, 3, 8.625], "texture": "#2"},
				"east": {"uv": [0, 0, 0, 0.5], "texture": "#2"},
				"south": {"uv": [3, 8.125, 3.5, 8.625], "texture": "#2"},
				"west": {"uv": [0, 0, 0, 0.5], "texture": "#2"},
				"up": {"uv": [0, 0.5, 0, 0], "rotation": 270, "texture": "#2"},
				"down": {"uv": [0, 0, 0, 0.5], "rotation": 90, "texture": "#2"}
			}
		},
		{
			"from": [8.69708, 10.15, 17.82026],
			"to": [12.69708, 14.05, 17.82026],
			"rotation": {"angle": -22.5, "axis": "y", "origin": [8.22678, 10.73839, 16.7]},
			"faces": {
				"north": {"uv": [3, 8.125, 3.5, 8.625], "texture": "#2"},
				"east": {"uv": [0, 0, 0, 0.5], "texture": "#2"},
				"south": {"uv": [3.5, 8.125, 3, 8.625], "texture": "#2"},
				"west": {"uv": [0, 0, 0, 0.5], "texture": "#2"},
				"up": {"uv": [0, 0.5, 0, 0], "rotation": 270, "texture": "#2"},
				"down": {"uv": [0, 0, 0, 0.5], "rotation": 90, "texture": "#2"}
			}
		},
		{
			"from": [8.78033, 5.05469, 17.54889],
			"to": [10.78033, 9.95469, 17.54889],
			"rotation": {"angle": -22.5, "axis": "x", "origin": [8.42678, 11.53839, 16.6]},
			"faces": {
				"north": {"uv": [4.25, 8.25, 4.5, 8.875], "texture": "#2"},
				"east": {"uv": [0, 0, 0, 0.625], "texture": "#2"},
				"south": {"uv": [4.5, 8.25, 4.25, 8.875], "texture": "#2"},
				"west": {"uv": [0, 0, 0, 0.625], "texture": "#2"},
				"up": {"uv": [0, 0.25, 0, 0], "rotation": 270, "texture": "#2"},
				"down": {"uv": [0, 0, 0, 0.25], "rotation": 90, "texture": "#2"}
			}
		},
		{
			"from": [5.78033, 5.05469, 17.54889],
			"to": [7.78033, 9.95469, 17.54889],
			"rotation": {"angle": -22.5, "axis": "x", "origin": [8.42678, 11.53839, 16.6]},
			"faces": {
				"north": {"uv": [4.5, 8.25, 4.25, 8.875], "texture": "#2"},
				"east": {"uv": [0, 0, 0, 0.625], "texture": "#2"},
				"south": {"uv": [4.25, 8.25, 4.5, 8.875], "texture": "#2"},
				"west": {"uv": [0, 0, 0, 0.625], "texture": "#2"},
				"up": {"uv": [0, 0.25, 0, 0], "rotation": 270, "texture": "#2"},
				"down": {"uv": [0, 0, 0, 0.25], "rotation": 90, "texture": "#2"}
			}
		},
		{
			"from": [5, 11.30107, 9.8212],
			"to": [11.5, 14.30107, 14.8212],
			"rotation": {"angle": 22.5, "axis": "x", "origin": [8.25, 12.80107, 12.3212]},
			"faces": {
				"north": {"uv": [8, 2.125, 8.875, 2.5], "texture": "#2"},
				"east": {"uv": [8, 5.75, 8.625, 6.125], "texture": "#2"},
				"south": {"uv": [8, 3.375, 8.875, 3.75], "texture": "#2"},
				"west": {"uv": [1.625, 8.25, 2.25, 8.625], "texture": "#2"},
				"up": {"uv": [5.625, 8, 4.75, 7.375], "texture": "#2"},
				"down": {"uv": [6.5, 7.375, 5.625, 8], "texture": "#2"}
			}
		},
		{
			"from": [2.25, 9.55, 7.1],
			"to": [14.25, 9.55, 18.1],
			"rotation": {"angle": 0, "axis": "z", "origin": [4.72678, 10.73839, 12.6]},
			"faces": {
				"north": {"uv": [0, 0, 1.5, 0], "texture": "#2"},
				"east": {"uv": [0, 0, 1.375, 0], "texture": "#2"},
				"south": {"uv": [0, 0, 1.5, 0], "texture": "#2"},
				"west": {"uv": [0, 0, 1.375, 0], "texture": "#2"},
				"up": {"uv": [3.5, 1.375, 2, 0], "texture": "#2"},
				"down": {"uv": [3.5, 1.375, 2, 2.75], "texture": "#2"}
			}
		},
		{
			"from": [2.25, 9.55, 7.1],
			"to": [14.25, 12.55, 7.1],
			"rotation": {"angle": 0, "axis": "z", "origin": [4.72678, 10.73839, 12.6]},
			"faces": {
				"north": {"uv": [1.75, 6.875, 3.25, 7.25], "texture": "#2"},
				"east": {"uv": [0, 0, 0, 0.375], "texture": "#2"},
				"south": {"uv": [3.25, 6.875, 1.75, 7.25], "texture": "#2"},
				"west": {"uv": [0, 0, 0, 0.375], "texture": "#2"},
				"up": {"uv": [1.5, 0, 0, 0], "texture": "#2"},
				"down": {"uv": [1.5, 0, 0, 0], "texture": "#2"}
			}
		},
		{
			"from": [2.25, 9.55, 18.1],
			"to": [14.25, 12.55, 18.1],
			"rotation": {"angle": 0, "axis": "z", "origin": [4.72678, 10.73839, 12.6]},
			"faces": {
				"north": {"uv": [1.75, 6.875, 3.25, 7.25], "texture": "#2"},
				"east": {"uv": [0, 0, 0, 0.375], "texture": "#2"},
				"south": {"uv": [1.75, 6.875, 3.25, 7.25], "texture": "#2"},
				"west": {"uv": [0, 0, 0, 0.375], "texture": "#2"},
				"up": {"uv": [1.5, 0, 0, 0], "texture": "#2"},
				"down": {"uv": [1.5, 0, 0, 0], "texture": "#2"}
			}
		},
		{
			"from": [4.25, 9.65, 9.1],
			"to": [12.25, 12.55, 16.1],
			"rotation": {"angle": 0, "axis": "z", "origin": [4.72678, 10.73839, 12.6]},
			"faces": {
				"north": {"uv": [6.5, 7.875, 7.5, 8.25], "texture": "#2"},
				"east": {"uv": [8.875, 1.75, 8, 2.125], "texture": "#2"},
				"south": {"uv": [7.5, 7.875, 6.5, 8.25], "texture": "#2"},
				"west": {"uv": [8, 1.75, 8.875, 2.125], "texture": "#2"},
				"up": {"uv": [1, 7.625, 0, 6.75], "texture": "#2"},
				"down": {"uv": [7.75, 2.75, 6.75, 3.625], "texture": "#2"}
			}
		},
		{
			"from": [5, 11.30107, 9.8212],
			"to": [11.5, 14.30107, 14.8212],
			"rotation": {"angle": 22.5, "axis": "x", "origin": [8.25, 12.80107, 12.3212]},
			"faces": {
				"north": {"uv": [8, 2.125, 8.875, 2.5], "texture": "#2"},
				"east": {"uv": [8, 5.75, 8.625, 6.125], "texture": "#2"},
				"south": {"uv": [8, 3.375, 8.875, 3.75], "texture": "#2"},
				"west": {"uv": [1.625, 8.25, 2.25, 8.625], "texture": "#2"},
				"up": {"uv": [5.625, 8, 4.75, 7.375], "texture": "#2"},
				"down": {"uv": [6.5, 7.375, 5.625, 8], "texture": "#2"}
			}
		},
		{
			"from": [7, 15.15, 7.75],
			"to": [13, 15.15, 14.75],
			"rotation": {"angle": 0, "axis": "y", "origin": [7, 15.15, 11.75]},
			"faces": {
				"north": {"uv": [0, 0, 0.75, 0], "texture": "#2"},
				"east": {"uv": [0, 0, 0.875, 0], "texture": "#2"},
				"south": {"uv": [0, 0, 0.75, 0], "texture": "#2"},
				"west": {"uv": [0, 0, 0.875, 0], "texture": "#2"},
				"up": {"uv": [4.75, 7.625, 4, 6.75], "texture": "#2"},
				"down": {"uv": [1.75, 6.875, 1, 7.75], "texture": "#2"}
			}
		},
		{
			"from": [7.5, 15.25, 8.75],
			"to": [12.5, 20.15, 13.75],
			"rotation": {"angle": 0, "axis": "y", "origin": [7.5, 15.15, 11.75]},
			"faces": {
				"north": {"uv": [3.25, 6.875, 3.875, 7.5], "texture": "#2"},
				"east": {"uv": [3.25, 6.875, 3.875, 7.5], "texture": "#2"},
				"south": {"uv": [3.25, 6.875, 3.875, 7.5], "texture": "#2"},
				"west": {"uv": [3.25, 6.875, 3.875, 7.5], "texture": "#2"},
				"up": {"uv": [2.375, 8.25, 1.75, 7.625], "texture": "#2"},
				"down": {"uv": [3, 7.625, 2.375, 8.25], "texture": "#2"}
			}
		},
		{
			"from": [11.35, 17.05, 8.8],
			"to": [12.5, 21.05, 13.7],
			"rotation": {"angle": -22.5, "axis": "z", "origin": [9.5, 18.05, 11.75]},
			"faces": {
				"north": {"uv": [3.375, 4, 3.5, 4.5], "texture": "#2"},
				"east": {"uv": [2.75, 4, 3.375, 4.5], "texture": "#2"},
				"south": {"uv": [1, 5.75, 1.125, 6.25], "texture": "#2"},
				"west": {"uv": [8, 3.75, 8.625, 4.25], "texture": "#2"},
				"up": {"uv": [2, 3.625, 1.875, 3], "texture": "#2"},
				"down": {"uv": [4, 6.875, 3.875, 7.5], "texture": "#2"}
			}
		},
		{
			"from": [7.55, 16.65, 12.5],
			"to": [12.45, 20.65, 13.75],
			"rotation": {"angle": 22.5, "axis": "x", "origin": [9.5, 17.65, 11.75]},
			"faces": {
				"north": {"uv": [8, 4.75, 8.625, 5.25], "texture": "#2"},
				"east": {"uv": [5.125, 5.75, 5.25, 6.25], "texture": "#2"},
				"south": {"uv": [5.125, 8, 5.75, 8.5], "texture": "#2"},
				"west": {"uv": [3, 7.625, 3.125, 8.125], "texture": "#2"},
				"up": {"uv": [3.375, 6.125, 2.75, 6], "texture": "#2"},
				"down": {"uv": [4, 6, 3.375, 6.125], "texture": "#2"}
			}
		},
		{
			"from": [7.55, 17.05, 8.75],
			"to": [12.45, 21.05, 9.9],
			"rotation": {"angle": -22.5, "axis": "x", "origin": [9.5, 18.05, 11.75]},
			"faces": {
				"north": {"uv": [8, 5.25, 8.625, 5.75], "texture": "#2"},
				"east": {"uv": [3.125, 7.625, 3.25, 8.125], "texture": "#2"},
				"south": {"uv": [5.75, 8, 6.375, 8.5], "texture": "#2"},
				"west": {"uv": [1.625, 7.75, 1.75, 8.25], "texture": "#2"},
				"up": {"uv": [3.375, 6.25, 2.75, 6.125], "texture": "#2"},
				"down": {"uv": [4, 6.125, 3.375, 6.25], "texture": "#2"}
			}
		},
		{
			"from": [7.5, 16.65, 8.8],
			"to": [8.75, 20.65, 13.7],
			"rotation": {"angle": 22.5, "axis": "z", "origin": [9.5, 17.65, 11.75]},
			"faces": {
				"north": {"uv": [1.125, 5.75, 1.25, 6.25], "texture": "#2"},
				"east": {"uv": [8, 4.25, 8.625, 4.75], "texture": "#2"},
				"south": {"uv": [5, 5.75, 5.125, 6.25], "texture": "#2"},
				"west": {"uv": [4.5, 8, 5.125, 8.5], "texture": "#2"},
				"up": {"uv": [6.5, 8.625, 6.375, 8], "texture": "#2"},
				"down": {"uv": [0.625, 8.25, 0.5, 8.875], "texture": "#2"}
			}
		},
		{
			"from": [13, 15.15, 7.75],
			"to": [15, 15.15, 14.75],
			"rotation": {"angle": 22.5, "axis": "z", "origin": [13, 15.15, 11.75]},
			"faces": {
				"north": {"uv": [0, 0, 0.25, 0], "texture": "#2"},
				"east": {"uv": [0, 0, 0.875, 0], "texture": "#2"},
				"south": {"uv": [0, 0, 0.25, 0], "texture": "#2"},
				"west": {"uv": [0, 0, 0.875, 0], "texture": "#2"},
				"up": {"uv": [2.75, 9.125, 2.5, 8.25], "texture": "#2"},
				"down": {"uv": [2.75, 8.25, 2.5, 9.125], "texture": "#2"}
			}
		},
		{
			"from": [5, 15.15, 7.75],
			"to": [7, 15.15, 14.75],
			"rotation": {"angle": -22.5, "axis": "z", "origin": [7, 15.15, 11.75]},
			"faces": {
				"north": {"uv": [0, 0, 0.25, 0], "texture": "#2"},
				"east": {"uv": [0, 0, 0.875, 0], "texture": "#2"},
				"south": {"uv": [0, 0, 0.25, 0], "texture": "#2"},
				"west": {"uv": [0, 0, 0.875, 0], "texture": "#2"},
				"up": {"uv": [2.5, 9.125, 2.75, 8.25], "texture": "#2"},
				"down": {"uv": [2.625, 8.25, 2.375, 9.125], "texture": "#2"}
			}
		},
		{
			"from": [13.07219, 16.15, 11.01341],
			"to": [13.07219, 21.05, 16.01341],
			"rotation": {"angle": 22.5, "axis": "y", "origin": [14.15, 16.32107, 11.45742]},
			"faces": {
				"north": {"uv": [0, 0, 0, 0.625], "texture": "#2"},
				"east": {"uv": [0.625, 7.75, 1.25, 8.375], "texture": "#2"},
				"south": {"uv": [0, 0, 0, 0.625], "texture": "#2"},
				"west": {"uv": [1.25, 7.75, 0.625, 8.375], "texture": "#2"},
				"up": {"uv": [0, 0.625, 0, 0], "rotation": 180, "texture": "#2"},
				"down": {"uv": [0, 0, 0, 0.625], "rotation": 180, "texture": "#2"}
			}
		},
		{
			"from": [13.07219, 16.15, 6.90144],
			"to": [13.07219, 21.05, 11.90144],
			"rotation": {"angle": -22.5, "axis": "y", "origin": [14.15, 16.32107, 11.45742]},
			"faces": {
				"north": {"uv": [0, 0, 0, 0.625], "texture": "#2"},
				"east": {"uv": [1.25, 7.75, 0.625, 8.375], "texture": "#2"},
				"south": {"uv": [0, 0, 0, 0.625], "texture": "#2"},
				"west": {"uv": [0.625, 7.75, 1.25, 8.375], "texture": "#2"},
				"up": {"uv": [0, 0.625, 0, 0], "rotation": 180, "texture": "#2"},
				"down": {"uv": [0, 0, 0, 0.625], "rotation": 180, "texture": "#2"}
			}
		},
		{
			"from": [13.47096, 11.18564, 8.00742],
			"to": [13.47096, 17.08564, 11.00742],
			"rotation": {"angle": 45, "axis": "z", "origin": [14.15, 16.32107, 11.45742]},
			"faces": {
				"north": {"uv": [0, 0, 0, 0.75], "texture": "#2"},
				"east": {"uv": [8.25, 8, 7.875, 8.75], "texture": "#2"},
				"south": {"uv": [0, 0, 0, 0.75], "texture": "#2"},
				"west": {"uv": [7.875, 8, 8.25, 8.75], "texture": "#2"},
				"up": {"uv": [0, 0.375, 0, 0], "rotation": 180, "texture": "#2"},
				"down": {"uv": [0, 0, 0, 0.375], "rotation": 180, "texture": "#2"}
			}
		},
		{
			"from": [13.47096, 11.18564, 12.00742],
			"to": [13.47096, 17.08564, 15.00742],
			"rotation": {"angle": 45, "axis": "z", "origin": [14.15, 16.32107, 11.45742]},
			"faces": {
				"north": {"uv": [0, 0, 0, 0.75], "texture": "#2"},
				"east": {"uv": [7.875, 8, 8.25, 8.75], "texture": "#2"},
				"south": {"uv": [0, 0, 0, 0.75], "texture": "#2"},
				"west": {"uv": [8.25, 8, 7.875, 8.75], "texture": "#2"},
				"up": {"uv": [0, 0.375, 0, 0], "rotation": 180, "texture": "#2"},
				"down": {"uv": [0, 0, 0, 0.375], "rotation": 180, "texture": "#2"}
			}
		}
	],
	"gui_light": "front",
	"display": {
		"thirdperson_righthand": {
			"rotation": [50.04, 55.53, -2.73],
			"translation": [3.5, 8.25, 2.75]
		},
		"thirdperson_lefthand": {
			"rotation": [50.04, 55.53, -2.73],
			"translation": [3.5, 8.25, 2.75]
		},
		"firstperson_righthand": {
			"rotation": [177.87, 26.13, -179.29],
			"translation": [0, 6.5, 0],
			"scale": [0.5, 0.5, 0.5]
		},
		"firstperson_lefthand": {
			"rotation": [177.87, 26.13, -179.29],
			"translation": [0, 6.5, 0],
			"scale": [0.5, 0.5, 0.5]
		},
		"ground": {
			"translation": [0, 9.5, 0]
		},
		"gui": {
			"rotation": [180, -22.25, 180],
			"translation": [0.25, 1.5, 0]
		},
		"head": {
			"rotation": [8, 0, 0],
			"translation": [0, 15.75, 0.5],
			"scale": [1.6, 1.6, 1.6]
		},
		"fixed": {
			"rotation": [-90, 0, 0],
			"translation": [0, 0, -15.25],
			"scale": [1.7, 1.7, 1.7]
		}
	},
	"groups": [
		{
			"name": "group",
			"origin": [8, 8, 8],
			"color": 0,
			"children": [
				{
					"name": "group",
					"origin": [8, 8, 8],
					"color": 0,
					"children": [0, 1, 2, 3, 4, 5, 6]
				},
				{
					"name": "group",
					"origin": [8, 8, 8],
					"color": 0,
					"children": [7, 8, 9, 10, 11, 12, 13, 14]
				},
				{
					"name": "group",
					"origin": [8, 8, 8],
					"color": 0,
					"children": [15, 16, 17, 18, 19, 20, 21, 22, 23, 24, 25, 26, 27, 28]
				},
				{
					"name": "group",
					"origin": [8, 8, 8],
					"color": 0,
					"children": [29, 30, 31, 32, 33, 34, 35, 36, 37, 38, 39, 40]
				}
			]
		}
	]
}