{
	"credit": "Made with Blockbench",
	"parent":"minecraft:item/carved_pumpkin",
	"textures": {
		"4": "custom:item/tangoshood"
	},
	"elements": [
		{
			"from": [2.95, 17.5, 3.4],
			"to": [8.2, 19.5, 11.45],
			"rotation": {"angle": 22.5, "axis": "z", "origin": [5.7, 19.5, 7.9]},
			"faces": {
				"north": {"uv": [9, 5.5, 10.25, 6], "texture": "#4"},
				"east": {"uv": [5.75, 8.25, 7.75, 8.75], "texture": "#4"},
				"south": {"uv": [7.75, 9, 9, 9.5], "texture": "#4"},
				"west": {"uv": [7.75, 8.5, 9.75, 9], "texture": "#4"},
				"up": {"uv": [8.25, 2, 7, 0], "texture": "#4"},
				"down": {"uv": [8.25, 2, 7, 4], "texture": "#4"}
			}
		},
		{
			"from": [7.8, 17.5, 3.4],
			"to": [13.05, 19.5, 11.45],
			"rotation": {"angle": -22.5, "axis": "z", "origin": [10.3, 19.5, 7.9]},
			"faces": {
				"north": {"uv": [9, 9, 10.25, 9.5], "texture": "#4"},
				"east": {"uv": [5.75, 8.75, 7.75, 9.25], "texture": "#4"},
				"south": {"uv": [5.25, 9.25, 6.5, 9.75], "texture": "#4"},
				"west": {"uv": [0, 9, 2, 9.5], "texture": "#4"},
				"up": {"uv": [8.25, 6, 7, 4], "texture": "#4"},
				"down": {"uv": [5.75, 7, 4.5, 9], "texture": "#4"}
			}
		},
		{
			"from": [7.8, 16.5, 11.4],
			"to": [13.05, 19.5, 12.65],
			"rotation": {"angle": -22.5, "axis": "z", "origin": [10.3, 19.5, 7.9]},
			"faces": {
				"north": {"uv": [9, 4, 10.25, 4.75], "texture": "#4"},
				"east": {"uv": [4.5, 6.25, 4.75, 7], "texture": "#4"},
				"south": {"uv": [9, 4.75, 10.25, 5.5], "texture": "#4"},
				"west": {"uv": [7, 6, 7.25, 6.75], "texture": "#4"},
				"up": {"uv": [11, 6.5, 9.75, 6.25], "texture": "#4"},
				"down": {"uv": [11, 6.5, 9.75, 6.75], "texture": "#4"}
			}
		},
		{
			"from": [2.95, 16.5, 11.4],
			"to": [8.2, 19.5, 12.65],
			"rotation": {"angle": 22.5, "axis": "z", "origin": [5.7, 19.5, 7.9]},
			"faces": {
				"north": {"uv": [9, 3.25, 10.25, 4], "texture": "#4"},
				"east": {"uv": [4.5, 3.5, 4.75, 4.25], "texture": "#4"},
				"south": {"uv": [4, 9, 5.25, 9.75], "texture": "#4"},
				"west": {"uv": [2.25, 5, 2.5, 5.75], "texture": "#4"},
				"up": {"uv": [7, 10, 5.75, 9.75], "texture": "#4"},
				"down": {"uv": [11, 6, 9.75, 6.25], "texture": "#4"}
			}
		},
		{
			"from": [10.55, 9.8, 3.4],
			"to": [11.9, 12.05, 12.65],
			"rotation": {"angle": -22.5, "axis": "z", "origin": [10.8, 9.5, 7.9]},
			"faces": {
				"north": {"uv": [2.25, 5.75, 2.5, 6.25], "texture": "#4"},
				"east": {"uv": [8.25, 0.75, 10.5, 1.25], "texture": "#4"},
				"south": {"uv": [7.25, 6, 7.5, 6.5], "texture": "#4"},
				"west": {"uv": [8.25, 1.25, 10.5, 1.75], "texture": "#4"},
				"up": {"uv": [2, 11.75, 1.75, 9.5], "texture": "#4"},
				"down": {"uv": [2.25, 9.5, 2, 11.75], "texture": "#4"}
			}
		},
		{
			"from": [4.1, 9.8, 3.4],
			"to": [5.45, 12.05, 12.65],
			"rotation": {"angle": 22.5, "axis": "z", "origin": [5.2, 9.5, 7.9]},
			"faces": {
				"north": {"uv": [7.25, 6.5, 7.5, 7], "texture": "#4"},
				"east": {"uv": [8.25, 1.75, 10.5, 2.25], "texture": "#4"},
				"south": {"uv": [7.5, 6, 7.75, 6.5], "texture": "#4"},
				"west": {"uv": [8.25, 2.25, 10.5, 2.75], "texture": "#4"},
				"up": {"uv": [3, 11.75, 2.75, 9.5], "texture": "#4"},
				"down": {"uv": [3.25, 9.5, 3, 11.75], "texture": "#4"}
			}
		},
		{
			"from": [11.55, 11.4, 3.4],
			"to": [12.8, 18.5, 12.65],
			"rotation": {"angle": 0, "axis": "y", "origin": [12.8, 17.5, 3.4]},
			"faces": {
				"north": {"uv": [3.25, 9.5, 3.5, 11.25], "texture": "#4"},
				"east": {"uv": [2.5, 4.5, 4.75, 6.25], "texture": "#4"},
				"south": {"uv": [3.5, 9.5, 3.75, 11.25], "texture": "#4"},
				"west": {"uv": [4.75, 3.5, 7, 5.25], "texture": "#4"},
				"up": {"uv": [1.5, 11.75, 1.25, 9.5], "texture": "#4"},
				"down": {"uv": [1.75, 9.5, 1.5, 11.75], "texture": "#4"}
			}
		},
		{
			"from": [4.175, 9.4, 8.175],
			"to": [11.825, 11.5, 12.675],
			"rotation": {"angle": 0, "axis": "y", "origin": [7.95, 7.95, 11.925]},
			"faces": {
				"north": {"uv": [2, 9, 4, 9.5], "texture": "#4"},
				"east": {"uv": [6.5, 9.25, 7.75, 9.75], "texture": "#4"},
				"south": {"uv": [9, 2.75, 11, 3.25], "texture": "#4"},
				"west": {"uv": [0, 9.5, 1.25, 10], "texture": "#4"},
				"up": {"uv": [7.75, 8.25, 5.75, 7], "texture": "#4"},
				"down": {"uv": [4.25, 7.75, 2.25, 9], "texture": "#4"}
			}
		},
		{
			"from": [3.275, 11.8, 10.475],
			"to": [12.725, 18.2, 13.575],
			"rotation": {"angle": -22.5, "axis": "x", "origin": [8, 15.95, 12.525]},
			"faces": {
				"north": {"uv": [2.25, 6.25, 4.5, 7.75], "texture": "#4"},
				"east": {"uv": [8.25, 2.75, 9, 4.25], "texture": "#4"},
				"south": {"uv": [0, 6.75, 2.25, 8.25], "texture": "#4"},
				"west": {"uv": [8.25, 4.25, 9, 5.75], "texture": "#4"},
				"up": {"uv": [2.25, 9, 0, 8.25], "texture": "#4"},
				"down": {"uv": [10.5, 0, 8.25, 0.75], "texture": "#4"}
			}
		},
		{
			"from": [3.2, 11.4, 3.4],
			"to": [4.45, 18.5, 12.65],
			"rotation": {"angle": 0, "axis": "y", "origin": [3.2, 17.5, 3.4]},
			"faces": {
				"north": {"uv": [3.75, 9.5, 4, 11.25], "texture": "#4"},
				"east": {"uv": [0, 5, 2.25, 6.75], "texture": "#4"},
				"south": {"uv": [7.75, 9.5, 8, 11.25], "texture": "#4"},
				"west": {"uv": [4.75, 5.25, 7, 7], "texture": "#4"},
				"up": {"uv": [2.5, 11.75, 2.25, 9.5], "texture": "#4"},
				"down": {"uv": [2.75, 9.5, 2.5, 11.75], "texture": "#4"}
			}
		},
		{
			"name": "front",
			"from": [3, 9.2, 3.2],
			"to": [13, 19.2, 3.2],
			"rotation": {"angle": 0, "axis": "y", "origin": [0, -0.3, -0.1]},
			"faces": {
				"north": {"uv": [0, 0, 2.5, 2.5], "texture": "#4"},
				"east": {"uv": [0, 0, 0, 2.5], "texture": "#4"},
				"south": {"uv": [0, 2.5, 2.5, 5], "texture": "#4"},
				"west": {"uv": [0, 0, 0, 2.5], "texture": "#4"},
				"up": {"uv": [2.5, 0, 0, 0], "texture": "#4"},
				"down": {"uv": [2.5, 0, 0, 0], "texture": "#4"}
			}
		},
		{
			"name": "shade",
			"from": [4, 9.1, 4],
			"to": [12, 18, 4],
			"rotation": {"angle": 0, "axis": "y", "origin": [4, 9, 3.9]},
			"faces": {
				"north": {"uv": [2.5, 0, 4.5, 2.25], "texture": "#4"},
				"east": {"uv": [0, 0, 0, 2.25], "texture": "#4"},
				"south": {"uv": [2.5, 2.25, 4.5, 4.5], "texture": "#4"},
				"west": {"uv": [0, 0, 0, 2.25], "texture": "#4"},
				"up": {"uv": [2, 0, 0, 0], "texture": "#4"},
				"down": {"uv": [2, 0, 0, 0], "texture": "#4"}
			}
		},
		{
			"name": "shadeunder",
			"from": [4, 10.1, 4],
			"to": [12, 10.1, 9],
			"rotation": {"angle": 0, "axis": "y", "origin": [8, 9, 6.4]},
			"faces": {
				"north": {"uv": [0, 0, 2, 0], "texture": "#4"},
				"east": {"uv": [0, 0, 1.25, 0], "texture": "#4"},
				"south": {"uv": [0, 0, 2, 0], "texture": "#4"},
				"west": {"uv": [0, 0, 1.25, 0], "texture": "#4"},
				"up": {"uv": [9.75, 7.25, 7.75, 6], "texture": "#4"},
				"down": {"uv": [9.75, 7.25, 7.75, 8.5], "texture": "#4"}
			}
		},
		{
			"from": [2.9, 10, 3.5],
			"to": [13.1, 17.4, 3.5],
			"rotation": {"angle": 0, "axis": "y", "origin": [4, 10, 3.5]},
			"faces": {
				"north": {"uv": [4.5, 0, 7, 1.75], "texture": "#4"},
				"east": {"uv": [0, 0, 0, 1.75], "texture": "#4"},
				"south": {"uv": [4.5, 1.75, 7, 3.5], "texture": "#4"},
				"west": {"uv": [0, 0, 0, 1.75], "texture": "#4"},
				"up": {"uv": [2.5, 0, 0, 0], "texture": "#4"},
				"down": {"uv": [2.5, 0, 0, 0], "texture": "#4"}
			}
		},
		{
			"from": [4.75, 16.2, 3.2],
			"to": [11.25, 16.2, 3.65],
			"rotation": {"angle": 0, "axis": "x", "origin": [8, 16.225, 3.35]},
			"faces": {
				"north": {"uv": [0, 0, 1.75, 0], "texture": "#4"},
				"east": {"uv": [0, 0, 0.25, 0], "texture": "#4"},
				"south": {"uv": [0, 0, 1.75, 0], "texture": "#4"},
				"west": {"uv": [0, 0, 0.25, 0], "texture": "#4"},
				"up": {"uv": [9.75, 9.75, 8, 9.5], "texture": "#4"},
				"down": {"uv": [5.75, 9.75, 4, 10], "texture": "#4"}
			}
		}
	],
	"display": {
		"thirdperson_righthand": {
			"rotation": [54, 34, 0],
			"translation": [0, -3, -3.5],
			"scale": [0.5, 0.5, 0.5]
		},
		"thirdperson_lefthand": {
			"rotation": [54, 34, 0],
			"translation": [0, -3, -3.5],
			"scale": [0.5, 0.5, 0.5]
		},
		"firstperson_righthand": {
			"rotation": [-1, 41, -9],
			"translation": [2.25, 0.25, 1.25],
			"scale": [0.5, 0.5, 0.5]
		},
		"firstperson_lefthand": {
			"rotation": [-1, 41, -9],
			"translation": [2.25, 0.25, 1.25],
			"scale": [0.5, 0.5, 0.5]
		},
		"gui": {
			"rotation": [0, -142, 0],
			"translation": [0.5, -6.25, 0]
		},
		"head": {
			"translation": [0, -9.9, 0.15],
			"scale": [1.64, 1.64, 1.64]
		},
		"fixed": {
			"rotation": [-90, 0, 0],
			"translation": [0, -1.75, 1.5],
			"scale": [2, 2, 2]
		}
	},
	"groups": [
		{
			"name": "tangoshood",
			"origin": [8, 8, 8],
			"color": 0,
			"children": [0, 1, 2, 3, 4, 5, 6, 7, 8, 9, 10, 11, 12, 13, 14]
		}
	]
}