{
	"credit": "by Hoffen InkGhoul",
	"parent":"minecraft:item/carved_pumpkin",
	"texture_size": [32, 32],
	"textures": {
		"0": "custom:item/tcgpyramid"
	},
	"elements": [
		{
			"from": [0, 0, 1],
			"to": [16, 2, 15],
			"rotation": {"angle": 0, "axis": "y", "origin": [0, 1, 0]},
			"faces": {
				"north": {"uv": [5.75, 3.875, 7.75, 4.125], "texture": "#0"},
				"east": {"uv": [6.25, 2.5, 8, 2.75], "texture": "#0"},
				"south": {"uv": [4.125, 6.125, 6.125, 6.375], "texture": "#0"},
				"west": {"uv": [6.25, 2.75, 8, 3], "texture": "#0"},
				"up": {"uv": [2, 1.75, 0, 0], "texture": "#0"},
				"down": {"uv": [2, 1.75, 0, 3.5], "texture": "#0"}
			}
		},
		{
			"from": [2, 2, 2],
			"to": [14, 4, 14],
			"rotation": {"angle": 0, "axis": "y", "origin": [0, 2, 0]},
			"faces": {
				"north": {"uv": [6.625, 0, 8.125, 0.25], "texture": "#0"},
				"east": {"uv": [6.625, 0.25, 8.125, 0.5], "texture": "#0"},
				"south": {"uv": [6.625, 5, 8.125, 5.25], "texture": "#0"},
				"west": {"uv": [6.625, 5.25, 8.125, 5.5], "texture": "#0"},
				"up": {"uv": [3.5, 1.5, 2, 0], "texture": "#0"},
				"down": {"uv": [3.5, 1.5, 2, 3], "texture": "#0"}
			}
		},
		{
			"from": [10.85195, 1.77164, 6],
			"to": [13.85195, 15.77164, 13],
			"rotation": {"angle": 22.5, "axis": "z", "origin": [13.85195, 4.77164, -4]},
			"faces": {
				"north": {"uv": [3.75, 2.75, 4.125, 4.5], "texture": "#0"},
				"east": {"uv": [2, 3, 2.875, 4.75], "texture": "#0"},
				"south": {"uv": [4.125, 2.75, 4.5, 4.5], "texture": "#0"},
				"west": {"uv": [2.875, 3, 3.75, 4.75], "texture": "#0"},
				"up": {"uv": [2.125, 7.75, 1.75, 6.875], "texture": "#0"},
				"down": {"uv": [2.5, 6.875, 2.125, 7.75], "texture": "#0"}
			}
		},
		{
			"from": [6, 11, 7],
			"to": [10, 18, 12],
			"rotation": {"angle": -22.5, "axis": "z", "origin": [10, 11, 7]},
			"faces": {
				"north": {"uv": [6.375, 6, 6.875, 6.875], "texture": "#0"},
				"east": {"uv": [2.875, 6.125, 3.5, 7], "texture": "#0"},
				"south": {"uv": [6.5, 0.625, 7, 1.5], "texture": "#0"},
				"west": {"uv": [3.5, 6.125, 4.125, 7], "texture": "#0"},
				"up": {"uv": [0.5, 7.625, 0, 7], "texture": "#0"},
				"down": {"uv": [7.5, 0.5, 7, 1.125], "texture": "#0"}
			}
		},
		{
			"from": [1.76537, 1.84776, 6],
			"to": [4.76537, 14.84776, 13],
			"rotation": {"angle": -22.5, "axis": "z", "origin": [1.76537, 3.84776, -4]},
			"faces": {
				"north": {"uv": [0.625, 5.625, 1, 7.25], "texture": "#0"},
				"east": {"uv": [0, 3.5, 0.875, 5.125], "texture": "#0"},
				"south": {"uv": [1, 5.625, 1.375, 7.25], "texture": "#0"},
				"west": {"uv": [3.5, 0, 4.375, 1.625], "texture": "#0"},
				"up": {"uv": [7.125, 3.875, 6.75, 3], "texture": "#0"},
				"down": {"uv": [1.75, 6.875, 1.375, 7.75], "texture": "#0"}
			}
		},
		{
			"from": [6, 11, 7],
			"to": [10, 18, 12],
			"rotation": {"angle": 22.5, "axis": "z", "origin": [6, 11, 7]},
			"faces": {
				"north": {"uv": [6.25, 3, 6.75, 3.875], "texture": "#0"},
				"east": {"uv": [5.625, 0.625, 6.25, 1.5], "texture": "#0"},
				"south": {"uv": [5.375, 6.375, 5.875, 7.25], "texture": "#0"},
				"west": {"uv": [0, 6.125, 0.625, 7], "texture": "#0"},
				"up": {"uv": [6.875, 7.5, 6.375, 6.875], "texture": "#0"},
				"down": {"uv": [7.375, 6.5, 6.875, 7.125], "texture": "#0"}
			}
		},
		{
			"from": [5.95, 7.95, 5.95],
			"to": [10.05, 17.05, 13.05],
			"rotation": {"angle": 0, "axis": "y", "origin": [6, 4, 4]},
			"faces": {
				"north": {"uv": [1.375, 5.75, 1.875, 6.875], "texture": "#0"},
				"east": {"uv": [1, 3.5, 1.875, 4.625], "texture": "#0"},
				"south": {"uv": [1.875, 5.75, 2.375, 6.875], "texture": "#0"},
				"west": {"uv": [3.625, 1.625, 4.125, 2.75], "texture": "#0"},
				"up": {"uv": [2.875, 6.625, 2.375, 5.75], "texture": "#0"},
				"down": {"uv": [6.25, 3, 5.75, 3.875], "texture": "#0"}
			}
		},
		{
			"from": [6.05, 17.05, 6.05],
			"to": [9.95, 17.95, 12.95],
			"rotation": {"angle": 0, "axis": "y", "origin": [6, 11, 4.5]},
			"faces": {
				"north": {"uv": [1.5, 4.625, 2, 4.75], "texture": "#0"},
				"east": {"uv": [7.125, 1.75, 8, 1.875], "texture": "#0"},
				"south": {"uv": [3.5, 7.375, 4, 7.5], "texture": "#0"},
				"west": {"uv": [7.125, 1.875, 8, 2], "texture": "#0"},
				"up": {"uv": [7, 2.375, 6.5, 1.5], "texture": "#0"},
				"down": {"uv": [7.125, 4.125, 6.625, 5], "texture": "#0"}
			}
		},
		{
			"from": [3, 4, 3],
			"to": [13, 8, 5],
			"rotation": {"angle": 0, "axis": "y", "origin": [6, 4, 2]},
			"faces": {
				"north": {"uv": [4.375, 0, 5.625, 0.5], "texture": "#0"},
				"east": {"uv": [0.625, 5.125, 0.875, 5.625], "texture": "#0"},
				"south": {"uv": [4.375, 0.5, 5.625, 1], "texture": "#0"},
				"west": {"uv": [6.125, 4.125, 6.375, 4.625], "texture": "#0"},
				"up": {"uv": [7.875, 5.75, 6.625, 5.5], "texture": "#0"},
				"down": {"uv": [7.875, 5.75, 6.625, 6], "texture": "#0"}
			}
		},
		{
			"from": [10.9, 7.4, 2.9],
			"to": [13.1, 8.6, 5.1],
			"rotation": {"angle": 0, "axis": "y", "origin": [10, 7.5, 1.5]},
			"faces": {
				"north": {"uv": [5.75, 4.125, 6.125, 4.25], "texture": "#0"},
				"east": {"uv": [1.375, 5.625, 1.5, 5.75], "texture": "#0"},
				"south": {"uv": [6.125, 5.125, 6.5, 5.25], "texture": "#0"},
				"west": {"uv": [3.25, 6, 3.375, 6.125], "texture": "#0"},
				"up": {"uv": [6.5, 5.375, 6.125, 5.25], "texture": "#0"},
				"down": {"uv": [6.5, 5.375, 6.125, 5.5], "texture": "#0"}
			}
		},
		{
			"from": [10.9, 6, 2.9],
			"to": [11.9, 6.7, 5.1],
			"rotation": {"angle": 0, "axis": "y", "origin": [10, 7.5, 1.5]},
			"faces": {
				"north": {"uv": [5.75, 4.125, 6.125, 4.25], "texture": "#0"},
				"east": {"uv": [1.375, 5.625, 1.5, 5.75], "texture": "#0"},
				"south": {"uv": [6.125, 5.125, 6.5, 5.25], "texture": "#0"},
				"west": {"uv": [3.25, 6, 3.375, 6.125], "texture": "#0"},
				"up": {"uv": [6.5, 5.375, 6.125, 5.25], "texture": "#0"},
				"down": {"uv": [6.5, 5.375, 6.125, 5.5], "texture": "#0"}
			}
		},
		{
			"from": [11.9, 3.2, 2.9],
			"to": [13.1, 7.4, 5.1],
			"rotation": {"angle": 0, "axis": "y", "origin": [10, 4.3, 1.5]},
			"faces": {
				"north": {"uv": [6.125, 6.125, 6.25, 6.625], "texture": "#0"},
				"east": {"uv": [6.25, 0.625, 6.375, 1.125], "texture": "#0"},
				"south": {"uv": [6.25, 1.125, 6.375, 1.625], "texture": "#0"},
				"west": {"uv": [6.25, 1.625, 6.375, 2.125], "texture": "#0"},
				"up": {"uv": [6.5, 1.25, 6.375, 1.125], "texture": "#0"},
				"down": {"uv": [6.5, 1.25, 6.375, 1.375], "texture": "#0"}
			}
		},
		{
			"from": [2.9, 7.4, 2.9],
			"to": [5.1, 8.6, 5.1],
			"rotation": {"angle": 0, "axis": "y", "origin": [7, 7.5, 1.5]},
			"faces": {
				"north": {"uv": [4.375, 1.5, 4.625, 1.625], "texture": "#0"},
				"east": {"uv": [6.375, 1.625, 6.5, 1.75], "texture": "#0"},
				"south": {"uv": [4.875, 5.25, 5.125, 5.375], "texture": "#0"},
				"west": {"uv": [6.375, 1.75, 6.5, 1.875], "texture": "#0"},
				"up": {"uv": [5.125, 5.5, 4.875, 5.375], "texture": "#0"},
				"down": {"uv": [6.5, 2.125, 6.25, 2.25], "texture": "#0"}
			}
		},
		{
			"from": [7.1, 7, 2.9],
			"to": [8.9, 8.2, 5.1],
			"rotation": {"angle": 0, "axis": "y", "origin": [7, 7.5, 1.5]},
			"faces": {
				"north": {"uv": [4.375, 1.5, 4.625, 1.625], "texture": "#0"},
				"east": {"uv": [6.375, 1.625, 6.5, 1.75], "texture": "#0"},
				"south": {"uv": [4.875, 5.25, 5.125, 5.375], "texture": "#0"},
				"west": {"uv": [6.375, 1.75, 6.5, 1.875], "texture": "#0"},
				"up": {"uv": [5.125, 5.5, 4.875, 5.375], "texture": "#0"},
				"down": {"uv": [6.5, 2.125, 6.25, 2.25], "texture": "#0"}
			}
		},
		{
			"from": [3.9, 5.2, 2.9],
			"to": [5.1, 7.4, 5.1],
			"rotation": {"angle": 0, "axis": "y", "origin": [7, 6.3, 1.5]},
			"faces": {
				"north": {"uv": [3.5, 2.75, 3.625, 3], "texture": "#0"},
				"east": {"uv": [3.625, 2.75, 3.75, 3], "texture": "#0"},
				"south": {"uv": [5, 2.5, 5.125, 2.75], "texture": "#0"},
				"west": {"uv": [5.125, 2.5, 5.25, 2.75], "texture": "#0"},
				"up": {"uv": [6.5, 1.5, 6.375, 1.375], "texture": "#0"},
				"down": {"uv": [6.5, 1.5, 6.375, 1.625], "texture": "#0"}
			}
		},
		{
			"from": [7.4, 6.2, 2.9],
			"to": [8.6, 7, 5.1],
			"rotation": {"angle": 0, "axis": "y", "origin": [7, 6.3, 1.5]},
			"faces": {
				"north": {"uv": [3.5, 2.75, 3.625, 3], "texture": "#0"},
				"east": {"uv": [3.625, 2.75, 3.75, 3], "texture": "#0"},
				"south": {"uv": [5, 2.5, 5.125, 2.75], "texture": "#0"},
				"west": {"uv": [5.125, 2.5, 5.25, 2.75], "texture": "#0"},
				"up": {"uv": [6.5, 1.5, 6.375, 1.375], "texture": "#0"},
				"down": {"uv": [6.5, 1.5, 6.375, 1.625], "texture": "#0"}
			}
		},
		{
			"from": [8.9, 4, 2.9],
			"to": [10.1, 8.6, 5.1],
			"rotation": {"angle": 0, "axis": "y", "origin": [7, 6.3, 1.5]},
			"faces": {
				"north": {"uv": [3.5, 2.75, 3.625, 3], "texture": "#0"},
				"east": {"uv": [3.625, 2.75, 3.75, 3], "texture": "#0"},
				"south": {"uv": [5, 2.5, 5.125, 2.75], "texture": "#0"},
				"west": {"uv": [5.125, 2.5, 5.25, 2.75], "texture": "#0"},
				"up": {"uv": [6.5, 1.5, 6.375, 1.375], "texture": "#0"},
				"down": {"uv": [6.5, 1.5, 6.375, 1.625], "texture": "#0"}
			}
		},
		{
			"from": [5.9, 4, 2.9],
			"to": [7.1, 8.6, 5.1],
			"rotation": {"angle": 0, "axis": "y", "origin": [7, 6.3, 1.5]},
			"faces": {
				"north": {"uv": [3.5, 2.75, 3.625, 3], "texture": "#0"},
				"east": {"uv": [3.625, 2.75, 3.75, 3], "texture": "#0"},
				"south": {"uv": [5, 2.5, 5.125, 2.75], "texture": "#0"},
				"west": {"uv": [5.125, 2.5, 5.25, 2.75], "texture": "#0"},
				"up": {"uv": [6.5, 1.5, 6.375, 1.375], "texture": "#0"},
				"down": {"uv": [6.5, 1.5, 6.375, 1.625], "texture": "#0"}
			}
		},
		{
			"from": [2.9, 4, 2.9],
			"to": [5.1, 5.2, 5.1],
			"rotation": {"angle": 0, "axis": "y", "origin": [7, 4.1, 1.5]},
			"faces": {
				"north": {"uv": [6.25, 2.25, 6.5, 2.375], "texture": "#0"},
				"east": {"uv": [6.375, 1.875, 6.5, 2], "texture": "#0"},
				"south": {"uv": [6.25, 2.375, 6.5, 2.5], "texture": "#0"},
				"west": {"uv": [6.375, 2, 6.5, 2.125], "texture": "#0"},
				"up": {"uv": [4.375, 6.5, 4.125, 6.375], "texture": "#0"},
				"down": {"uv": [6.625, 4.125, 6.375, 4.25], "texture": "#0"}
			}
		},
		{
			"from": [5.5, 18, 9],
			"to": [10.5, 26, 10],
			"rotation": {"angle": 0, "axis": "y", "origin": [8, 19, 9]},
			"faces": {
				"north": {"uv": [4.5, 3.25, 5.125, 4.25], "texture": "#0"},
				"east": {"uv": [4.375, 4.5, 4.5, 5.5], "texture": "#0"},
				"south": {"uv": [3.75, 4.5, 4.375, 5.5], "texture": "#0"},
				"west": {"uv": [5.875, 6.875, 6, 7.875], "texture": "#0"},
				"up": {"uv": [7.75, 2.125, 7.125, 2], "texture": "#0"},
				"down": {"uv": [7.75, 3.75, 7.125, 3.875], "texture": "#0"}
			}
		},
		{
			"from": [5.5, 18, 9.5],
			"to": [10.5, 26, 10.5],
			"rotation": {"angle": -22.5, "axis": "z", "origin": [8, 19, 9.5]},
			"faces": {
				"north": {"uv": [2.125, 4.75, 2.75, 5.75], "texture": "#0"},
				"east": {"uv": [3, 7, 3.125, 8], "texture": "#0"},
				"south": {"uv": [2.75, 4.75, 3.375, 5.75], "texture": "#0"},
				"west": {"uv": [3.125, 7, 3.25, 8], "texture": "#0"},
				"up": {"uv": [1.25, 7.375, 0.625, 7.25], "texture": "#0"},
				"down": {"uv": [4.125, 7.25, 3.5, 7.375], "texture": "#0"}
			}
		},
		{
			"from": [5.5, 18, 10],
			"to": [10.5, 26, 11],
			"rotation": {"angle": -45, "axis": "z", "origin": [8, 19, 10]},
			"faces": {
				"north": {"uv": [0, 5.125, 0.625, 6.125], "texture": "#0"},
				"east": {"uv": [3.25, 7, 3.375, 8], "texture": "#0"},
				"south": {"uv": [5.125, 3.25, 5.75, 4.25], "texture": "#0"},
				"west": {"uv": [3.375, 7, 3.5, 8], "texture": "#0"},
				"up": {"uv": [7.5, 7.375, 6.875, 7.25], "texture": "#0"},
				"down": {"uv": [1.25, 7.375, 0.625, 7.5], "texture": "#0"}
			}
		},
		{
			"from": [5.5, 18, 8.5],
			"to": [10.5, 26, 9.5],
			"rotation": {"angle": 22.5, "axis": "z", "origin": [8, 19, 8.5]},
			"faces": {
				"north": {"uv": [4.5, 4.25, 5.125, 5.25], "texture": "#0"},
				"east": {"uv": [6, 6.875, 6.125, 7.875], "texture": "#0"},
				"south": {"uv": [0.875, 4.625, 1.5, 5.625], "texture": "#0"},
				"west": {"uv": [0.5, 7, 0.625, 8], "texture": "#0"},
				"up": {"uv": [7.75, 4.75, 7.125, 4.625], "texture": "#0"},
				"down": {"uv": [7.75, 4.75, 7.125, 4.875], "texture": "#0"}
			}
		},
		{
			"from": [5.5, 18, 8],
			"to": [10.5, 26, 9],
			"rotation": {"angle": 45, "axis": "z", "origin": [8, 19, 8]},
			"faces": {
				"north": {"uv": [4.625, 1.5, 5.25, 2.5], "texture": "#0"},
				"east": {"uv": [7, 1.125, 7.125, 2.125], "texture": "#0"},
				"south": {"uv": [1.5, 4.75, 2.125, 5.75], "texture": "#0"},
				"west": {"uv": [2.875, 7, 3, 8], "texture": "#0"},
				"up": {"uv": [7.75, 5, 7.125, 4.875], "texture": "#0"},
				"down": {"uv": [7.5, 7.125, 6.875, 7.25], "texture": "#0"}
			}
		},
		{
			"from": [10.25, 9.25, 10.75],
			"to": [18.25, 14.25, 11.75],
			"rotation": {"angle": 45, "axis": "z", "origin": [11.25, 11.75, 10.75]},
			"faces": {
				"north": {"uv": [5.125, 4.25, 6.125, 4.875], "texture": "#0"},
				"east": {"uv": [1.25, 7.25, 1.375, 7.875], "texture": "#0"},
				"south": {"uv": [5.125, 4.875, 6.125, 5.5], "texture": "#0"},
				"west": {"uv": [2.5, 7.25, 2.625, 7.875], "texture": "#0"},
				"up": {"uv": [7.5, 2.5, 6.5, 2.375], "texture": "#0"},
				"down": {"uv": [8, 2.125, 7, 2.25], "texture": "#0"}
			}
		},
		{
			"from": [11.75, 6.75, 10.25],
			"to": [19.75, 11.75, 11.25],
			"rotation": {"angle": 22.5, "axis": "z", "origin": [12.75, 9.25, 10.25]},
			"faces": {
				"north": {"uv": [5.25, 1.5, 6.25, 2.125], "texture": "#0"},
				"east": {"uv": [2.625, 7.25, 2.75, 7.875], "texture": "#0"},
				"south": {"uv": [5.25, 2.125, 6.25, 2.75], "texture": "#0"},
				"west": {"uv": [2.75, 7.25, 2.875, 7.875], "texture": "#0"},
				"up": {"uv": [8, 2.375, 7, 2.25], "texture": "#0"},
				"down": {"uv": [8.125, 1.125, 7.125, 1.25], "texture": "#0"}
			}
		},
		{
			"from": [-2.25, 9.25, 10.75],
			"to": [5.75, 14.25, 11.75],
			"rotation": {"angle": -45, "axis": "z", "origin": [4.75, 11.75, 10.75]},
			"faces": {
				"north": {"uv": [3.375, 5.5, 4.375, 6.125], "texture": "#0"},
				"east": {"uv": [5.375, 7.25, 5.5, 7.875], "texture": "#0"},
				"south": {"uv": [4.375, 5.5, 5.375, 6.125], "texture": "#0"},
				"west": {"uv": [5.5, 7.25, 5.625, 7.875], "texture": "#0"},
				"up": {"uv": [8.125, 1.375, 7.125, 1.25], "texture": "#0"},
				"down": {"uv": [8.125, 1.375, 7.125, 1.5], "texture": "#0"}
			}
		},
		{
			"from": [-3.75, 6.75, 10.25],
			"to": [4.25, 11.75, 11.25],
			"rotation": {"angle": -22.5, "axis": "z", "origin": [3.25, 9.25, 10.25]},
			"faces": {
				"north": {"uv": [5.375, 5.5, 6.375, 6.125], "texture": "#0"},
				"east": {"uv": [5.625, 7.25, 5.75, 7.875], "texture": "#0"},
				"south": {"uv": [5.625, 0, 6.625, 0.625], "texture": "#0"},
				"west": {"uv": [5.75, 7.25, 5.875, 7.875], "texture": "#0"},
				"up": {"uv": [8.125, 1.625, 7.125, 1.5], "texture": "#0"},
				"down": {"uv": [8.125, 1.625, 7.125, 1.75], "texture": "#0"}
			}
		},
		{
			"from": [5, 4, 11],
			"to": [11, 8, 13],
			"faces": {
				"north": {"uv": [0, 0, 6, 4], "texture": "#1"},
				"east": {"uv": [6, 4, 8, 8], "texture": "#1"},
				"south": {"uv": [0, 4, 6, 8], "texture": "#1"},
				"west": {"uv": [0, 8, 2, 12], "texture": "#1"},
				"up": {"uv": [12, 2, 6, 0], "texture": "#1"},
				"down": {"uv": [12, 2, 6, 4], "texture": "#1"}
			}
		}
	],
	"gui_light": "front",
	"display": {
		"thirdperson_righthand": {
			"rotation": [-2.64, -8.73, 10.75],
			"translation": [0.75, -2, -3.25],
			"scale": [0.7, 0.7, 0.7]
		},
		"thirdperson_lefthand": {
			"rotation": [-1.28, -2.69, 8.62],
			"translation": [0.25, -1.75, -3.25],
			"scale": [0.7, 0.7, 0.7]
		},
		"firstperson_righthand": {
			"rotation": [-6, 126, 15],
			"translation": [1, 1.25, 0],
			"scale": [0.5, 0.5, 0.5]
		},
		"firstperson_lefthand": {
			"rotation": [0, 120, 9],
			"translation": [1, 1, 0],
			"scale": [0.5, 0.5, 0.5]
		},
		"ground": {
			"translation": [0, 9.75, 0.75]
		},
		"gui": {
			"rotation": [0, 180, 0],
			"translation": [0, -3, 0],
			"scale": [0.6, 0.6, 1]
		},
		"head": {
			"translation": [0, 12.75, 0],
			"scale": [0.78, 0.78, 0.78]
		},
		"fixed": {
			"rotation": [-90, 0, 0],
			"translation": [0, 0, -16],
			"scale": [2, 2, 2]
		}
	},
	"groups": [
		{
			"name": "tcgpyramid",
			"origin": [8, 8, 8],
			"color": 0,
			"children": [0, 1, 2, 3, 4, 5, 6, 7, 8, 9, 10, 11, 12, 13, 14, 15, 16, 17, 18, 19, 20, 21, 22, 23, 24, 25, 26, 27, 28]
		}
	]
}