{
	"credit": "Made with Blockbench",
	"parent":"minecraft:item/carved_pumpkin",
	"texture_size": [64, 64],
	"textures": {
		"0": "custom:item/tenlunarcredit"	
	},
	"elements": [
		{
			"from": [23, 1, 4],
			"to": [24, 2, 12],
			"faces": {
				"north": {"uv": [7.5, 0.25, 7.625, 0.375], "texture": "#0"},
				"east": {"uv": [3.75, 5, 4.75, 5.125], "texture": "#0"},
				"south": {"uv": [0.5, 7.5, 0.625, 7.625], "texture": "#0"},
				"west": {"uv": [4.75, 5, 5.75, 5.125], "texture": "#0"},
				"up": {"uv": [3.875, 6.125, 3.75, 5.125], "texture": "#0"},
				"down": {"uv": [4, 5.125, 3.875, 6.125], "texture": "#0"}
			}
		},
		{
			"from": [-8, 1, 4],
			"to": [-7, 2, 12],
			"faces": {
				"north": {"uv": [6.625, 7.5, 6.75, 7.625], "texture": "#0"},
				"east": {"uv": [5.25, 0.75, 6.25, 0.875], "texture": "#0"},
				"south": {"uv": [6.75, 7.5, 6.875, 7.625], "texture": "#0"},
				"west": {"uv": [5.25, 0.875, 6.25, 1], "texture": "#0"},
				"up": {"uv": [4.125, 6.25, 4, 5.25], "texture": "#0"},
				"down": {"uv": [4.25, 5.25, 4.125, 6.25], "texture": "#0"}
			}
		},
		{
			"from": [22, 1, 1],
			"to": [23, 2, 4],
			"faces": {
				"north": {"uv": [7.5, 0.5, 7.625, 0.625], "texture": "#0"},
				"east": {"uv": [6.5, 3, 6.875, 3.125], "texture": "#0"},
				"south": {"uv": [0.625, 7.5, 0.75, 7.625], "texture": "#0"},
				"west": {"uv": [3.125, 6.5, 3.5, 6.625], "texture": "#0"},
				"up": {"uv": [4.125, 6.625, 4, 6.25], "texture": "#0"},
				"down": {"uv": [4.25, 6.25, 4.125, 6.625], "texture": "#0"}
			}
		},
		{
			"from": [22, 1, 12],
			"to": [23, 2, 15],
			"faces": {
				"north": {"uv": [6.875, 7.5, 7, 7.625], "texture": "#0"},
				"east": {"uv": [6.5, 4.625, 6.875, 4.75], "texture": "#0"},
				"south": {"uv": [7, 7.5, 7.125, 7.625], "texture": "#0"},
				"west": {"uv": [6.5, 4.75, 6.875, 4.875], "texture": "#0"},
				"up": {"uv": [1.25, 6.875, 1.125, 6.5], "texture": "#0"},
				"down": {"uv": [5, 6.5, 4.875, 6.875], "texture": "#0"}
			}
		},
		{
			"from": [-7, 1, 12],
			"to": [-6, 2, 15],
			"faces": {
				"north": {"uv": [7.625, 2.125, 7.75, 2.25], "texture": "#0"},
				"east": {"uv": [6.625, 2.125, 7, 2.25], "texture": "#0"},
				"south": {"uv": [2.25, 7.625, 2.375, 7.75], "texture": "#0"},
				"west": {"uv": [2.25, 6.625, 2.625, 6.75], "texture": "#0"},
				"up": {"uv": [5.5, 6.875, 5.375, 6.5], "texture": "#0"},
				"down": {"uv": [6.75, 2.25, 6.625, 2.625], "texture": "#0"}
			}
		},
		{
			"from": [-7, 1, 1],
			"to": [-6, 2, 4],
			"faces": {
				"north": {"uv": [7.5, 6.375, 7.625, 6.5], "texture": "#0"},
				"east": {"uv": [6.5, 4.375, 6.875, 4.5], "texture": "#0"},
				"south": {"uv": [6.5, 7.5, 6.625, 7.625], "texture": "#0"},
				"west": {"uv": [6.5, 4.5, 6.875, 4.625], "texture": "#0"},
				"up": {"uv": [5.625, 6.75, 5.5, 6.375], "texture": "#0"},
				"down": {"uv": [1.125, 6.5, 1, 6.875], "texture": "#0"}
			}
		},
		{
			"from": [21, 1, -1],
			"to": [22, 2, 1],
			"faces": {
				"north": {"uv": [7.5, 0.625, 7.625, 0.75], "texture": "#0"},
				"east": {"uv": [1, 7.125, 1.25, 7.25], "texture": "#0"},
				"south": {"uv": [7.5, 0.75, 7.625, 0.875], "texture": "#0"},
				"west": {"uv": [7.125, 2.5, 7.375, 2.625], "texture": "#0"},
				"up": {"uv": [3.25, 6.5, 3.125, 6.25], "texture": "#0"},
				"down": {"uv": [7.25, 2.625, 7.125, 2.875], "texture": "#0"}
			}
		},
		{
			"from": [21, 1, 15],
			"to": [22, 2, 17],
			"faces": {
				"north": {"uv": [7.125, 7.5, 7.25, 7.625], "texture": "#0"},
				"east": {"uv": [5.5, 7.125, 5.75, 7.25], "texture": "#0"},
				"south": {"uv": [7.25, 7.5, 7.375, 7.625], "texture": "#0"},
				"west": {"uv": [5.75, 7.125, 6, 7.25], "texture": "#0"},
				"up": {"uv": [5.25, 7.375, 5.125, 7.125], "texture": "#0"},
				"down": {"uv": [6.125, 7.125, 6, 7.375], "texture": "#0"}
			}
		},
		{
			"from": [-6, 1, 15],
			"to": [-5, 2, 17],
			"faces": {
				"north": {"uv": [7.625, 2.25, 7.75, 2.375], "texture": "#0"},
				"east": {"uv": [7.125, 7.125, 7.375, 7.25], "texture": "#0"},
				"south": {"uv": [2.375, 7.625, 2.5, 7.75], "texture": "#0"},
				"west": {"uv": [0, 7.25, 0.25, 7.375], "texture": "#0"},
				"up": {"uv": [0.375, 7.5, 0.25, 7.25], "texture": "#0"},
				"down": {"uv": [0.5, 7.25, 0.375, 7.5], "texture": "#0"}
			}
		},
		{
			"from": [-6, 1, -1],
			"to": [-5, 2, 1],
			"faces": {
				"north": {"uv": [6.25, 7.5, 6.375, 7.625], "texture": "#0"},
				"east": {"uv": [4.875, 7.125, 5.125, 7.25], "texture": "#0"},
				"south": {"uv": [6.375, 7.5, 6.5, 7.625], "texture": "#0"},
				"west": {"uv": [7.125, 5, 7.375, 5.125], "texture": "#0"},
				"up": {"uv": [3, 7.375, 2.875, 7.125], "texture": "#0"},
				"down": {"uv": [3.75, 7.125, 3.625, 7.375], "texture": "#0"}
			}
		},
		{
			"from": [20, 1, -2],
			"to": [21, 2, -1],
			"faces": {
				"north": {"uv": [0.875, 7.5, 1, 7.625], "texture": "#0"},
				"east": {"uv": [1, 7.5, 1.125, 7.625], "texture": "#0"},
				"south": {"uv": [7.5, 1, 7.625, 1.125], "texture": "#0"},
				"west": {"uv": [1.125, 7.5, 1.25, 7.625], "texture": "#0"},
				"up": {"uv": [7.625, 1.25, 7.5, 1.125], "texture": "#0"},
				"down": {"uv": [1.375, 7.5, 1.25, 7.625], "texture": "#0"}
			}
		},
		{
			"from": [20, 1, 17],
			"to": [21, 2, 18],
			"faces": {
				"north": {"uv": [7.375, 7.5, 7.5, 7.625], "texture": "#0"},
				"east": {"uv": [7.5, 7.5, 7.625, 7.625], "texture": "#0"},
				"south": {"uv": [0, 7.625, 0.125, 7.75], "texture": "#0"},
				"west": {"uv": [7.625, 0, 7.75, 0.125], "texture": "#0"},
				"up": {"uv": [0.25, 7.75, 0.125, 7.625], "texture": "#0"},
				"down": {"uv": [7.75, 0.25, 7.625, 0.375], "texture": "#0"}
			}
		},
		{
			"from": [-5, 1, 17],
			"to": [-4, 2, 18],
			"faces": {
				"north": {"uv": [7.625, 2.375, 7.75, 2.5], "texture": "#0"},
				"east": {"uv": [2.5, 7.625, 2.625, 7.75], "texture": "#0"},
				"south": {"uv": [7.625, 2.5, 7.75, 2.625], "texture": "#0"},
				"west": {"uv": [2.625, 7.625, 2.75, 7.75], "texture": "#0"},
				"up": {"uv": [7.75, 2.75, 7.625, 2.625], "texture": "#0"},
				"down": {"uv": [2.875, 7.625, 2.75, 7.75], "texture": "#0"}
			}
		},
		{
			"from": [-4, 1, 18],
			"to": [-3, 2, 19],
			"faces": {
				"north": {"uv": [7.625, 2.75, 7.75, 2.875], "texture": "#0"},
				"east": {"uv": [2.875, 7.625, 3, 7.75], "texture": "#0"},
				"south": {"uv": [7.625, 2.875, 7.75, 3], "texture": "#0"},
				"west": {"uv": [3, 7.625, 3.125, 7.75], "texture": "#0"},
				"up": {"uv": [7.75, 3.125, 7.625, 3], "texture": "#0"},
				"down": {"uv": [3.25, 7.625, 3.125, 7.75], "texture": "#0"}
			}
		},
		{
			"from": [-3, 1, 19],
			"to": [-2, 2, 20],
			"faces": {
				"north": {"uv": [7.625, 3.125, 7.75, 3.25], "texture": "#0"},
				"east": {"uv": [3.25, 7.625, 3.375, 7.75], "texture": "#0"},
				"south": {"uv": [7.625, 3.25, 7.75, 3.375], "texture": "#0"},
				"west": {"uv": [3.375, 7.625, 3.5, 7.75], "texture": "#0"},
				"up": {"uv": [7.75, 3.5, 7.625, 3.375], "texture": "#0"},
				"down": {"uv": [3.625, 7.625, 3.5, 7.75], "texture": "#0"}
			}
		},
		{
			"from": [-2, 1, 20],
			"to": [-1, 2, 21],
			"faces": {
				"north": {"uv": [7.625, 3.5, 7.75, 3.625], "texture": "#0"},
				"east": {"uv": [3.625, 7.625, 3.75, 7.75], "texture": "#0"},
				"south": {"uv": [7.625, 3.625, 7.75, 3.75], "texture": "#0"},
				"west": {"uv": [3.75, 7.625, 3.875, 7.75], "texture": "#0"},
				"up": {"uv": [7.75, 3.875, 7.625, 3.75], "texture": "#0"},
				"down": {"uv": [4, 7.625, 3.875, 7.75], "texture": "#0"}
			}
		},
		{
			"from": [19, 1, 18],
			"to": [20, 2, 19],
			"faces": {
				"north": {"uv": [7.625, 0.375, 7.75, 0.5], "texture": "#0"},
				"east": {"uv": [0.5, 7.625, 0.625, 7.75], "texture": "#0"},
				"south": {"uv": [7.625, 0.5, 7.75, 0.625], "texture": "#0"},
				"west": {"uv": [0.625, 7.625, 0.75, 7.75], "texture": "#0"},
				"up": {"uv": [7.75, 0.75, 7.625, 0.625], "texture": "#0"},
				"down": {"uv": [0.875, 7.625, 0.75, 7.75], "texture": "#0"}
			}
		},
		{
			"from": [18, 1, 19],
			"to": [19, 2, 20],
			"faces": {
				"north": {"uv": [7.625, 0.75, 7.75, 0.875], "texture": "#0"},
				"east": {"uv": [0.875, 7.625, 1, 7.75], "texture": "#0"},
				"south": {"uv": [7.625, 0.875, 7.75, 1], "texture": "#0"},
				"west": {"uv": [1, 7.625, 1.125, 7.75], "texture": "#0"},
				"up": {"uv": [7.75, 1.125, 7.625, 1], "texture": "#0"},
				"down": {"uv": [1.25, 7.625, 1.125, 7.75], "texture": "#0"}
			}
		},
		{
			"from": [17, 1, 20],
			"to": [18, 2, 21],
			"faces": {
				"north": {"uv": [7.625, 1.125, 7.75, 1.25], "texture": "#0"},
				"east": {"uv": [1.25, 7.625, 1.375, 7.75], "texture": "#0"},
				"south": {"uv": [7.625, 1.25, 7.75, 1.375], "texture": "#0"},
				"west": {"uv": [1.375, 7.625, 1.5, 7.75], "texture": "#0"},
				"up": {"uv": [7.75, 1.5, 7.625, 1.375], "texture": "#0"},
				"down": {"uv": [1.625, 7.625, 1.5, 7.75], "texture": "#0"}
			}
		},
		{
			"from": [19, 1, -3],
			"to": [20, 2, -2],
			"faces": {
				"north": {"uv": [7.5, 1.25, 7.625, 1.375], "texture": "#0"},
				"east": {"uv": [1.375, 7.5, 1.5, 7.625], "texture": "#0"},
				"south": {"uv": [1.5, 7.5, 1.625, 7.625], "texture": "#0"},
				"west": {"uv": [1.625, 7.5, 1.75, 7.625], "texture": "#0"},
				"up": {"uv": [1.875, 7.625, 1.75, 7.5], "texture": "#0"},
				"down": {"uv": [2, 7.5, 1.875, 7.625], "texture": "#0"}
			}
		},
		{
			"from": [18, 1, -4],
			"to": [19, 2, -3],
			"faces": {
				"north": {"uv": [2, 7.5, 2.125, 7.625], "texture": "#0"},
				"east": {"uv": [7.5, 2, 7.625, 2.125], "texture": "#0"},
				"south": {"uv": [2.125, 7.5, 2.25, 7.625], "texture": "#0"},
				"west": {"uv": [7.5, 2.125, 7.625, 2.25], "texture": "#0"},
				"up": {"uv": [7.625, 2.375, 7.5, 2.25], "texture": "#0"},
				"down": {"uv": [2.5, 7.5, 2.375, 7.625], "texture": "#0"}
			}
		},
		{
			"from": [17, 1, -5],
			"to": [18, 2, -4],
			"faces": {
				"north": {"uv": [7.5, 2.375, 7.625, 2.5], "texture": "#0"},
				"east": {"uv": [2.5, 7.5, 2.625, 7.625], "texture": "#0"},
				"south": {"uv": [7.5, 2.625, 7.625, 2.75], "texture": "#0"},
				"west": {"uv": [2.75, 7.5, 2.875, 7.625], "texture": "#0"},
				"up": {"uv": [7.625, 2.875, 7.5, 2.75], "texture": "#0"},
				"down": {"uv": [3, 7.5, 2.875, 7.625], "texture": "#0"}
			}
		},
		{
			"from": [-2, 1, -5],
			"to": [-1, 2, -4],
			"faces": {
				"north": {"uv": [7.5, 3.75, 7.625, 3.875], "texture": "#0"},
				"east": {"uv": [3.875, 7.5, 4, 7.625], "texture": "#0"},
				"south": {"uv": [7.5, 3.875, 7.625, 4], "texture": "#0"},
				"west": {"uv": [7.5, 4, 7.625, 4.125], "texture": "#0"},
				"up": {"uv": [4.25, 7.625, 4.125, 7.5], "texture": "#0"},
				"down": {"uv": [7.625, 4.125, 7.5, 4.25], "texture": "#0"}
			}
		},
		{
			"from": [-3, 1, -4],
			"to": [-2, 2, -3],
			"faces": {
				"north": {"uv": [4.25, 7.5, 4.375, 7.625], "texture": "#0"},
				"east": {"uv": [7.5, 4.25, 7.625, 4.375], "texture": "#0"},
				"south": {"uv": [4.375, 7.5, 4.5, 7.625], "texture": "#0"},
				"west": {"uv": [7.5, 4.375, 7.625, 4.5], "texture": "#0"},
				"up": {"uv": [4.625, 7.625, 4.5, 7.5], "texture": "#0"},
				"down": {"uv": [4.75, 7.5, 4.625, 7.625], "texture": "#0"}
			}
		},
		{
			"from": [-4, 1, -3],
			"to": [-3, 2, -2],
			"faces": {
				"north": {"uv": [4.75, 7.5, 4.875, 7.625], "texture": "#0"},
				"east": {"uv": [4.875, 7.5, 5, 7.625], "texture": "#0"},
				"south": {"uv": [7.5, 4.875, 7.625, 5], "texture": "#0"},
				"west": {"uv": [5, 7.5, 5.125, 7.625], "texture": "#0"},
				"up": {"uv": [5.375, 7.625, 5.25, 7.5], "texture": "#0"},
				"down": {"uv": [7.625, 5.375, 7.5, 5.5], "texture": "#0"}
			}
		},
		{
			"from": [-5, 1, -2],
			"to": [-4, 2, -1],
			"faces": {
				"north": {"uv": [7.5, 5.5, 7.625, 5.625], "texture": "#0"},
				"east": {"uv": [5.625, 7.5, 5.75, 7.625], "texture": "#0"},
				"south": {"uv": [5.75, 7.5, 5.875, 7.625], "texture": "#0"},
				"west": {"uv": [5.875, 7.5, 6, 7.625], "texture": "#0"},
				"up": {"uv": [7.625, 6.125, 7.5, 6], "texture": "#0"},
				"down": {"uv": [6.25, 7.5, 6.125, 7.625], "texture": "#0"}
			}
		},
		{
			"from": [3, 1, 5],
			"to": [4, 2, 6],
			"faces": {
				"north": {"uv": [8, 8, 8.125, 8.125], "texture": "#0"},
				"east": {"uv": [0, 8.125, 0.125, 8.25], "texture": "#0"},
				"south": {"uv": [8.125, 0, 8.25, 0.125], "texture": "#0"},
				"west": {"uv": [0.125, 8.125, 0.25, 8.25], "texture": "#0"},
				"up": {"uv": [8.25, 0.25, 8.125, 0.125], "texture": "#0"},
				"down": {"uv": [0.375, 8.125, 0.25, 8.25], "texture": "#0"}
			}
		},
		{
			"from": [9, 1, 4],
			"to": [13, 2, 5],
			"faces": {
				"north": {"uv": [6, 6.375, 6.5, 6.5], "texture": "#0"},
				"east": {"uv": [8.125, 1.5, 8.25, 1.625], "texture": "#0"},
				"south": {"uv": [6.5, 0, 7, 0.125], "texture": "#0"},
				"west": {"uv": [1.625, 8.125, 1.75, 8.25], "texture": "#0"},
				"up": {"uv": [7, 0.25, 6.5, 0.125], "texture": "#0"},
				"down": {"uv": [7, 0.25, 6.5, 0.375], "texture": "#0"}
			}
		},
		{
			"from": [9, 1, 11],
			"to": [13, 2, 12],
			"faces": {
				"north": {"uv": [6.5, 0.375, 7, 0.5], "texture": "#0"},
				"east": {"uv": [8.125, 1.625, 8.25, 1.75], "texture": "#0"},
				"south": {"uv": [2.25, 6.5, 2.75, 6.625], "texture": "#0"},
				"west": {"uv": [1.75, 8.125, 1.875, 8.25], "texture": "#0"},
				"up": {"uv": [7, 2.875, 6.5, 2.75], "texture": "#0"},
				"down": {"uv": [7, 2.875, 6.5, 3], "texture": "#0"}
			}
		},
		{
			"from": [4, 1, 4],
			"to": [5, 2, 11],
			"faces": {
				"north": {"uv": [8.125, 0.75, 8.25, 0.875], "texture": "#0"},
				"east": {"uv": [6, 6, 6.875, 6.125], "texture": "#0"},
				"south": {"uv": [0.875, 8.125, 1, 8.25], "texture": "#0"},
				"west": {"uv": [1.25, 6.125, 2.125, 6.25], "texture": "#0"},
				"up": {"uv": [1, 6.875, 0.875, 6], "texture": "#0"},
				"down": {"uv": [2.875, 6, 2.75, 6.875], "texture": "#0"}
			}
		},
		{
			"from": [8, 1, 5],
			"to": [9, 2, 11],
			"faces": {
				"north": {"uv": [8.125, 1.25, 8.25, 1.375], "texture": "#0"},
				"east": {"uv": [4.875, 6.125, 5.625, 6.25], "texture": "#0"},
				"south": {"uv": [1.375, 8.125, 1.5, 8.25], "texture": "#0"},
				"west": {"uv": [6, 6.125, 6.75, 6.25], "texture": "#0"},
				"up": {"uv": [3, 6.75, 2.875, 6], "texture": "#0"},
				"down": {"uv": [2.25, 6.125, 2.125, 6.875], "texture": "#0"}
			}
		},
		{
			"from": [13, 1, 5],
			"to": [14, 2, 11],
			"faces": {
				"north": {"uv": [8.125, 1.375, 8.25, 1.5], "texture": "#0"},
				"east": {"uv": [6.25, 0.5, 7, 0.625], "texture": "#0"},
				"south": {"uv": [1.5, 8.125, 1.625, 8.25], "texture": "#0"},
				"west": {"uv": [6.25, 0.625, 7, 0.75], "texture": "#0"},
				"up": {"uv": [3.875, 6.875, 3.75, 6.125], "texture": "#0"},
				"down": {"uv": [4, 6.125, 3.875, 6.875], "texture": "#0"}
			}
		},
		{
			"from": [2, 1, 6],
			"to": [3, 2, 7],
			"faces": {
				"north": {"uv": [8.125, 0.25, 8.25, 0.375], "texture": "#0"},
				"east": {"uv": [0.375, 8.125, 0.5, 8.25], "texture": "#0"},
				"south": {"uv": [8.125, 0.375, 8.25, 0.5], "texture": "#0"},
				"west": {"uv": [0.5, 8.125, 0.625, 8.25], "texture": "#0"},
				"up": {"uv": [8.25, 0.625, 8.125, 0.5], "texture": "#0"},
				"down": {"uv": [0.75, 8.125, 0.625, 8.25], "texture": "#0"}
			}
		},
		{
			"from": [16, 1, 11],
			"to": [17, 2, 12],
			"faces": {
				"north": {"uv": [8.125, 1.75, 8.25, 1.875], "texture": "#0"},
				"east": {"uv": [1.875, 8.125, 2, 8.25], "texture": "#0"},
				"south": {"uv": [8.125, 1.875, 8.25, 2], "texture": "#0"},
				"west": {"uv": [2, 8.125, 2.125, 8.25], "texture": "#0"},
				"up": {"uv": [8.25, 2.125, 8.125, 2], "texture": "#0"},
				"down": {"uv": [2.25, 8.125, 2.125, 8.25], "texture": "#0"}
			}
		},
		{
			"from": [15, 1, 11],
			"to": [16, 2, 12],
			"faces": {
				"north": {"uv": [8.125, 2.125, 8.25, 2.25], "texture": "#0"},
				"east": {"uv": [2.25, 8.125, 2.375, 8.25], "texture": "#0"},
				"south": {"uv": [8.125, 2.25, 8.25, 2.375], "texture": "#0"},
				"west": {"uv": [2.375, 8.125, 2.5, 8.25], "texture": "#0"},
				"up": {"uv": [8.25, 2.5, 8.125, 2.375], "texture": "#0"},
				"down": {"uv": [2.625, 8.125, 2.5, 8.25], "texture": "#0"}
			}
		},
		{
			"from": [15, 1, 10],
			"to": [16, 2, 11],
			"faces": {
				"north": {"uv": [8.125, 2.5, 8.25, 2.625], "texture": "#0"},
				"east": {"uv": [2.625, 8.125, 2.75, 8.25], "texture": "#0"},
				"south": {"uv": [8.125, 2.625, 8.25, 2.75], "texture": "#0"},
				"west": {"uv": [2.75, 8.125, 2.875, 8.25], "texture": "#0"},
				"up": {"uv": [8.25, 2.875, 8.125, 2.75], "texture": "#0"},
				"down": {"uv": [3, 8.125, 2.875, 8.25], "texture": "#0"}
			}
		},
		{
			"from": [15, 1, 9],
			"to": [16, 2, 10],
			"faces": {
				"north": {"uv": [8.125, 2.875, 8.25, 3], "texture": "#0"},
				"east": {"uv": [3, 8.125, 3.125, 8.25], "texture": "#0"},
				"south": {"uv": [8.125, 3, 8.25, 3.125], "texture": "#0"},
				"west": {"uv": [3.125, 8.125, 3.25, 8.25], "texture": "#0"},
				"up": {"uv": [8.25, 3.25, 8.125, 3.125], "texture": "#0"},
				"down": {"uv": [3.375, 8.125, 3.25, 8.25], "texture": "#0"}
			}
		},
		{
			"from": [16, 1, 9],
			"to": [17, 2, 10],
			"faces": {
				"north": {"uv": [8.125, 3.25, 8.25, 3.375], "texture": "#0"},
				"east": {"uv": [3.375, 8.125, 3.5, 8.25], "texture": "#0"},
				"south": {"uv": [8.125, 3.375, 8.25, 3.5], "texture": "#0"},
				"west": {"uv": [3.5, 8.125, 3.625, 8.25], "texture": "#0"},
				"up": {"uv": [8.25, 3.625, 8.125, 3.5], "texture": "#0"},
				"down": {"uv": [3.75, 8.125, 3.625, 8.25], "texture": "#0"}
			}
		},
		{
			"from": [3, 1, 6],
			"to": [4, 2, 7],
			"faces": {
				"north": {"uv": [8.125, 0.875, 8.25, 1], "texture": "#0"},
				"east": {"uv": [1, 8.125, 1.125, 8.25], "texture": "#0"},
				"south": {"uv": [8.125, 1, 8.25, 1.125], "texture": "#0"},
				"west": {"uv": [1.125, 8.125, 1.25, 8.25], "texture": "#0"},
				"up": {"uv": [8.25, 1.25, 8.125, 1.125], "texture": "#0"},
				"down": {"uv": [1.375, 8.125, 1.25, 8.25], "texture": "#0"}
			}
		},
		{
			"from": [2, 1, 11],
			"to": [7, 2, 12],
			"faces": {
				"north": {"uv": [6.25, 5.375, 6.875, 5.5], "texture": "#0"},
				"east": {"uv": [8.125, 0.625, 8.25, 0.75], "texture": "#0"},
				"south": {"uv": [6.25, 5.5, 6.875, 5.625], "texture": "#0"},
				"west": {"uv": [0.75, 8.125, 0.875, 8.25], "texture": "#0"},
				"up": {"uv": [6.625, 6.375, 6, 6.25], "texture": "#0"},
				"down": {"uv": [5.5, 6.375, 4.875, 6.5], "texture": "#0"}
			}
		},
		{
			"from": [15, 1, -6],
			"to": [17, 2, -5],
			"faces": {
				"north": {"uv": [7.125, 2.875, 7.375, 3], "texture": "#0"},
				"east": {"uv": [3, 7.5, 3.125, 7.625], "texture": "#0"},
				"south": {"uv": [3.125, 7.125, 3.375, 7.25], "texture": "#0"},
				"west": {"uv": [7.5, 3, 7.625, 3.125], "texture": "#0"},
				"up": {"uv": [7.375, 3.375, 7.125, 3.25], "texture": "#0"},
				"down": {"uv": [3.625, 7.125, 3.375, 7.25], "texture": "#0"}
			}
		},
		{
			"from": [15, 1, 21],
			"to": [17, 2, 22],
			"faces": {
				"north": {"uv": [6.125, 7.125, 6.375, 7.25], "texture": "#0"},
				"east": {"uv": [7.625, 1.5, 7.75, 1.625], "texture": "#0"},
				"south": {"uv": [7.125, 6.125, 7.375, 6.25], "texture": "#0"},
				"west": {"uv": [1.625, 7.625, 1.75, 7.75], "texture": "#0"},
				"up": {"uv": [6.625, 7.25, 6.375, 7.125], "texture": "#0"},
				"down": {"uv": [7.375, 6.5, 7.125, 6.625], "texture": "#0"}
			}
		},
		{
			"from": [-1, 1, -6],
			"to": [1, 2, -5],
			"faces": {
				"north": {"uv": [7.125, 3.375, 7.375, 3.5], "texture": "#0"},
				"east": {"uv": [7.5, 3.625, 7.625, 3.75], "texture": "#0"},
				"south": {"uv": [4.125, 7.125, 4.375, 7.25], "texture": "#0"},
				"west": {"uv": [3.75, 7.5, 3.875, 7.625], "texture": "#0"},
				"up": {"uv": [4.625, 7.25, 4.375, 7.125], "texture": "#0"},
				"down": {"uv": [4.875, 7.125, 4.625, 7.25], "texture": "#0"}
			}
		},
		{
			"from": [-1, 1, 21],
			"to": [1, 2, 22],
			"faces": {
				"north": {"uv": [6.625, 7.125, 6.875, 7.25], "texture": "#0"},
				"east": {"uv": [7.625, 2, 7.75, 2.125], "texture": "#0"},
				"south": {"uv": [6.875, 7.125, 7.125, 7.25], "texture": "#0"},
				"west": {"uv": [2.125, 7.625, 2.25, 7.75], "texture": "#0"},
				"up": {"uv": [7.375, 7, 7.125, 6.875], "texture": "#0"},
				"down": {"uv": [7.375, 7, 7.125, 7.125], "texture": "#0"}
			}
		},
		{
			"from": [12, 1, -7],
			"to": [15, 2, -6],
			"faces": {
				"north": {"uv": [6.5, 3.125, 6.875, 3.25], "texture": "#0"},
				"east": {"uv": [3.125, 7.5, 3.25, 7.625], "texture": "#0"},
				"south": {"uv": [6.5, 3.5, 6.875, 3.625], "texture": "#0"},
				"west": {"uv": [7.5, 3.125, 7.625, 3.25], "texture": "#0"},
				"up": {"uv": [6.875, 3.75, 6.5, 3.625], "texture": "#0"},
				"down": {"uv": [6.875, 3.75, 6.5, 3.875], "texture": "#0"}
			}
		},
		{
			"from": [12, 1, 22],
			"to": [15, 2, 23],
			"faces": {
				"north": {"uv": [6.5, 4.875, 6.875, 5], "texture": "#0"},
				"east": {"uv": [7.625, 1.625, 7.75, 1.75], "texture": "#0"},
				"south": {"uv": [5, 6.5, 5.375, 6.625], "texture": "#0"},
				"west": {"uv": [1.75, 7.625, 1.875, 7.75], "texture": "#0"},
				"up": {"uv": [6.375, 6.625, 6, 6.5], "texture": "#0"},
				"down": {"uv": [6.75, 6.5, 6.375, 6.625], "texture": "#0"}
			}
		},
		{
			"from": [1, 1, -7],
			"to": [4, 2, -6],
			"faces": {
				"north": {"uv": [6.5, 3.875, 6.875, 4], "texture": "#0"},
				"east": {"uv": [7.5, 3.5, 7.625, 3.625], "texture": "#0"},
				"south": {"uv": [6.5, 4, 6.875, 4.125], "texture": "#0"},
				"west": {"uv": [3.625, 7.5, 3.75, 7.625], "texture": "#0"},
				"up": {"uv": [6.875, 4.25, 6.5, 4.125], "texture": "#0"},
				"down": {"uv": [6.875, 4.25, 6.5, 4.375], "texture": "#0"}
			}
		},
		{
			"from": [1, 1, 22],
			"to": [4, 2, 23],
			"faces": {
				"north": {"uv": [6.5, 6.375, 6.875, 6.5], "texture": "#0"},
				"east": {"uv": [7.625, 1.875, 7.75, 2], "texture": "#0"},
				"south": {"uv": [6.625, 1.75, 7, 1.875], "texture": "#0"},
				"west": {"uv": [2, 7.625, 2.125, 7.75], "texture": "#0"},
				"up": {"uv": [7, 2, 6.625, 1.875], "texture": "#0"},
				"down": {"uv": [7, 2, 6.625, 2.125], "texture": "#0"}
			}
		},
		{
			"from": [4, 1, -8],
			"to": [12, 2, -7],
			"faces": {
				"north": {"uv": [4, 5.125, 5, 5.25], "texture": "#0"},
				"east": {"uv": [3.25, 7.5, 3.375, 7.625], "texture": "#0"},
				"south": {"uv": [5, 5.125, 6, 5.25], "texture": "#0"},
				"west": {"uv": [3.5, 7.5, 3.625, 7.625], "texture": "#0"},
				"up": {"uv": [6.25, 0.625, 5.25, 0.5], "texture": "#0"},
				"down": {"uv": [6.25, 0.625, 5.25, 0.75], "texture": "#0"}
			}
		},
		{
			"from": [4, 0, -7],
			"to": [12, 1, -6],
			"faces": {
				"north": {"uv": [5.5, 4.375, 6.5, 4.5], "texture": "#0"},
				"east": {"uv": [7.875, 5.375, 8, 5.5], "texture": "#0"},
				"south": {"uv": [5.5, 4.5, 6.5, 4.625], "texture": "#0"},
				"west": {"uv": [5.5, 7.875, 5.625, 8], "texture": "#0"},
				"up": {"uv": [6.5, 4.75, 5.5, 4.625], "texture": "#0"},
				"down": {"uv": [6.5, 4.75, 5.5, 4.875], "texture": "#0"}
			}
		},
		{
			"from": [4, 0, 22],
			"to": [12, 1, 23],
			"faces": {
				"north": {"uv": [5.5, 4.875, 6.5, 5], "texture": "#0"},
				"east": {"uv": [7.875, 6.25, 8, 6.375], "texture": "#0"},
				"south": {"uv": [5.25, 5.5, 6.25, 5.625], "texture": "#0"},
				"west": {"uv": [6.375, 7.875, 6.5, 8], "texture": "#0"},
				"up": {"uv": [1, 5.75, 0, 5.625], "texture": "#0"},
				"down": {"uv": [2.25, 5.625, 1.25, 5.75], "texture": "#0"}
			}
		},
		{
			"from": [1, 0, -6],
			"to": [15, 1, -5],
			"faces": {
				"north": {"uv": [3.75, 3.5, 5.5, 3.625], "texture": "#0"},
				"east": {"uv": [7.875, 5.5, 8, 5.625], "texture": "#0"},
				"south": {"uv": [3.75, 3.625, 5.5, 3.75], "texture": "#0"},
				"west": {"uv": [5.625, 7.875, 5.75, 8], "texture": "#0"},
				"up": {"uv": [5.5, 3.875, 3.75, 3.75], "texture": "#0"},
				"down": {"uv": [5.5, 3.875, 3.75, 4], "texture": "#0"}
			}
		},
		{
			"from": [1, 0, 21],
			"to": [15, 1, 22],
			"faces": {
				"north": {"uv": [3.75, 4, 5.5, 4.125], "texture": "#0"},
				"east": {"uv": [7.875, 6.125, 8, 6.25], "texture": "#0"},
				"south": {"uv": [3.75, 4.125, 5.5, 4.25], "texture": "#0"},
				"west": {"uv": [6.25, 7.875, 6.375, 8], "texture": "#0"},
				"up": {"uv": [5.5, 4.375, 3.75, 4.25], "texture": "#0"},
				"down": {"uv": [5.5, 4.375, 3.75, 4.5], "texture": "#0"}
			}
		},
		{
			"from": [-1, 0, -5],
			"to": [17, 1, -4],
			"faces": {
				"north": {"uv": [3.25, 2, 5.5, 2.125], "texture": "#0"},
				"east": {"uv": [7.875, 5.625, 8, 5.75], "texture": "#0"},
				"south": {"uv": [3.25, 2.125, 5.5, 2.25], "texture": "#0"},
				"west": {"uv": [5.75, 7.875, 5.875, 8], "texture": "#0"},
				"up": {"uv": [5.5, 2.375, 3.25, 2.25], "texture": "#0"},
				"down": {"uv": [5.5, 2.375, 3.25, 2.5], "texture": "#0"}
			}
		},
		{
			"from": [-1, 0, 20],
			"to": [17, 1, 21],
			"faces": {
				"north": {"uv": [3.25, 2.5, 5.5, 2.625], "texture": "#0"},
				"east": {"uv": [7.875, 6, 8, 6.125], "texture": "#0"},
				"south": {"uv": [3.25, 2.625, 5.5, 2.75], "texture": "#0"},
				"west": {"uv": [6.125, 7.875, 6.25, 8], "texture": "#0"},
				"up": {"uv": [5.5, 2.875, 3.25, 2.75], "texture": "#0"},
				"down": {"uv": [5.5, 2.875, 3.25, 3], "texture": "#0"}
			}
		},
		{
			"from": [-2, 0, -4],
			"to": [18, 1, -3],
			"faces": {
				"north": {"uv": [2.75, 0.5, 5.25, 0.625], "texture": "#0"},
				"east": {"uv": [7.875, 5.75, 8, 5.875], "texture": "#0"},
				"south": {"uv": [2.75, 0.625, 5.25, 0.75], "texture": "#0"},
				"west": {"uv": [5.875, 7.875, 6, 8], "texture": "#0"},
				"up": {"uv": [5.25, 0.875, 2.75, 0.75], "texture": "#0"},
				"down": {"uv": [5.25, 0.875, 2.75, 1], "texture": "#0"}
			}
		},
		{
			"from": [-4, 0, -2],
			"to": [-3, 1, 18],
			"faces": {
				"north": {"uv": [7.875, 6.375, 8, 6.5], "texture": "#0"},
				"east": {"uv": [2.75, 1.5, 5.25, 1.625], "texture": "#0"},
				"south": {"uv": [6.5, 7.875, 6.625, 8], "texture": "#0"},
				"west": {"uv": [2.75, 1.625, 5.25, 1.75], "texture": "#0"},
				"up": {"uv": [2.875, 4.25, 2.75, 1.75], "texture": "#0"},
				"down": {"uv": [3, 1.75, 2.875, 4.25], "texture": "#0"}
			}
		},
		{
			"from": [19, 0, -2],
			"to": [20, 1, 18],
			"faces": {
				"north": {"uv": [7.875, 6.875, 8, 7], "texture": "#0"},
				"east": {"uv": [3, 1.75, 5.5, 1.875], "texture": "#0"},
				"south": {"uv": [7, 7.875, 7.125, 8], "texture": "#0"},
				"west": {"uv": [3, 1.875, 5.5, 2], "texture": "#0"},
				"up": {"uv": [3.125, 4.5, 3, 2], "texture": "#0"},
				"down": {"uv": [3.25, 2, 3.125, 4.5], "texture": "#0"}
			}
		},
		{
			"from": [-5, 0, -1],
			"to": [-4, 1, 17],
			"faces": {
				"north": {"uv": [7.875, 6.5, 8, 6.625], "texture": "#0"},
				"east": {"uv": [3.25, 3, 5.5, 3.125], "texture": "#0"},
				"south": {"uv": [6.625, 7.875, 6.75, 8], "texture": "#0"},
				"west": {"uv": [3.25, 3.125, 5.5, 3.25], "texture": "#0"},
				"up": {"uv": [3.375, 5.5, 3.25, 3.25], "texture": "#0"},
				"down": {"uv": [3.5, 3.25, 3.375, 5.5], "texture": "#0"}
			}
		},
		{
			"from": [20, 0, -1],
			"to": [21, 1, 17],
			"faces": {
				"north": {"uv": [7.875, 7, 8, 7.125], "texture": "#0"},
				"east": {"uv": [3.5, 3.25, 5.75, 3.375], "texture": "#0"},
				"south": {"uv": [7.125, 7.875, 7.25, 8], "texture": "#0"},
				"west": {"uv": [3.5, 3.375, 5.75, 3.5], "texture": "#0"},
				"up": {"uv": [3.625, 5.75, 3.5, 3.5], "texture": "#0"},
				"down": {"uv": [3.75, 3.5, 3.625, 5.75], "texture": "#0"}
			}
		},
		{
			"from": [-6, 0, 1],
			"to": [-5, 1, 15],
			"faces": {
				"north": {"uv": [7.875, 6.625, 8, 6.75], "texture": "#0"},
				"east": {"uv": [3.75, 4.5, 5.5, 4.625], "texture": "#0"},
				"south": {"uv": [6.75, 7.875, 6.875, 8], "texture": "#0"},
				"west": {"uv": [3.75, 4.625, 5.5, 4.75], "texture": "#0"},
				"up": {"uv": [2.875, 6, 2.75, 4.25], "texture": "#0"},
				"down": {"uv": [3, 4.25, 2.875, 6], "texture": "#0"}
			}
		},
		{
			"from": [21, 0, 1],
			"to": [22, 1, 15],
			"faces": {
				"north": {"uv": [7.875, 7.125, 8, 7.25], "texture": "#0"},
				"east": {"uv": [3.75, 4.75, 5.5, 4.875], "texture": "#0"},
				"south": {"uv": [7.25, 7.875, 7.375, 8], "texture": "#0"},
				"west": {"uv": [3.75, 4.875, 5.5, 5], "texture": "#0"},
				"up": {"uv": [3.125, 6.25, 3, 4.5], "texture": "#0"},
				"down": {"uv": [3.25, 4.5, 3.125, 6.25], "texture": "#0"}
			}
		},
		{
			"from": [-7, 0, 4],
			"to": [-6, 1, 12],
			"faces": {
				"north": {"uv": [7.875, 6.75, 8, 6.875], "texture": "#0"},
				"east": {"uv": [5.625, 1.75, 6.625, 1.875], "texture": "#0"},
				"south": {"uv": [6.875, 7.875, 7, 8], "texture": "#0"},
				"west": {"uv": [5.625, 1.875, 6.625, 2], "texture": "#0"},
				"up": {"uv": [3.5, 6.5, 3.375, 5.5], "texture": "#0"},
				"down": {"uv": [4.375, 5.625, 4.25, 6.625], "texture": "#0"}
			}
		},
		{
			"from": [22, 0, 4],
			"to": [23, 1, 12],
			"faces": {
				"north": {"uv": [7.875, 7.25, 8, 7.375], "texture": "#0"},
				"east": {"uv": [5.625, 2, 6.625, 2.125], "texture": "#0"},
				"south": {"uv": [7.375, 7.875, 7.5, 8], "texture": "#0"},
				"west": {"uv": [5.625, 2.125, 6.625, 2.25], "texture": "#0"},
				"up": {"uv": [4.5, 6.625, 4.375, 5.625], "texture": "#0"},
				"down": {"uv": [4.625, 5.625, 4.5, 6.625], "texture": "#0"}
			}
		},
		{
			"from": [-2, 0, 19],
			"to": [18, 1, 20],
			"faces": {
				"north": {"uv": [2.75, 1, 5.25, 1.125], "texture": "#0"},
				"east": {"uv": [7.875, 5.875, 8, 6], "texture": "#0"},
				"south": {"uv": [2.75, 1.125, 5.25, 1.25], "texture": "#0"},
				"west": {"uv": [6, 7.875, 6.125, 8], "texture": "#0"},
				"up": {"uv": [5.25, 1.375, 2.75, 1.25], "texture": "#0"},
				"down": {"uv": [5.25, 1.375, 2.75, 1.5], "texture": "#0"}
			}
		},
		{
			"from": [-3, 0, -3],
			"to": [19, 1, 19],
			"faces": {
				"north": {"uv": [2.75, 0, 5.5, 0.125], "texture": "#0"},
				"east": {"uv": [2.75, 0.125, 5.5, 0.25], "texture": "#0"},
				"south": {"uv": [2.75, 0.25, 5.5, 0.375], "texture": "#0"},
				"west": {"uv": [2.75, 0.375, 5.5, 0.5], "texture": "#0"},
				"up": {"uv": [2.75, 2.75, 0, 0], "texture": "#0"},
				"down": {"uv": [2.75, 2.75, 0, 5.5], "texture": "#0"}
			}
		},
		{
			"from": [4, 1, 23],
			"to": [12, 2, 24],
			"faces": {
				"north": {"uv": [5.25, 1, 6.25, 1.125], "texture": "#0"},
				"east": {"uv": [7.625, 1.75, 7.75, 1.875], "texture": "#0"},
				"south": {"uv": [5.25, 1.125, 6.25, 1.25], "texture": "#0"},
				"west": {"uv": [1.875, 7.625, 2, 7.75], "texture": "#0"},
				"up": {"uv": [6.25, 1.375, 5.25, 1.25], "texture": "#0"},
				"down": {"uv": [6.25, 1.375, 5.25, 1.5], "texture": "#0"}
			}
		},
		{
			"from": [4, -1, -8],
			"to": [12, 0, -7],
			"faces": {
				"north": {"uv": [5.75, 3.375, 6.75, 3.5], "texture": "#0"},
				"east": {"uv": [7.875, 8, 8, 8.125], "texture": "#0"},
				"south": {"uv": [4.875, 5.75, 5.875, 5.875], "texture": "#0"},
				"west": {"uv": [8, 7.875, 8.125, 8], "texture": "#0"},
				"up": {"uv": [6.75, 5.125, 5.75, 5], "texture": "#0"},
				"down": {"uv": [1, 5.875, 0, 6], "texture": "#0"}
			}
		},
		{
			"from": [1, -1, -7],
			"to": [4, 0, -6],
			"faces": {
				"north": {"uv": [7, 4.5, 7.375, 4.625], "texture": "#0"},
				"east": {"uv": [7.75, 8, 7.875, 8.125], "texture": "#0"},
				"south": {"uv": [7, 4.625, 7.375, 4.75], "texture": "#0"},
				"west": {"uv": [8, 7.75, 8.125, 7.875], "texture": "#0"},
				"up": {"uv": [7.375, 4.875, 7, 4.75], "texture": "#0"},
				"down": {"uv": [5.25, 7, 4.875, 7.125], "texture": "#0"}
			}
		},
		{
			"from": [-1, -1, -6],
			"to": [1, 0, -5],
			"faces": {
				"north": {"uv": [7.375, 5.875, 7.625, 6], "texture": "#0"},
				"east": {"uv": [7.625, 8, 7.75, 8.125], "texture": "#0"},
				"south": {"uv": [6.125, 7.375, 6.375, 7.5], "texture": "#0"},
				"west": {"uv": [8, 7.625, 8.125, 7.75], "texture": "#0"},
				"up": {"uv": [7.625, 6.25, 7.375, 6.125], "texture": "#0"},
				"down": {"uv": [7.625, 6.25, 7.375, 6.375], "texture": "#0"}
			}
		},
		{
			"from": [-2, -1, -5],
			"to": [-1, 0, -4],
			"faces": {
				"north": {"uv": [7.25, 8, 7.375, 8.125], "texture": "#0"},
				"east": {"uv": [8, 7.25, 8.125, 7.375], "texture": "#0"},
				"south": {"uv": [7.375, 8, 7.5, 8.125], "texture": "#0"},
				"west": {"uv": [8, 7.375, 8.125, 7.5], "texture": "#0"},
				"up": {"uv": [7.625, 8.125, 7.5, 8], "texture": "#0"},
				"down": {"uv": [8.125, 7.5, 8, 7.625], "texture": "#0"}
			}
		},
		{
			"from": [-3, -1, -4],
			"to": [-2, 0, -3],
			"faces": {
				"north": {"uv": [6.875, 8, 7, 8.125], "texture": "#0"},
				"east": {"uv": [8, 6.875, 8.125, 7], "texture": "#0"},
				"south": {"uv": [7, 8, 7.125, 8.125], "texture": "#0"},
				"west": {"uv": [8, 7, 8.125, 7.125], "texture": "#0"},
				"up": {"uv": [7.25, 8.125, 7.125, 8], "texture": "#0"},
				"down": {"uv": [8.125, 7.125, 8, 7.25], "texture": "#0"}
			}
		},
		{
			"from": [-4, -1, -3],
			"to": [-3, 0, -2],
			"faces": {
				"north": {"uv": [6.5, 8, 6.625, 8.125], "texture": "#0"},
				"east": {"uv": [8, 6.5, 8.125, 6.625], "texture": "#0"},
				"south": {"uv": [6.625, 8, 6.75, 8.125], "texture": "#0"},
				"west": {"uv": [8, 6.625, 8.125, 6.75], "texture": "#0"},
				"up": {"uv": [6.875, 8.125, 6.75, 8], "texture": "#0"},
				"down": {"uv": [8.125, 6.75, 8, 6.875], "texture": "#0"}
			}
		},
		{
			"from": [-5, -1, -2],
			"to": [-4, 0, -1],
			"faces": {
				"north": {"uv": [6.125, 8, 6.25, 8.125], "texture": "#0"},
				"east": {"uv": [8, 6.125, 8.125, 6.25], "texture": "#0"},
				"south": {"uv": [6.25, 8, 6.375, 8.125], "texture": "#0"},
				"west": {"uv": [8, 6.25, 8.125, 6.375], "texture": "#0"},
				"up": {"uv": [6.5, 8.125, 6.375, 8], "texture": "#0"},
				"down": {"uv": [8.125, 6.375, 8, 6.5], "texture": "#0"}
			}
		},
		{
			"from": [-6, -1, -1],
			"to": [-5, 0, 1],
			"faces": {
				"north": {"uv": [6, 8, 6.125, 8.125], "texture": "#0"},
				"east": {"uv": [7.375, 5.625, 7.625, 5.75], "texture": "#0"},
				"south": {"uv": [8, 6, 8.125, 6.125], "texture": "#0"},
				"west": {"uv": [7.375, 5.75, 7.625, 5.875], "texture": "#0"},
				"up": {"uv": [5.625, 7.625, 5.5, 7.375], "texture": "#0"},
				"down": {"uv": [6.125, 7.375, 6, 7.625], "texture": "#0"}
			}
		},
		{
			"from": [-7, -1, 1],
			"to": [-6, 0, 4],
			"faces": {
				"north": {"uv": [5.875, 8, 6, 8.125], "texture": "#0"},
				"east": {"uv": [3.25, 7, 3.625, 7.125], "texture": "#0"},
				"south": {"uv": [8, 5.875, 8.125, 6], "texture": "#0"},
				"west": {"uv": [4.25, 7, 4.625, 7.125], "texture": "#0"},
				"up": {"uv": [3.125, 7.375, 3, 7], "texture": "#0"},
				"down": {"uv": [4.125, 7, 4, 7.375], "texture": "#0"}
			}
		},
		{
			"from": [-8, -1, 4],
			"to": [-7, 0, 12],
			"faces": {
				"north": {"uv": [5.75, 8, 5.875, 8.125], "texture": "#0"},
				"east": {"uv": [1.25, 5.75, 2.25, 5.875], "texture": "#0"},
				"south": {"uv": [8, 5.75, 8.125, 5.875], "texture": "#0"},
				"west": {"uv": [5.75, 3.25, 6.75, 3.375], "texture": "#0"},
				"up": {"uv": [3.625, 6.75, 3.5, 5.75], "texture": "#0"},
				"down": {"uv": [3.75, 5.75, 3.625, 6.75], "texture": "#0"}
			}
		},
		{
			"from": [-7, -1, 12],
			"to": [-6, 0, 15],
			"faces": {
				"north": {"uv": [5.625, 8, 5.75, 8.125], "texture": "#0"},
				"east": {"uv": [2.125, 7, 2.5, 7.125], "texture": "#0"},
				"south": {"uv": [8, 5.625, 8.125, 5.75], "texture": "#0"},
				"west": {"uv": [7, 2.125, 7.375, 2.25], "texture": "#0"},
				"up": {"uv": [2.75, 7.375, 2.625, 7], "texture": "#0"},
				"down": {"uv": [7.125, 2.625, 7, 3], "texture": "#0"}
			}
		},
		{
			"from": [-6, -1, 15],
			"to": [-5, 0, 17],
			"faces": {
				"north": {"uv": [5.5, 8, 5.625, 8.125], "texture": "#0"},
				"east": {"uv": [7.375, 5.125, 7.625, 5.25], "texture": "#0"},
				"south": {"uv": [8, 5.5, 8.125, 5.625], "texture": "#0"},
				"west": {"uv": [7.375, 5.25, 7.625, 5.375], "texture": "#0"},
				"up": {"uv": [5.25, 7.625, 5.125, 7.375], "texture": "#0"},
				"down": {"uv": [5.5, 7.375, 5.375, 7.625], "texture": "#0"}
			}
		},
		{
			"from": [-4, -1, 18],
			"to": [-3, 0, 19],
			"faces": {
				"north": {"uv": [5.125, 8, 5.25, 8.125], "texture": "#0"},
				"east": {"uv": [8, 5.125, 8.125, 5.25], "texture": "#0"},
				"south": {"uv": [5.25, 8, 5.375, 8.125], "texture": "#0"},
				"west": {"uv": [8, 5.25, 8.125, 5.375], "texture": "#0"},
				"up": {"uv": [5.5, 8.125, 5.375, 8], "texture": "#0"},
				"down": {"uv": [8.125, 5.375, 8, 5.5], "texture": "#0"}
			}
		},
		{
			"from": [21, -1, 4],
			"to": [22, 0, 12],
			"faces": {
				"north": {"uv": [3.75, 8.125, 3.875, 8.25], "texture": "#0"},
				"east": {"uv": [4.875, 5.875, 5.875, 6], "texture": "#0"},
				"south": {"uv": [8.125, 3.625, 8.25, 3.75], "texture": "#0"},
				"west": {"uv": [1.25, 5.875, 2.25, 6], "texture": "#0"},
				"up": {"uv": [6, 6.625, 5.875, 5.625], "rotation": 180, "texture": "#0"},
				"down": {"uv": [0.125, 6, 0, 7], "rotation": 180, "texture": "#0"}
			}
		},
		{
			"from": [9, -1, 4],
			"to": [10, 0, 12],
			"faces": {
				"north": {"uv": [6.125, 8.125, 6.25, 8.25], "texture": "#0"},
				"east": {"uv": [4.875, 6, 5.875, 6.125], "texture": "#0"},
				"south": {"uv": [8.125, 6, 8.25, 6.125], "texture": "#0"},
				"west": {"uv": [1.25, 6, 2.25, 6.125], "texture": "#0"},
				"up": {"uv": [0.25, 7, 0.125, 6], "rotation": 180, "texture": "#0"},
				"down": {"uv": [0.375, 6, 0.25, 7], "rotation": 180, "texture": "#0"}
			}
		},
		{
			"from": [-3, -1, 4],
			"to": [-2, 0, 12],
			"faces": {
				"north": {"uv": [7.375, 8.125, 7.5, 8.25], "texture": "#0"},
				"east": {"uv": [6, 5.625, 7, 5.75], "texture": "#0"},
				"south": {"uv": [8.125, 7.25, 8.25, 7.375], "texture": "#0"},
				"west": {"uv": [6, 5.125, 7, 5.25], "texture": "#0"},
				"up": {"uv": [0.5, 7, 0.375, 6], "rotation": 180, "texture": "#0"},
				"down": {"uv": [0.625, 6, 0.5, 7], "rotation": 180, "texture": "#0"}
			}
		},
		{
			"from": [-5, -1, 4],
			"to": [-4, 0, 12],
			"faces": {
				"north": {"uv": [7.5, 8.125, 7.625, 8.25], "texture": "#0"},
				"east": {"uv": [6, 5.875, 7, 6], "texture": "#0"},
				"south": {"uv": [8.125, 7.375, 8.25, 7.5], "texture": "#0"},
				"west": {"uv": [6, 5.75, 7, 5.875], "texture": "#0"},
				"up": {"uv": [0.75, 7, 0.625, 6], "rotation": 180, "texture": "#0"},
				"down": {"uv": [0.875, 6, 0.75, 7], "rotation": 180, "texture": "#0"}
			}
		},
		{
			"from": [4, -1, 5],
			"to": [5, 0, 11],
			"faces": {
				"north": {"uv": [6.375, 8.125, 6.5, 8.25], "texture": "#0"},
				"east": {"uv": [6.25, 5.25, 7, 5.375], "texture": "#0"},
				"south": {"uv": [8.125, 6.25, 8.25, 6.375], "texture": "#0"},
				"west": {"uv": [4.875, 6.25, 5.625, 6.375], "texture": "#0"},
				"up": {"uv": [2.125, 7, 2, 6.25], "rotation": 180, "texture": "#0"},
				"down": {"uv": [3.125, 6.25, 3, 7], "rotation": 180, "texture": "#0"}
			}
		},
		{
			"from": [17, -1, 5],
			"to": [18, 0, 11],
			"faces": {
				"north": {"uv": [4.125, 8.125, 4.25, 8.25], "texture": "#0"},
				"east": {"uv": [6.25, 0.875, 7, 1], "texture": "#0"},
				"south": {"uv": [8.125, 4, 8.25, 4.125], "texture": "#0"},
				"west": {"uv": [6.25, 0.75, 7, 0.875], "texture": "#0"},
				"up": {"uv": [5.75, 6.875, 5.625, 6.125], "rotation": 180, "texture": "#0"},
				"down": {"uv": [5.875, 6.125, 5.75, 6.875], "rotation": 180, "texture": "#0"}
			}
		},
		{
			"from": [13, -1, 5],
			"to": [14, 0, 11],
			"faces": {
				"north": {"uv": [5.125, 8.125, 5.25, 8.25], "texture": "#0"},
				"east": {"uv": [6.25, 1.375, 7, 1.5], "texture": "#0"},
				"south": {"uv": [8.125, 5, 8.25, 5.125], "texture": "#0"},
				"west": {"uv": [6.25, 1.25, 7, 1.375], "texture": "#0"},
				"up": {"uv": [1.625, 7, 1.5, 6.25], "rotation": 180, "texture": "#0"},
				"down": {"uv": [1.75, 6.25, 1.625, 7], "rotation": 180, "texture": "#0"}
			}
		},
		{
			"from": [11, -1, 5],
			"to": [12, 0, 11],
			"faces": {
				"north": {"uv": [5.25, 8.125, 5.375, 8.25], "texture": "#0"},
				"east": {"uv": [6.25, 1.625, 7, 1.75], "texture": "#0"},
				"south": {"uv": [8.125, 5.125, 8.25, 5.25], "texture": "#0"},
				"west": {"uv": [6.25, 1.5, 7, 1.625], "texture": "#0"},
				"up": {"uv": [1.875, 7, 1.75, 6.25], "rotation": 180, "texture": "#0"},
				"down": {"uv": [2, 6.25, 1.875, 7], "rotation": 180, "texture": "#0"}
			}
		},
		{
			"from": [15, -1, 5],
			"to": [16, 0, 11],
			"faces": {
				"north": {"uv": [4.25, 8.125, 4.375, 8.25], "texture": "#0"},
				"east": {"uv": [6.25, 1.125, 7, 1.25], "texture": "#0"},
				"south": {"uv": [8.125, 4.125, 8.25, 4.25], "texture": "#0"},
				"west": {"uv": [6.25, 1, 7, 1.125], "texture": "#0"},
				"up": {"uv": [1.375, 7, 1.25, 6.25], "rotation": 180, "texture": "#0"},
				"down": {"uv": [1.5, 6.25, 1.375, 7], "rotation": 180, "texture": "#0"}
			}
		},
		{
			"from": [-3, -1, 19],
			"to": [-2, 0, 20],
			"faces": {
				"north": {"uv": [4.75, 8, 4.875, 8.125], "texture": "#0"},
				"east": {"uv": [8, 4.75, 8.125, 4.875], "texture": "#0"},
				"south": {"uv": [4.875, 8, 5, 8.125], "texture": "#0"},
				"west": {"uv": [8, 4.875, 8.125, 5], "texture": "#0"},
				"up": {"uv": [5.125, 8.125, 5, 8], "texture": "#0"},
				"down": {"uv": [8.125, 5, 8, 5.125], "texture": "#0"}
			}
		},
		{
			"from": [-1, -1, 21],
			"to": [1, 0, 22],
			"faces": {
				"north": {"uv": [7.375, 4.625, 7.625, 4.75], "texture": "#0"},
				"east": {"uv": [4.625, 8, 4.75, 8.125], "texture": "#0"},
				"south": {"uv": [7.375, 4.75, 7.625, 4.875], "texture": "#0"},
				"west": {"uv": [8, 4.625, 8.125, 4.75], "texture": "#0"},
				"up": {"uv": [5.125, 7.5, 4.875, 7.375], "texture": "#0"},
				"down": {"uv": [7.625, 5, 7.375, 5.125], "texture": "#0"}
			}
		},
		{
			"from": [-5, -1, 17],
			"to": [-4, 0, 18],
			"faces": {
				"north": {"uv": [4.25, 8, 4.375, 8.125], "texture": "#0"},
				"east": {"uv": [8, 4.25, 8.125, 4.375], "texture": "#0"},
				"south": {"uv": [4.375, 8, 4.5, 8.125], "texture": "#0"},
				"west": {"uv": [8, 4.375, 8.125, 4.5], "texture": "#0"},
				"up": {"uv": [4.625, 8.125, 4.5, 8], "texture": "#0"},
				"down": {"uv": [8.125, 4.5, 8, 4.625], "texture": "#0"}
			}
		},
		{
			"from": [19, -1, 4],
			"to": [21, 0, 5],
			"faces": {
				"north": {"uv": [7.375, 6.5, 7.625, 6.625], "texture": "#0"},
				"east": {"uv": [3.875, 8.125, 4, 8.25], "texture": "#0"},
				"south": {"uv": [6.375, 7.375, 6.625, 7.5], "texture": "#0"},
				"west": {"uv": [8.125, 3.75, 8.25, 3.875], "texture": "#0"},
				"up": {"uv": [6.875, 7.5, 6.625, 7.375], "rotation": 180, "texture": "#0"},
				"down": {"uv": [7.625, 6.625, 7.375, 6.75], "rotation": 180, "texture": "#0"}
			}
		},
		{
			"from": [-1, -1, 9],
			"to": [0, 0, 11],
			"faces": {
				"north": {"uv": [7.25, 8.125, 7.375, 8.25], "texture": "#0"},
				"east": {"uv": [7.5, 0.125, 7.75, 0.25], "texture": "#0"},
				"south": {"uv": [8.125, 7.125, 8.25, 7.25], "texture": "#0"},
				"west": {"uv": [0, 7.5, 0.25, 7.625], "texture": "#0"},
				"up": {"uv": [0.375, 7.75, 0.25, 7.5], "rotation": 180, "texture": "#0"},
				"down": {"uv": [0.5, 7.5, 0.375, 7.75], "rotation": 180, "texture": "#0"}
			}
		},
		{
			"from": [3, -1, 4],
			"to": [6, 0, 5],
			"faces": {
				"north": {"uv": [7, 5.25, 7.375, 5.375], "texture": "#0"},
				"east": {"uv": [6.5, 8.125, 6.625, 8.25], "texture": "#0"},
				"south": {"uv": [7, 5.125, 7.375, 5.25], "texture": "#0"},
				"west": {"uv": [8.125, 6.375, 8.25, 6.5], "texture": "#0"},
				"up": {"uv": [6, 7.125, 5.625, 7], "rotation": 180, "texture": "#0"},
				"down": {"uv": [7.375, 5.625, 7, 5.75], "rotation": 180, "texture": "#0"}
			}
		},
		{
			"from": [-1, -1, 4],
			"to": [2, 0, 5],
			"faces": {
				"north": {"uv": [7, 6.625, 7.375, 6.75], "texture": "#0"},
				"east": {"uv": [6.75, 8.125, 6.875, 8.25], "texture": "#0"},
				"south": {"uv": [6.375, 7, 6.75, 7.125], "texture": "#0"},
				"west": {"uv": [8.125, 6.625, 8.25, 6.75], "texture": "#0"},
				"up": {"uv": [7.125, 7.125, 6.75, 7], "rotation": 180, "texture": "#0"},
				"down": {"uv": [7.375, 6.75, 7, 6.875], "rotation": 180, "texture": "#0"}
			}
		},
		{
			"from": [-1, -1, 11],
			"to": [2, 0, 12],
			"faces": {
				"north": {"uv": [7.125, 1.125, 7.5, 1.25], "texture": "#0"},
				"east": {"uv": [7, 8.125, 7.125, 8.25], "texture": "#0"},
				"south": {"uv": [7.125, 1, 7.5, 1.125], "texture": "#0"},
				"west": {"uv": [8.125, 6.875, 8.25, 7], "texture": "#0"},
				"up": {"uv": [7.5, 1.375, 7.125, 1.25], "rotation": 180, "texture": "#0"},
				"down": {"uv": [1.75, 7.125, 1.375, 7.25], "rotation": 180, "texture": "#0"}
			}
		},
		{
			"from": [-1, -1, 8],
			"to": [2, 0, 9],
			"faces": {
				"north": {"uv": [2.125, 7.125, 2.5, 7.25], "texture": "#0"},
				"east": {"uv": [7.125, 8.125, 7.25, 8.25], "texture": "#0"},
				"south": {"uv": [1.75, 7.125, 2.125, 7.25], "texture": "#0"},
				"west": {"uv": [8.125, 7, 8.25, 7.125], "texture": "#0"},
				"up": {"uv": [7.5, 2.375, 7.125, 2.25], "rotation": 180, "texture": "#0"},
				"down": {"uv": [7.5, 2.375, 7.125, 2.5], "rotation": 180, "texture": "#0"}
			}
		},
		{
			"from": [1, -1, 5],
			"to": [2, 0, 8],
			"faces": {
				"north": {"uv": [6.875, 8.125, 7, 8.25], "texture": "#0"},
				"east": {"uv": [0.375, 7.125, 0.75, 7.25], "texture": "#0"},
				"south": {"uv": [8.125, 6.75, 8.25, 6.875], "texture": "#0"},
				"west": {"uv": [0, 7.125, 0.375, 7.25], "texture": "#0"},
				"up": {"uv": [7.25, 0.875, 7.125, 0.5], "rotation": 180, "texture": "#0"},
				"down": {"uv": [1, 7.125, 0.875, 7.5], "rotation": 180, "texture": "#0"}
			}
		},
		{
			"from": [3, -1, 11],
			"to": [6, 0, 12],
			"faces": {
				"north": {"uv": [7, 5.875, 7.375, 6], "texture": "#0"},
				"east": {"uv": [6.625, 8.125, 6.75, 8.25], "texture": "#0"},
				"south": {"uv": [7, 5.75, 7.375, 5.875], "texture": "#0"},
				"west": {"uv": [8.125, 6.5, 8.25, 6.625], "texture": "#0"},
				"up": {"uv": [6.375, 7.125, 6, 7], "rotation": 180, "texture": "#0"},
				"down": {"uv": [7.375, 6.25, 7, 6.375], "rotation": 180, "texture": "#0"}
			}
		},
		{
			"from": [7, -1, 11],
			"to": [9, 0, 12],
			"faces": {
				"north": {"uv": [7.375, 7.125, 7.625, 7.25], "texture": "#0"},
				"east": {"uv": [6.25, 8.125, 6.375, 8.25], "texture": "#0"},
				"south": {"uv": [7.125, 7.375, 7.375, 7.5], "texture": "#0"},
				"west": {"uv": [8.125, 6.125, 8.25, 6.25], "texture": "#0"},
				"up": {"uv": [7.625, 7.375, 7.375, 7.25], "rotation": 180, "texture": "#0"},
				"down": {"uv": [7.625, 7.375, 7.375, 7.5], "rotation": 180, "texture": "#0"}
			}
		},
		{
			"from": [16, -1, 4],
			"to": [17, 0, 5],
			"faces": {
				"north": {"uv": [8.125, 4.375, 8.25, 4.5], "texture": "#0"},
				"east": {"uv": [4.5, 8.125, 4.625, 8.25], "texture": "#0"},
				"south": {"uv": [8.125, 4.25, 8.25, 4.375], "texture": "#0"},
				"west": {"uv": [4.375, 8.125, 4.5, 8.25], "texture": "#0"},
				"up": {"uv": [8.25, 4.625, 8.125, 4.5], "rotation": 180, "texture": "#0"},
				"down": {"uv": [4.75, 8.125, 4.625, 8.25], "rotation": 180, "texture": "#0"}
			}
		},
		{
			"from": [12, -1, 4],
			"to": [13, 0, 5],
			"faces": {
				"north": {"uv": [8.125, 5.375, 8.25, 5.5], "texture": "#0"},
				"east": {"uv": [5.5, 8.125, 5.625, 8.25], "texture": "#0"},
				"south": {"uv": [8.125, 5.25, 8.25, 5.375], "texture": "#0"},
				"west": {"uv": [5.375, 8.125, 5.5, 8.25], "texture": "#0"},
				"up": {"uv": [8.25, 5.625, 8.125, 5.5], "rotation": 180, "texture": "#0"},
				"down": {"uv": [5.75, 8.125, 5.625, 8.25], "rotation": 180, "texture": "#0"}
			}
		},
		{
			"from": [-4, -1, 8],
			"to": [-3, 0, 9],
			"faces": {
				"north": {"uv": [8.125, 7.625, 8.25, 7.75], "texture": "#0"},
				"east": {"uv": [7.75, 8.125, 7.875, 8.25], "texture": "#0"},
				"south": {"uv": [8.125, 7.5, 8.25, 7.625], "texture": "#0"},
				"west": {"uv": [7.625, 8.125, 7.75, 8.25], "texture": "#0"},
				"up": {"uv": [8.25, 7.875, 8.125, 7.75], "rotation": 180, "texture": "#0"},
				"down": {"uv": [8, 8.125, 7.875, 8.25], "rotation": 180, "texture": "#0"}
			}
		},
		{
			"from": [16, -1, 11],
			"to": [17, 0, 12],
			"faces": {
				"north": {"uv": [8.125, 4.75, 8.25, 4.875], "texture": "#0"},
				"east": {"uv": [4.875, 8.125, 5, 8.25], "texture": "#0"},
				"south": {"uv": [8.125, 4.625, 8.25, 4.75], "texture": "#0"},
				"west": {"uv": [4.75, 8.125, 4.875, 8.25], "texture": "#0"},
				"up": {"uv": [8.25, 5, 8.125, 4.875], "rotation": 180, "texture": "#0"},
				"down": {"uv": [5.125, 8.125, 5, 8.25], "rotation": 180, "texture": "#0"}
			}
		},
		{
			"from": [12, -1, 11],
			"to": [13, 0, 12],
			"faces": {
				"north": {"uv": [8.125, 5.75, 8.25, 5.875], "texture": "#0"},
				"east": {"uv": [5.875, 8.125, 6, 8.25], "texture": "#0"},
				"south": {"uv": [8.125, 5.625, 8.25, 5.75], "texture": "#0"},
				"west": {"uv": [5.75, 8.125, 5.875, 8.25], "texture": "#0"},
				"up": {"uv": [8.25, 6, 8.125, 5.875], "rotation": 180, "texture": "#0"},
				"down": {"uv": [6.125, 8.125, 6, 8.25], "rotation": 180, "texture": "#0"}
			}
		},
		{
			"from": [19, -1, 7],
			"to": [21, 0, 8],
			"faces": {
				"north": {"uv": [6.875, 7.375, 7.125, 7.5], "texture": "#0"},
				"east": {"uv": [4, 8.125, 4.125, 8.25], "texture": "#0"},
				"south": {"uv": [7.375, 6.75, 7.625, 6.875], "texture": "#0"},
				"west": {"uv": [8.125, 3.875, 8.25, 4], "texture": "#0"},
				"up": {"uv": [7.625, 7, 7.375, 6.875], "rotation": 180, "texture": "#0"},
				"down": {"uv": [7.625, 7, 7.375, 7.125], "rotation": 180, "texture": "#0"}
			}
		},
		{
			"from": [-2, -1, 20],
			"to": [-1, 0, 21],
			"faces": {
				"north": {"uv": [3.875, 8, 4, 8.125], "texture": "#0"},
				"east": {"uv": [8, 3.875, 8.125, 4], "texture": "#0"},
				"south": {"uv": [4, 8, 4.125, 8.125], "texture": "#0"},
				"west": {"uv": [8, 4, 8.125, 4.125], "texture": "#0"},
				"up": {"uv": [4.25, 8.125, 4.125, 8], "texture": "#0"},
				"down": {"uv": [8.125, 4.125, 8, 4.25], "texture": "#0"}
			}
		},
		{
			"from": [1, -1, 22],
			"to": [4, 0, 23],
			"faces": {
				"north": {"uv": [1.75, 7, 2.125, 7.125], "texture": "#0"},
				"east": {"uv": [3.75, 8, 3.875, 8.125], "texture": "#0"},
				"south": {"uv": [7, 1.75, 7.375, 1.875], "texture": "#0"},
				"west": {"uv": [8, 3.75, 8.125, 3.875], "texture": "#0"},
				"up": {"uv": [7.375, 2, 7, 1.875], "texture": "#0"},
				"down": {"uv": [7.375, 2, 7, 2.125], "texture": "#0"}
			}
		},
		{
			"from": [4, -1, 23],
			"to": [12, 0, 24],
			"faces": {
				"north": {"uv": [5.625, 2.5, 6.625, 2.625], "texture": "#0"},
				"east": {"uv": [3.625, 8, 3.75, 8.125], "texture": "#0"},
				"south": {"uv": [5.625, 2.625, 6.625, 2.75], "texture": "#0"},
				"west": {"uv": [8, 3.625, 8.125, 3.75], "texture": "#0"},
				"up": {"uv": [5.875, 5.75, 4.875, 5.625], "texture": "#0"},
				"down": {"uv": [1, 5.75, 0, 5.875], "texture": "#0"}
			}
		},
		{
			"from": [12, -1, 22],
			"to": [15, 0, 23],
			"faces": {
				"north": {"uv": [1.375, 7, 1.75, 7.125], "texture": "#0"},
				"east": {"uv": [3.5, 8, 3.625, 8.125], "texture": "#0"},
				"south": {"uv": [7, 1.375, 7.375, 1.5], "texture": "#0"},
				"west": {"uv": [8, 3.5, 8.125, 3.625], "texture": "#0"},
				"up": {"uv": [7.375, 1.625, 7, 1.5], "texture": "#0"},
				"down": {"uv": [7.375, 1.625, 7, 1.75], "texture": "#0"}
			}
		},
		{
			"from": [15, -1, 21],
			"to": [17, 0, 22],
			"faces": {
				"north": {"uv": [4.125, 7.375, 4.375, 7.5], "texture": "#0"},
				"east": {"uv": [3.375, 8, 3.5, 8.125], "texture": "#0"},
				"south": {"uv": [4.375, 7.375, 4.625, 7.5], "texture": "#0"},
				"west": {"uv": [8, 3.375, 8.125, 3.5], "texture": "#0"},
				"up": {"uv": [7.625, 4.625, 7.375, 4.5], "texture": "#0"},
				"down": {"uv": [4.875, 7.375, 4.625, 7.5], "texture": "#0"}
			}
		},
		{
			"from": [17, -1, 20],
			"to": [18, 0, 21],
			"faces": {
				"north": {"uv": [3, 8, 3.125, 8.125], "texture": "#0"},
				"east": {"uv": [8, 3, 8.125, 3.125], "texture": "#0"},
				"south": {"uv": [3.125, 8, 3.25, 8.125], "texture": "#0"},
				"west": {"uv": [8, 3.125, 8.125, 3.25], "texture": "#0"},
				"up": {"uv": [3.375, 8.125, 3.25, 8], "texture": "#0"},
				"down": {"uv": [8.125, 3.25, 8, 3.375], "texture": "#0"}
			}
		},
		{
			"from": [18, -1, 19],
			"to": [19, 0, 20],
			"faces": {
				"north": {"uv": [2.625, 8, 2.75, 8.125], "texture": "#0"},
				"east": {"uv": [8, 2.625, 8.125, 2.75], "texture": "#0"},
				"south": {"uv": [2.75, 8, 2.875, 8.125], "texture": "#0"},
				"west": {"uv": [8, 2.75, 8.125, 2.875], "texture": "#0"},
				"up": {"uv": [3, 8.125, 2.875, 8], "texture": "#0"},
				"down": {"uv": [8.125, 2.875, 8, 3], "texture": "#0"}
			}
		},
		{
			"from": [19, -1, 18],
			"to": [20, 0, 19],
			"faces": {
				"north": {"uv": [2.25, 8, 2.375, 8.125], "texture": "#0"},
				"east": {"uv": [8, 2.25, 8.125, 2.375], "texture": "#0"},
				"south": {"uv": [2.375, 8, 2.5, 8.125], "texture": "#0"},
				"west": {"uv": [8, 2.375, 8.125, 2.5], "texture": "#0"},
				"up": {"uv": [2.625, 8.125, 2.5, 8], "texture": "#0"},
				"down": {"uv": [8.125, 2.5, 8, 2.625], "texture": "#0"}
			}
		},
		{
			"from": [20, -1, 17],
			"to": [21, 0, 18],
			"faces": {
				"north": {"uv": [1.875, 8, 2, 8.125], "texture": "#0"},
				"east": {"uv": [8, 1.875, 8.125, 2], "texture": "#0"},
				"south": {"uv": [2, 8, 2.125, 8.125], "texture": "#0"},
				"west": {"uv": [8, 2, 8.125, 2.125], "texture": "#0"},
				"up": {"uv": [2.25, 8.125, 2.125, 8], "texture": "#0"},
				"down": {"uv": [8.125, 2.125, 8, 2.25], "texture": "#0"}
			}
		},
		{
			"from": [21, -1, 15],
			"to": [22, 0, 17],
			"faces": {
				"north": {"uv": [1.75, 8, 1.875, 8.125], "texture": "#0"},
				"east": {"uv": [7.375, 3.375, 7.625, 3.5], "texture": "#0"},
				"south": {"uv": [8, 1.75, 8.125, 1.875], "texture": "#0"},
				"west": {"uv": [3.5, 7.375, 3.75, 7.5], "texture": "#0"},
				"up": {"uv": [7.5, 3.875, 7.375, 3.625], "texture": "#0"},
				"down": {"uv": [4.125, 7.375, 4, 7.625], "texture": "#0"}
			}
		},
		{
			"from": [22, -1, 12],
			"to": [23, 0, 15],
			"faces": {
				"north": {"uv": [1.625, 8, 1.75, 8.125], "texture": "#0"},
				"east": {"uv": [0.875, 7, 1.25, 7.125], "texture": "#0"},
				"south": {"uv": [8, 1.625, 8.125, 1.75], "texture": "#0"},
				"west": {"uv": [7, 0.875, 7.375, 1], "texture": "#0"},
				"up": {"uv": [7.125, 1.375, 7, 1], "texture": "#0"},
				"down": {"uv": [1.375, 7, 1.25, 7.375], "texture": "#0"}
			}
		},
		{
			"from": [22, -1, 1],
			"to": [23, 0, 4],
			"faces": {
				"north": {"uv": [1.5, 8, 1.625, 8.125], "texture": "#0"},
				"east": {"uv": [0.375, 7, 0.75, 7.125], "texture": "#0"},
				"south": {"uv": [8, 1.5, 8.125, 1.625], "texture": "#0"},
				"west": {"uv": [7, 0.375, 7.375, 0.5], "texture": "#0"},
				"up": {"uv": [7.125, 0.875, 7, 0.5], "texture": "#0"},
				"down": {"uv": [0.875, 7, 0.75, 7.375], "texture": "#0"}
			}
		},
		{
			"from": [23, -1, 4],
			"to": [24, 0, 12],
			"faces": {
				"north": {"uv": [1.375, 8, 1.5, 8.125], "texture": "#0"},
				"east": {"uv": [5.625, 2.25, 6.625, 2.375], "texture": "#0"},
				"south": {"uv": [8, 1.375, 8.125, 1.5], "texture": "#0"},
				"west": {"uv": [5.625, 2.375, 6.625, 2.5], "texture": "#0"},
				"up": {"uv": [4.75, 6.625, 4.625, 5.625], "texture": "#0"},
				"down": {"uv": [4.875, 5.625, 4.75, 6.625], "texture": "#0"}
			}
		},
		{
			"from": [21, -1, -1],
			"to": [22, 0, 1],
			"faces": {
				"north": {"uv": [1.25, 8, 1.375, 8.125], "texture": "#0"},
				"east": {"uv": [3.125, 7.375, 3.375, 7.5], "texture": "#0"},
				"south": {"uv": [8, 1.25, 8.125, 1.375], "texture": "#0"},
				"west": {"uv": [7.375, 3.25, 7.625, 3.375], "texture": "#0"},
				"up": {"uv": [2.75, 7.625, 2.625, 7.375], "texture": "#0"},
				"down": {"uv": [3.5, 7.375, 3.375, 7.625], "texture": "#0"}
			}
		},
		{
			"from": [20, -1, -2],
			"to": [21, 0, -1],
			"faces": {
				"north": {"uv": [0.875, 8, 1, 8.125], "texture": "#0"},
				"east": {"uv": [8, 0.875, 8.125, 1], "texture": "#0"},
				"south": {"uv": [1, 8, 1.125, 8.125], "texture": "#0"},
				"west": {"uv": [8, 1, 8.125, 1.125], "texture": "#0"},
				"up": {"uv": [1.25, 8.125, 1.125, 8], "texture": "#0"},
				"down": {"uv": [8.125, 1.125, 8, 1.25], "texture": "#0"}
			}
		},
		{
			"from": [18, -1, -4],
			"to": [19, 0, -3],
			"faces": {
				"north": {"uv": [0.5, 8, 0.625, 8.125], "texture": "#0"},
				"east": {"uv": [8, 0.5, 8.125, 0.625], "texture": "#0"},
				"south": {"uv": [0.625, 8, 0.75, 8.125], "texture": "#0"},
				"west": {"uv": [8, 0.625, 8.125, 0.75], "texture": "#0"},
				"up": {"uv": [0.875, 8.125, 0.75, 8], "texture": "#0"},
				"down": {"uv": [8.125, 0.75, 8, 0.875], "texture": "#0"}
			}
		},
		{
			"from": [17, -1, -5],
			"to": [18, 0, -4],
			"faces": {
				"north": {"uv": [0.125, 8, 0.25, 8.125], "texture": "#0"},
				"east": {"uv": [8, 0.125, 8.125, 0.25], "texture": "#0"},
				"south": {"uv": [0.25, 8, 0.375, 8.125], "texture": "#0"},
				"west": {"uv": [8, 0.25, 8.125, 0.375], "texture": "#0"},
				"up": {"uv": [0.5, 8.125, 0.375, 8], "texture": "#0"},
				"down": {"uv": [8.125, 0.375, 8, 0.5], "texture": "#0"}
			}
		},
		{
			"from": [15, -1, -6],
			"to": [17, 0, -5],
			"faces": {
				"north": {"uv": [2.375, 7.375, 2.625, 7.5], "texture": "#0"},
				"east": {"uv": [0, 8, 0.125, 8.125], "texture": "#0"},
				"south": {"uv": [7.375, 2.5, 7.625, 2.625], "texture": "#0"},
				"west": {"uv": [8, 0, 8.125, 0.125], "texture": "#0"},
				"up": {"uv": [3.125, 7.5, 2.875, 7.375], "texture": "#0"},
				"down": {"uv": [7.625, 2.875, 7.375, 3], "texture": "#0"}
			}
		},
		{
			"from": [12, -1, -7],
			"to": [15, 0, -6],
			"faces": {
				"north": {"uv": [0, 7, 0.375, 7.125], "texture": "#0"},
				"east": {"uv": [7.875, 7.75, 8, 7.875], "texture": "#0"},
				"south": {"uv": [7, 0, 7.375, 0.125], "texture": "#0"},
				"west": {"uv": [7.875, 7.875, 8, 8], "texture": "#0"},
				"up": {"uv": [7.375, 0.25, 7, 0.125], "texture": "#0"},
				"down": {"uv": [7.375, 0.25, 7, 0.375], "texture": "#0"}
			}
		},
		{
			"from": [19, -1, -3],
			"to": [20, 0, -2],
			"faces": {
				"north": {"uv": [7.875, 7.375, 8, 7.5], "texture": "#0"},
				"east": {"uv": [7.5, 7.875, 7.625, 8], "texture": "#0"},
				"south": {"uv": [7.875, 7.5, 8, 7.625], "texture": "#0"},
				"west": {"uv": [7.625, 7.875, 7.75, 8], "texture": "#0"},
				"up": {"uv": [8, 7.75, 7.875, 7.625], "texture": "#0"},
				"down": {"uv": [7.875, 7.875, 7.75, 8], "texture": "#0"}
			}
		},
		{
			"from": [-8, 0, 4],
			"to": [-7, 1, 12],
			"faces": {
				"north": {"uv": [7.875, 5.25, 8, 5.375], "texture": "#0"},
				"east": {"uv": [4.25, 5.5, 5.25, 5.625], "texture": "#0"},
				"south": {"uv": [5.375, 7.875, 5.5, 8], "texture": "#0"},
				"west": {"uv": [5.5, 4.25, 6.5, 4.375], "texture": "#0"},
				"up": {"uv": [2.75, 6.5, 2.625, 5.5], "texture": "#0"},
				"down": {"uv": [3.375, 5.5, 3.25, 6.5], "texture": "#0"}
			}
		},
		{
			"from": [23, 0, 4],
			"to": [24, 1, 12],
			"faces": {
				"north": {"uv": [7.875, 5.125, 8, 5.25], "texture": "#0"},
				"east": {"uv": [5.5, 4, 6.5, 4.125], "texture": "#0"},
				"south": {"uv": [5.25, 7.875, 5.375, 8], "texture": "#0"},
				"west": {"uv": [5.5, 4.125, 6.5, 4.25], "texture": "#0"},
				"up": {"uv": [2.5, 6.5, 2.375, 5.5], "texture": "#0"},
				"down": {"uv": [2.625, 5.5, 2.5, 6.5], "texture": "#0"}
			}
		},
		{
			"from": [22, 0, 1],
			"to": [23, 1, 4],
			"faces": {
				"north": {"uv": [7.875, 5, 8, 5.125], "texture": "#0"},
				"east": {"uv": [6.875, 6.375, 7.25, 6.5], "texture": "#0"},
				"south": {"uv": [5.125, 7.875, 5.25, 8], "texture": "#0"},
				"west": {"uv": [6.75, 6.875, 7.125, 7], "texture": "#0"},
				"up": {"uv": [5.375, 7.25, 5.25, 6.875], "texture": "#0"},
				"down": {"uv": [5.5, 6.875, 5.375, 7.25], "texture": "#0"}
			}
		},
		{
			"from": [21, 0, -1],
			"to": [22, 1, 1],
			"faces": {
				"north": {"uv": [7.875, 4.875, 8, 5], "texture": "#0"},
				"east": {"uv": [7.375, 1.875, 7.625, 2], "texture": "#0"},
				"south": {"uv": [5, 7.875, 5.125, 8], "texture": "#0"},
				"west": {"uv": [2, 7.375, 2.25, 7.5], "texture": "#0"},
				"up": {"uv": [7.5, 2.25, 7.375, 2], "texture": "#0"},
				"down": {"uv": [2.375, 7.375, 2.25, 7.625], "texture": "#0"}
			}
		},
		{
			"from": [20, 0, -2],
			"to": [21, 1, -1],
			"faces": {
				"north": {"uv": [7.875, 4.5, 8, 4.625], "texture": "#0"},
				"east": {"uv": [4.625, 7.875, 4.75, 8], "texture": "#0"},
				"south": {"uv": [7.875, 4.625, 8, 4.75], "texture": "#0"},
				"west": {"uv": [4.75, 7.875, 4.875, 8], "texture": "#0"},
				"up": {"uv": [8, 4.875, 7.875, 4.75], "texture": "#0"},
				"down": {"uv": [5, 7.875, 4.875, 8], "texture": "#0"}
			}
		},
		{
			"from": [19, 0, -3],
			"to": [20, 1, -2],
			"faces": {
				"north": {"uv": [7.875, 4.125, 8, 4.25], "texture": "#0"},
				"east": {"uv": [4.25, 7.875, 4.375, 8], "texture": "#0"},
				"south": {"uv": [7.875, 4.25, 8, 4.375], "texture": "#0"},
				"west": {"uv": [4.375, 7.875, 4.5, 8], "texture": "#0"},
				"up": {"uv": [8, 4.5, 7.875, 4.375], "texture": "#0"},
				"down": {"uv": [4.625, 7.875, 4.5, 8], "texture": "#0"}
			}
		},
		{
			"from": [18, 0, -4],
			"to": [19, 1, -3],
			"faces": {
				"north": {"uv": [7.875, 3.75, 8, 3.875], "texture": "#0"},
				"east": {"uv": [3.875, 7.875, 4, 8], "texture": "#0"},
				"south": {"uv": [7.875, 3.875, 8, 4], "texture": "#0"},
				"west": {"uv": [4, 7.875, 4.125, 8], "texture": "#0"},
				"up": {"uv": [8, 4.125, 7.875, 4], "texture": "#0"},
				"down": {"uv": [4.25, 7.875, 4.125, 8], "texture": "#0"}
			}
		},
		{
			"from": [17, 0, -5],
			"to": [18, 1, -4],
			"faces": {
				"north": {"uv": [7.875, 3.375, 8, 3.5], "texture": "#0"},
				"east": {"uv": [3.5, 7.875, 3.625, 8], "texture": "#0"},
				"south": {"uv": [7.875, 3.5, 8, 3.625], "texture": "#0"},
				"west": {"uv": [3.625, 7.875, 3.75, 8], "texture": "#0"},
				"up": {"uv": [8, 3.75, 7.875, 3.625], "texture": "#0"},
				"down": {"uv": [3.875, 7.875, 3.75, 8], "texture": "#0"}
			}
		},
		{
			"from": [15, 0, -6],
			"to": [17, 1, -5],
			"faces": {
				"north": {"uv": [7.375, 1.5, 7.625, 1.625], "texture": "#0"},
				"east": {"uv": [7.875, 3.25, 8, 3.375], "texture": "#0"},
				"south": {"uv": [7.375, 1.625, 7.625, 1.75], "texture": "#0"},
				"west": {"uv": [3.375, 7.875, 3.5, 8], "texture": "#0"},
				"up": {"uv": [2, 7.5, 1.75, 7.375], "texture": "#0"},
				"down": {"uv": [7.625, 1.75, 7.375, 1.875], "texture": "#0"}
			}
		},
		{
			"from": [12, 0, -7],
			"to": [15, 1, -6],
			"faces": {
				"north": {"uv": [5.625, 6.875, 6, 7], "texture": "#0"},
				"east": {"uv": [7.875, 3.125, 8, 3.25], "texture": "#0"},
				"south": {"uv": [6, 6.875, 6.375, 7], "texture": "#0"},
				"west": {"uv": [3.25, 7.875, 3.375, 8], "texture": "#0"},
				"up": {"uv": [7.25, 6.125, 6.875, 6], "texture": "#0"},
				"down": {"uv": [6.75, 6.875, 6.375, 7], "texture": "#0"}
			}
		},
		{
			"from": [4, 0, -8],
			"to": [12, 1, -7],
			"faces": {
				"north": {"uv": [5.5, 3.5, 6.5, 3.625], "texture": "#0"},
				"east": {"uv": [7.875, 3, 8, 3.125], "texture": "#0"},
				"south": {"uv": [5.5, 3.625, 6.5, 3.75], "texture": "#0"},
				"west": {"uv": [3.125, 7.875, 3.25, 8], "texture": "#0"},
				"up": {"uv": [6.5, 3.875, 5.5, 3.75], "texture": "#0"},
				"down": {"uv": [6.5, 3.875, 5.5, 4], "texture": "#0"}
			}
		},
		{
			"from": [1, 0, -7],
			"to": [4, 1, -6],
			"faces": {
				"north": {"uv": [4.875, 6.875, 5.25, 7], "texture": "#0"},
				"east": {"uv": [7.875, 2.875, 8, 3], "texture": "#0"},
				"south": {"uv": [6.875, 4.875, 7.25, 5], "texture": "#0"},
				"west": {"uv": [3, 7.875, 3.125, 8], "texture": "#0"},
				"up": {"uv": [7.25, 5.5, 6.875, 5.375], "texture": "#0"},
				"down": {"uv": [7.25, 5.5, 6.875, 5.625], "texture": "#0"}
			}
		},
		{
			"from": [-1, 0, -6],
			"to": [1, 1, -5],
			"faces": {
				"north": {"uv": [7.375, 0.875, 7.625, 1], "texture": "#0"},
				"east": {"uv": [7.875, 2.75, 8, 2.875], "texture": "#0"},
				"south": {"uv": [1.25, 7.375, 1.5, 7.5], "texture": "#0"},
				"west": {"uv": [2.875, 7.875, 3, 8], "texture": "#0"},
				"up": {"uv": [7.625, 1.5, 7.375, 1.375], "texture": "#0"},
				"down": {"uv": [1.75, 7.375, 1.5, 7.5], "texture": "#0"}
			}
		},
		{
			"from": [-2, 0, -5],
			"to": [-1, 1, -4],
			"faces": {
				"north": {"uv": [7.875, 2.375, 8, 2.5], "texture": "#0"},
				"east": {"uv": [2.5, 7.875, 2.625, 8], "texture": "#0"},
				"south": {"uv": [7.875, 2.5, 8, 2.625], "texture": "#0"},
				"west": {"uv": [2.625, 7.875, 2.75, 8], "texture": "#0"},
				"up": {"uv": [8, 2.75, 7.875, 2.625], "texture": "#0"},
				"down": {"uv": [2.875, 7.875, 2.75, 8], "texture": "#0"}
			}
		},
		{
			"from": [-3, 0, -4],
			"to": [-2, 1, -3],
			"faces": {
				"north": {"uv": [7.875, 2, 8, 2.125], "texture": "#0"},
				"east": {"uv": [2.125, 7.875, 2.25, 8], "texture": "#0"},
				"south": {"uv": [7.875, 2.125, 8, 2.25], "texture": "#0"},
				"west": {"uv": [2.25, 7.875, 2.375, 8], "texture": "#0"},
				"up": {"uv": [8, 2.375, 7.875, 2.25], "texture": "#0"},
				"down": {"uv": [2.5, 7.875, 2.375, 8], "texture": "#0"}
			}
		},
		{
			"from": [-4, 0, -3],
			"to": [-3, 1, -2],
			"faces": {
				"north": {"uv": [7.875, 1.625, 8, 1.75], "texture": "#0"},
				"east": {"uv": [1.75, 7.875, 1.875, 8], "texture": "#0"},
				"south": {"uv": [7.875, 1.75, 8, 1.875], "texture": "#0"},
				"west": {"uv": [1.875, 7.875, 2, 8], "texture": "#0"},
				"up": {"uv": [8, 2, 7.875, 1.875], "texture": "#0"},
				"down": {"uv": [2.125, 7.875, 2, 8], "texture": "#0"}
			}
		},
		{
			"from": [-5, 0, -2],
			"to": [-4, 1, -1],
			"faces": {
				"north": {"uv": [7.875, 1.25, 8, 1.375], "texture": "#0"},
				"east": {"uv": [1.375, 7.875, 1.5, 8], "texture": "#0"},
				"south": {"uv": [7.875, 1.375, 8, 1.5], "texture": "#0"},
				"west": {"uv": [1.5, 7.875, 1.625, 8], "texture": "#0"},
				"up": {"uv": [8, 1.625, 7.875, 1.5], "texture": "#0"},
				"down": {"uv": [1.75, 7.875, 1.625, 8], "texture": "#0"}
			}
		},
		{
			"from": [-6, 0, -1],
			"to": [-5, 1, 1],
			"faces": {
				"north": {"uv": [7.875, 1.125, 8, 1.25], "texture": "#0"},
				"east": {"uv": [7.375, 0.375, 7.625, 0.5], "texture": "#0"},
				"south": {"uv": [1.25, 7.875, 1.375, 8], "texture": "#0"},
				"west": {"uv": [0.5, 7.375, 0.75, 7.5], "texture": "#0"},
				"up": {"uv": [7.5, 0.875, 7.375, 0.625], "texture": "#0"},
				"down": {"uv": [0.875, 7.375, 0.75, 7.625], "texture": "#0"}
			}
		},
		{
			"from": [-7, 0, 1],
			"to": [-6, 1, 4],
			"faces": {
				"north": {"uv": [7.875, 1, 8, 1.125], "texture": "#0"},
				"east": {"uv": [6.875, 4.25, 7.25, 4.375], "texture": "#0"},
				"south": {"uv": [1.125, 7.875, 1.25, 8], "texture": "#0"},
				"west": {"uv": [6.875, 4.375, 7.25, 4.5], "texture": "#0"},
				"up": {"uv": [4, 7.25, 3.875, 6.875], "texture": "#0"},
				"down": {"uv": [7, 4.5, 6.875, 4.875], "texture": "#0"}
			}
		},
		{
			"from": [22, 0, 12],
			"to": [23, 1, 15],
			"faces": {
				"north": {"uv": [7.875, 0.875, 8, 1], "texture": "#0"},
				"east": {"uv": [6.875, 4.125, 7.25, 4.25], "texture": "#0"},
				"south": {"uv": [1, 7.875, 1.125, 8], "texture": "#0"},
				"west": {"uv": [4.25, 6.875, 4.625, 7], "texture": "#0"},
				"up": {"uv": [2.875, 7.25, 2.75, 6.875], "texture": "#0"},
				"down": {"uv": [3.875, 6.875, 3.75, 7.25], "texture": "#0"}
			}
		},
		{
			"from": [21, 0, 15],
			"to": [22, 1, 17],
			"faces": {
				"north": {"uv": [7.875, 0.75, 8, 0.875], "texture": "#0"},
				"east": {"uv": [0, 7.375, 0.25, 7.5], "texture": "#0"},
				"south": {"uv": [0.875, 7.875, 1, 8], "texture": "#0"},
				"west": {"uv": [7.375, 0, 7.625, 0.125], "texture": "#0"},
				"up": {"uv": [6, 7.5, 5.875, 7.25], "texture": "#0"},
				"down": {"uv": [7.5, 0.125, 7.375, 0.375], "texture": "#0"}
			}
		},
		{
			"from": [20, 0, 17],
			"to": [21, 1, 18],
			"faces": {
				"north": {"uv": [7.875, 0.375, 8, 0.5], "texture": "#0"},
				"east": {"uv": [0.5, 7.875, 0.625, 8], "texture": "#0"},
				"south": {"uv": [7.875, 0.5, 8, 0.625], "texture": "#0"},
				"west": {"uv": [0.625, 7.875, 0.75, 8], "texture": "#0"},
				"up": {"uv": [8, 0.75, 7.875, 0.625], "texture": "#0"},
				"down": {"uv": [0.875, 7.875, 0.75, 8], "texture": "#0"}
			}
		},
		{
			"from": [19, 0, 18],
			"to": [20, 1, 19],
			"faces": {
				"north": {"uv": [7.875, 0, 8, 0.125], "texture": "#0"},
				"east": {"uv": [0.125, 7.875, 0.25, 8], "texture": "#0"},
				"south": {"uv": [7.875, 0.125, 8, 0.25], "texture": "#0"},
				"west": {"uv": [0.25, 7.875, 0.375, 8], "texture": "#0"},
				"up": {"uv": [8, 0.375, 7.875, 0.25], "texture": "#0"},
				"down": {"uv": [0.5, 7.875, 0.375, 8], "texture": "#0"}
			}
		},
		{
			"from": [18, 0, 19],
			"to": [19, 1, 20],
			"faces": {
				"north": {"uv": [7.5, 7.75, 7.625, 7.875], "texture": "#0"},
				"east": {"uv": [7.75, 7.5, 7.875, 7.625], "texture": "#0"},
				"south": {"uv": [7.625, 7.75, 7.75, 7.875], "texture": "#0"},
				"west": {"uv": [7.75, 7.625, 7.875, 7.75], "texture": "#0"},
				"up": {"uv": [7.875, 7.875, 7.75, 7.75], "texture": "#0"},
				"down": {"uv": [0.125, 7.875, 0, 8], "texture": "#0"}
			}
		},
		{
			"from": [17, 0, 20],
			"to": [18, 1, 21],
			"faces": {
				"north": {"uv": [7.125, 7.75, 7.25, 7.875], "texture": "#0"},
				"east": {"uv": [7.75, 7.125, 7.875, 7.25], "texture": "#0"},
				"south": {"uv": [7.25, 7.75, 7.375, 7.875], "texture": "#0"},
				"west": {"uv": [7.75, 7.25, 7.875, 7.375], "texture": "#0"},
				"up": {"uv": [7.5, 7.875, 7.375, 7.75], "texture": "#0"},
				"down": {"uv": [7.875, 7.375, 7.75, 7.5], "texture": "#0"}
			}
		},
		{
			"from": [15, 0, 21],
			"to": [17, 1, 22],
			"faces": {
				"north": {"uv": [7.25, 6.375, 7.5, 6.5], "texture": "#0"},
				"east": {"uv": [7, 7.75, 7.125, 7.875], "texture": "#0"},
				"south": {"uv": [6.625, 7.25, 6.875, 7.375], "texture": "#0"},
				"west": {"uv": [7.75, 7, 7.875, 7.125], "texture": "#0"},
				"up": {"uv": [7.125, 7.375, 6.875, 7.25], "texture": "#0"},
				"down": {"uv": [7.375, 7.25, 7.125, 7.375], "texture": "#0"}
			}
		},
		{
			"from": [12, 0, 22],
			"to": [15, 1, 23],
			"faces": {
				"north": {"uv": [6.875, 3.625, 7.25, 3.75], "texture": "#0"},
				"east": {"uv": [6.875, 7.75, 7, 7.875], "texture": "#0"},
				"south": {"uv": [6.875, 3.75, 7.25, 3.875], "texture": "#0"},
				"west": {"uv": [7.75, 6.875, 7.875, 7], "texture": "#0"},
				"up": {"uv": [7.25, 4, 6.875, 3.875], "texture": "#0"},
				"down": {"uv": [7.25, 4, 6.875, 4.125], "texture": "#0"}
			}
		},
		{
			"from": [4, 0, 23],
			"to": [12, 1, 24],
			"faces": {
				"north": {"uv": [5.5, 2.75, 6.5, 2.875], "texture": "#0"},
				"east": {"uv": [6.75, 7.75, 6.875, 7.875], "texture": "#0"},
				"south": {"uv": [5.5, 2.875, 6.5, 3], "texture": "#0"},
				"west": {"uv": [7.75, 6.75, 7.875, 6.875], "texture": "#0"},
				"up": {"uv": [6.5, 3.125, 5.5, 3], "texture": "#0"},
				"down": {"uv": [6.5, 3.125, 5.5, 3.25], "texture": "#0"}
			}
		},
		{
			"from": [1, 0, 22],
			"to": [4, 1, 23],
			"faces": {
				"north": {"uv": [6.875, 3, 7.25, 3.125], "texture": "#0"},
				"east": {"uv": [6.625, 7.75, 6.75, 7.875], "texture": "#0"},
				"south": {"uv": [6.875, 3.125, 7.25, 3.25], "texture": "#0"},
				"west": {"uv": [7.75, 6.625, 7.875, 6.75], "texture": "#0"},
				"up": {"uv": [3.625, 7, 3.25, 6.875], "texture": "#0"},
				"down": {"uv": [7.25, 3.5, 6.875, 3.625], "texture": "#0"}
			}
		},
		{
			"from": [-1, 0, 21],
			"to": [1, 1, 22],
			"faces": {
				"north": {"uv": [7.25, 5.5, 7.5, 5.625], "texture": "#0"},
				"east": {"uv": [6.5, 7.75, 6.625, 7.875], "texture": "#0"},
				"south": {"uv": [7.25, 6, 7.5, 6.125], "texture": "#0"},
				"west": {"uv": [7.75, 6.5, 7.875, 6.625], "texture": "#0"},
				"up": {"uv": [6.375, 7.375, 6.125, 7.25], "texture": "#0"},
				"down": {"uv": [6.625, 7.25, 6.375, 7.375], "texture": "#0"}
			}
		},
		{
			"from": [-7, 0, 12],
			"to": [-6, 1, 15],
			"faces": {
				"north": {"uv": [6.375, 7.75, 6.5, 7.875], "texture": "#0"},
				"east": {"uv": [0.875, 6.875, 1.25, 7], "texture": "#0"},
				"south": {"uv": [7.75, 6.375, 7.875, 6.5], "texture": "#0"},
				"west": {"uv": [2.125, 6.875, 2.5, 7], "texture": "#0"},
				"up": {"uv": [5.625, 7.125, 5.5, 6.75], "texture": "#0"},
				"down": {"uv": [2.625, 6.875, 2.5, 7.25], "texture": "#0"}
			}
		},
		{
			"from": [-6, 0, 15],
			"to": [-5, 1, 17],
			"faces": {
				"north": {"uv": [6.25, 7.75, 6.375, 7.875], "texture": "#0"},
				"east": {"uv": [5.375, 7.25, 5.625, 7.375], "texture": "#0"},
				"south": {"uv": [7.75, 6.25, 7.875, 6.375], "texture": "#0"},
				"west": {"uv": [7.25, 5.375, 7.5, 5.5], "texture": "#0"},
				"up": {"uv": [5.75, 7.5, 5.625, 7.25], "texture": "#0"},
				"down": {"uv": [5.875, 7.25, 5.75, 7.5], "texture": "#0"}
			}
		},
		{
			"from": [-5, 0, 17],
			"to": [-4, 1, 18],
			"faces": {
				"north": {"uv": [5.875, 7.75, 6, 7.875], "texture": "#0"},
				"east": {"uv": [7.75, 5.875, 7.875, 6], "texture": "#0"},
				"south": {"uv": [6, 7.75, 6.125, 7.875], "texture": "#0"},
				"west": {"uv": [7.75, 6, 7.875, 6.125], "texture": "#0"},
				"up": {"uv": [6.25, 7.875, 6.125, 7.75], "texture": "#0"},
				"down": {"uv": [7.875, 6.125, 7.75, 6.25], "texture": "#0"}
			}
		},
		{
			"from": [-4, 0, 18],
			"to": [-3, 1, 19],
			"faces": {
				"north": {"uv": [5.5, 7.75, 5.625, 7.875], "texture": "#0"},
				"east": {"uv": [7.75, 5.5, 7.875, 5.625], "texture": "#0"},
				"south": {"uv": [5.625, 7.75, 5.75, 7.875], "texture": "#0"},
				"west": {"uv": [7.75, 5.625, 7.875, 5.75], "texture": "#0"},
				"up": {"uv": [5.875, 7.875, 5.75, 7.75], "texture": "#0"},
				"down": {"uv": [7.875, 5.75, 7.75, 5.875], "texture": "#0"}
			}
		},
		{
			"from": [-3, 0, 19],
			"to": [-2, 1, 20],
			"faces": {
				"north": {"uv": [5.125, 7.75, 5.25, 7.875], "texture": "#0"},
				"east": {"uv": [7.75, 5.125, 7.875, 5.25], "texture": "#0"},
				"south": {"uv": [5.25, 7.75, 5.375, 7.875], "texture": "#0"},
				"west": {"uv": [7.75, 5.25, 7.875, 5.375], "texture": "#0"},
				"up": {"uv": [5.5, 7.875, 5.375, 7.75], "texture": "#0"},
				"down": {"uv": [7.875, 5.375, 7.75, 5.5], "texture": "#0"}
			}
		},
		{
			"from": [-2, 0, 20],
			"to": [-1, 1, 21],
			"faces": {
				"north": {"uv": [4.75, 7.75, 4.875, 7.875], "texture": "#0"},
				"east": {"uv": [7.75, 4.75, 7.875, 4.875], "texture": "#0"},
				"south": {"uv": [4.875, 7.75, 5, 7.875], "texture": "#0"},
				"west": {"uv": [7.75, 4.875, 7.875, 5], "texture": "#0"},
				"up": {"uv": [5.125, 7.875, 5, 7.75], "texture": "#0"},
				"down": {"uv": [7.875, 5, 7.75, 5.125], "texture": "#0"}
			}
		}
	],
	"display": {
		"thirdperson_righthand": {
			"rotation": [-5, 180, 0],
			"translation": [0, 1, 0],
			"scale": [0.1, 0.1, 0.1]
		},
		"thirdperson_lefthand": {
			"rotation": [5, -180, 0],
			"translation": [-12, 0, 1],
			"scale": [0.1, 0.1, 0.1]
		},
		"firstperson_righthand": {
			"rotation": [65, 0, 0],
			"translation": [2, 3.75, 0],
			"scale": [0.2, 0.1, 0.2]
		},
		"firstperson_lefthand": {
			"rotation": [65, 0, 0],
			"translation": [0, 3.75, 0],
			"scale": [0.2, 0.1, 0.2]
		},
		"ground": {
			"rotation": [90, 0, 0],
			"translation": [0, 2.75, 2.75],
			"scale": [0.4, 0.4, 0.4]
		},
		"gui": {
			"rotation": [90, 0, 0],
			"scale": [0.45, 1, 0.45]
		},
		"head": {
			"translation": [-2, 0, -3.5],
			"scale": [0, 0, 0]
		},
		"fixed": {
			"rotation": [-90, 180, 0],
			"translation": [0, 0, -4.25],
			"scale": [0.5, 0.5, 0.5]
		}
	}
}